fact_id,report_id,ticker,inn,company_name,fiscal_year,period,period_type,reporting_standard,statement_type,line_item_raw,line_item_std,value_raw,value_normalized,currency,unit_type,unit_multiplier,is_calculated,formula,source_page,source_table_id,source_url,source_name,source_type,source_priority,is_legacy_data,extraction_method,confidence_score,quality_score,validation_status,created_at,year_status,selected_reason
d481d2fc04bcad1757ca183626201db37189d15f,0e93836a01a92a1728e217312c0b59b813a15542,SBER,7707083893.0,Sber,2020,2020H1,interim,IFRS,income_statement,Operating income,revenue,708.2,708200000000.0,RUB,currency,1000000000,False,,pdftotext lines 169-219,Interim consolidated statement of profit or loss,https://www.sberbank.com/common/img/uploaded/files/info/en/sberbank_ifrs_6m2020_eng.pdf,official_ifrs_verified_seed,official_ifrs,2,False,verified_seed,0.98,96,verified_seed,2026-06-28T02:51:04+00:00,stale,verified_official_ifrs_seed
6d1bcdc4d2c188117aae3d2c0ae50a29f95f898c,0e93836a01a92a1728e217312c0b59b813a15542,SBER,7707083893.0,Sber,2020,2020H1,interim,IFRS,income_statement,Profit for the period,net_income,287.2,287200000000.0,RUB,currency,1000000000,False,,pdftotext lines 169-219,Interim consolidated statement of profit or loss,https://www.sberbank.com/common/img/uploaded/files/info/en/sberbank_ifrs_6m2020_eng.pdf,official_ifrs_verified_seed,official_ifrs,2,False,verified_seed,0.98,96,verified_seed,2026-06-28T02:51:04+00:00,stale,verified_official_ifrs_seed
e0f958503a6af0a1158dc0846ce39ff688330e4f,0e93836a01a92a1728e217312c0b59b813a15542,SBER,7707083893.0,Sber,2020,2020H1,interim,IFRS,balance_sheet,TOTAL ASSETS,total_assets,32383.4,32383400000000.0,RUB,currency,1000000000,False,,pdftotext lines 114-151,Interim consolidated statement of financial position,https://www.sberbank.com/common/img/uploaded/files/info/en/sberbank_ifrs_6m2020_eng.pdf,official_ifrs_verified_seed,official_ifrs,2,False,verified_seed,0.98,96,verified_seed,2026-06-28T02:51:04+00:00,stale,verified_official_ifrs_seed
ccbc47be23b35dbfbcc2f0bf93545c77ec3a7619,0e93836a01a92a1728e217312c0b59b813a15542,SBER,7707083893.0,Sber,2020,2020H1,interim,IFRS,balance_sheet,TOTAL EQUITY,total_equity,4827.6,4827600000000.0,RUB,currency,1000000000,False,,pdftotext lines 114-151,Interim consolidated statement of financial position,https://www.sberbank.com/common/img/uploaded/files/info/en/sberbank_ifrs_6m2020_eng.pdf,official_ifrs_verified_seed,official_ifrs,2,False,verified_seed,0.98,96,verified_seed,2026-06-28T02:51:04+00:00,stale,verified_official_ifrs_seed
671beb9112ce59aa24e10c56b518e2c1f4b0985c,0e93836a01a92a1728e217312c0b59b813a15542,SBER,7707083893.0,Sber,2020,2020H1,interim,IFRS,balance_sheet,Debt securities in issue + Other borrowed funds + Subordinated debt,total_debt,809.1+22.1+647.5,1478700000000.0,RUB,currency,1000000000,True,809.1 + 22.1 + 647.5,pdftotext lines 132-142,Interim consolidated statement of financial position,https://www.sberbank.com/common/img/uploaded/files/info/en/sberbank_ifrs_6m2020_eng.pdf,official_ifrs_verified_seed,official_ifrs,2,False,verified_seed,0.98,96,verified_seed,2026-06-28T02:51:04+00:00,stale,verified_official_ifrs_seed
a5e0ca411189c2882e4043a49a0ac012d2b20d26,0e93836a01a92a1728e217312c0b59b813a15542,SBER,7707083893.0,Sber,2020,2020H1,interim,IFRS,balance_sheet,Cash and cash equivalents,cash_and_equivalents,2567.4,2567400000000.0,RUB,currency,1000000000,False,,pdftotext lines 114-151,Interim consolidated statement of financial position,https://www.sberbank.com/common/img/uploaded/files/info/en/sberbank_ifrs_6m2020_eng.pdf,official_ifrs_verified_seed,official_ifrs,2,False,verified_seed,0.98,96,verified_seed,2026-06-28T02:51:04+00:00,stale,verified_official_ifrs_seed
8ff604ae5fb96c6f96c9c797700d86c9e2c2fdda,0e93836a01a92a1728e217312c0b59b813a15542,SBER,7707083893.0,Sber,2020,2020H1,interim,IFRS,cash_flow,Net cash from operating activities,operating_cash_flow,460.8,460800000000.0,RUB,currency,1000000000,False,,pdftotext lines 327-370,Interim consolidated statement of cash flows,https://www.sberbank.com/common/img/uploaded/files/info/en/sberbank_ifrs_6m2020_eng.pdf,official_ifrs_verified_seed,official_ifrs,2,False,verified_seed,0.98,96,verified_seed,2026-06-28T02:51:04+00:00,stale,verified_official_ifrs_seed
fdb6be64b4fa5750f292c6ec12bf512cbebc6d68,0e93836a01a92a1728e217312c0b59b813a15542,SBER,7707083893.0,Sber,2020,2020H1,interim,IFRS,cash_flow,"Acquisition of premises, equipment and intangible assets",capex,(64.1),-64099999999.99999,RUB,currency,1000000000,False,,pdftotext lines 376-390,Interim consolidated statement of cash flows,https://www.sberbank.com/common/img/uploaded/files/info/en/sberbank_ifrs_6m2020_eng.pdf,official_ifrs_verified_seed,official_ifrs,2,False,verified_seed,0.98,96,verified_seed,2026-06-28T02:51:04+00:00,stale,verified_official_ifrs_seed
751182f339453dcb85a4fef3b7f2d867780bc020,0e93836a01a92a1728e217312c0b59b813a15542,SBER,7707083893.0,Sber,2020,2020H1,interim,IFRS,cash_flow,Net cash from operating activities + capex,free_cash_flow,460.8-64.1,396700000000.0,RUB,currency,1000000000,True,460.8 + (-64.1),pdftotext lines 327-390,calculated from cash flow statement,https://www.sberbank.com/common/img/uploaded/files/info/en/sberbank_ifrs_6m2020_eng.pdf,official_ifrs_verified_seed,official_ifrs,2,False,verified_seed,0.98,96,verified_seed,2026-06-28T02:51:04+00:00,stale,verified_official_ifrs_seed
ab8f569987f41bb2964a400ab739ba2e6310a5b7,0e93836a01a92a1728e217312c0b59b813a15542,SBER,7707083893.0,Sber,2020,2020H1,interim,IFRS,cash_flow,Dividends paid,dividends_paid,(1.6),1600000000.0,RUB,currency,1000000000,False,,pdftotext lines 391-399,Interim consolidated statement of cash flows,https://www.sberbank.com/common/img/uploaded/files/info/en/sberbank_ifrs_6m2020_eng.pdf,official_ifrs_verified_seed,official_ifrs,2,False,verified_seed,0.98,96,verified_seed,2026-06-28T02:51:04+00:00,stale,verified_official_ifrs_seed
cc53c4a595f292e617c23e7cf8ad1eb26867cb95,965e25a0d23a0527d4ebf0ccb48fa3a5585a08ad,LKOH,7708004767.0,Lukoil,2021,2021,annual,IFRS,income_statement,Sales including excise and export tariffs,revenue,9435143,9435143000000.0,RUB,currency,1000000,False,,pdftotext lines 75-99,Consolidated statement of profit or loss,https://www.lukoil.com/FileSystem/9/577500.pdf?dl=1,official_ifrs_verified_seed,official_ifrs,2,False,verified_seed,0.98,96,verified_seed,2026-06-28T02:51:04+00:00,stale,verified_official_ifrs_seed
1d1dbbb0b41b501c2ca20cbf7c03349066f386af,965e25a0d23a0527d4ebf0ccb48fa3a5585a08ad,LKOH,7708004767.0,Lukoil,2021,2021,annual,IFRS,income_statement,Profit for the year,net_income,775513,775513000000.0,RUB,currency,1000000,False,,pdftotext lines 75-99,Consolidated statement of profit or loss,https://www.lukoil.com/FileSystem/9/577500.pdf?dl=1,official_ifrs_verified_seed,official_ifrs,2,False,verified_seed,0.98,96,verified_seed,2026-06-28T02:51:04+00:00,stale,verified_official_ifrs_seed
266fb7d2af66d9976f2edbc3ce86a0be432d9965,965e25a0d23a0527d4ebf0ccb48fa3a5585a08ad,LKOH,7708004767.0,Lukoil,2021,2021,annual,IFRS,balance_sheet,Total assets,total_assets,6864749,6864749000000.0,RUB,currency,1000000,False,,pdftotext lines 16-59,Consolidated statement of financial position,https://www.lukoil.com/FileSystem/9/577500.pdf?dl=1,official_ifrs_verified_seed,official_ifrs,2,False,verified_seed,0.98,96,verified_seed,2026-06-28T02:51:04+00:00,stale,verified_official_ifrs_seed
38eb00b4100a75625948a5d9b6b3d5d8c717c62c,965e25a0d23a0527d4ebf0ccb48fa3a5585a08ad,LKOH,7708004767.0,Lukoil,2021,2021,annual,IFRS,balance_sheet,Total equity,total_equity,4523184,4523184000000.0,RUB,currency,1000000,False,,pdftotext lines 16-59,Consolidated statement of financial position,https://www.lukoil.com/FileSystem/9/577500.pdf?dl=1,official_ifrs_verified_seed,official_ifrs,2,False,verified_seed,0.98,96,verified_seed,2026-06-28T02:51:04+00:00,stale,verified_official_ifrs_seed
16a4cfa51f8c8e67236305bc95d7cc8ca650b336,965e25a0d23a0527d4ebf0ccb48fa3a5585a08ad,LKOH,7708004767.0,Lukoil,2021,2021,annual,IFRS,balance_sheet,Total debt,total_debt,757950,757950000000.0,RUB,currency,1000000,False,,pdftotext lines 2506-2511,Net debt table,https://www.lukoil.com/FileSystem/9/577500.pdf?dl=1,official_ifrs_verified_seed,official_ifrs,2,False,verified_seed,0.98,96,verified_seed,2026-06-28T02:51:04+00:00,stale,verified_official_ifrs_seed
46aa99c5ca9caf5a1827cc922b085332d82d6fea,965e25a0d23a0527d4ebf0ccb48fa3a5585a08ad,LKOH,7708004767.0,Lukoil,2021,2021,annual,IFRS,balance_sheet,Cash and cash equivalents,cash_and_equivalents,677482,677482000000.0,RUB,currency,1000000,False,,pdftotext lines 16-35,Consolidated statement of financial position,https://www.lukoil.com/FileSystem/9/577500.pdf?dl=1,official_ifrs_verified_seed,official_ifrs,2,False,verified_seed,0.98,96,verified_seed,2026-06-28T02:51:04+00:00,stale,verified_official_ifrs_seed
c4dc5a8c860d4938740ab3316b0dc7b537818f38,965e25a0d23a0527d4ebf0ccb48fa3a5585a08ad,LKOH,7708004767.0,Lukoil,2021,2021,annual,IFRS,cash_flow,Net cash provided by operating activities,operating_cash_flow,1126614,1126614000000.0,RUB,currency,1000000,False,,pdftotext lines 172-200,Consolidated statement of cash flows,https://www.lukoil.com/FileSystem/9/577500.pdf?dl=1,official_ifrs_verified_seed,official_ifrs,2,False,verified_seed,0.98,96,verified_seed,2026-06-28T02:51:04+00:00,stale,verified_official_ifrs_seed
d5c08e3fa1a4a170899a35faee305af064bae7e1,965e25a0d23a0527d4ebf0ccb48fa3a5585a08ad,LKOH,7708004767.0,Lukoil,2021,2021,annual,IFRS,cash_flow,Capital expenditures,capex,-433042,-433042000000.0,RUB,currency,1000000,False,,pdftotext lines 201-204,Consolidated statement of cash flows,https://www.lukoil.com/FileSystem/9/577500.pdf?dl=1,official_ifrs_verified_seed,official_ifrs,2,False,verified_seed,0.98,96,verified_seed,2026-06-28T02:51:04+00:00,stale,verified_official_ifrs_seed
c4fe613292facf23fb9535cccbadb3a26c0f5bd4,965e25a0d23a0527d4ebf0ccb48fa3a5585a08ad,LKOH,7708004767.0,Lukoil,2021,2021,annual,IFRS,cash_flow,Net cash provided by operating activities + capex,free_cash_flow,693572,693572000000.0,RUB,currency,1000000,True,1126614 + (-433042),pdftotext lines 172-204,calculated from cash flow statement,https://www.lukoil.com/FileSystem/9/577500.pdf?dl=1,official_ifrs_verified_seed,official_ifrs,2,False,verified_seed,0.98,96,verified_seed,2026-06-28T02:51:04+00:00,stale,verified_official_ifrs_seed
3d6e3bd823fad7385769a4d02fcc19de6824f389,965e25a0d23a0527d4ebf0ccb48fa3a5585a08ad,LKOH,7708004767.0,Lukoil,2021,2021,annual,IFRS,cash_flow,Dividends paid on Company common shares,dividends_paid,357672,357672000000.0,RUB,currency,1000000,False,,pdftotext lines 212-219,Consolidated statement of cash flows,https://www.lukoil.com/FileSystem/9/577500.pdf?dl=1,official_ifrs_verified_seed,official_ifrs,2,False,verified_seed,0.98,96,verified_seed,2026-06-28T02:51:04+00:00,stale,verified_official_ifrs_seed
cf48bbc7f221d31706f1ced9163c85a39b5b3265,3fd18dae13cfcad7c70ead8a1c4e101d78c63d26,PHOR,7726030449.0,PhosAgro,2025,2025,annual,IFRS,income_statement,Revenues,revenue,573628,573628000000.0,RUB,currency,1000000,False,,pdftotext lines 270-293,Consolidated statement of profit or loss,https://cdn.phosagro.com/upload/iblock/92d/j3831nr7hhuejv3w2m888g075kwfw3px.pdf,official_ifrs_verified_seed,official_ifrs,2,False,verified_seed,0.98,96,verified_seed,2026-06-28T02:51:04+00:00,newer_than_target,verified_official_ifrs_seed
e311b962d0df715423f279832c6f0ff34b07800d,3fd18dae13cfcad7c70ead8a1c4e101d78c63d26,PHOR,7726030449.0,PhosAgro,2025,2025,annual,IFRS,income_statement,Profit for the year,net_income,114243,114243000000.0,RUB,currency,1000000,False,,pdftotext lines 270-293,Consolidated statement of profit or loss,https://cdn.phosagro.com/upload/iblock/92d/j3831nr7hhuejv3w2m888g075kwfw3px.pdf,official_ifrs_verified_seed,official_ifrs,2,False,verified_seed,0.98,96,verified_seed,2026-06-28T02:51:04+00:00,newer_than_target,verified_official_ifrs_seed
48ee9c3ce0ddda3f9a4b18dabb7cccc7010dc847,3fd18dae13cfcad7c70ead8a1c4e101d78c63d26,PHOR,7726030449.0,PhosAgro,2025,2025,annual,IFRS,balance_sheet,Total assets,total_assets,663888,663888000000.0,RUB,currency,1000000,False,,pdftotext lines 327-377,Consolidated statement of financial position,https://cdn.phosagro.com/upload/iblock/92d/j3831nr7hhuejv3w2m888g075kwfw3px.pdf,official_ifrs_verified_seed,official_ifrs,2,False,verified_seed,0.98,96,verified_seed,2026-06-28T02:51:04+00:00,newer_than_target,verified_official_ifrs_seed
d022a53b942c931d3a7eff005fd25068fb4564b8,3fd18dae13cfcad7c70ead8a1c4e101d78c63d26,PHOR,7726030449.0,PhosAgro,2025,2025,annual,IFRS,balance_sheet,Total equity,total_equity,239793,239793000000.0,RUB,currency,1000000,False,,pdftotext lines 349-358,Consolidated statement of financial position,https://cdn.phosagro.com/upload/iblock/92d/j3831nr7hhuejv3w2m888g075kwfw3px.pdf,official_ifrs_verified_seed,official_ifrs,2,False,verified_seed,0.98,96,verified_seed,2026-06-28T02:51:04+00:00,newer_than_target,verified_official_ifrs_seed
b9478eca6b9029fc89f7726aaa8296c3cc718296,3fd18dae13cfcad7c70ead8a1c4e101d78c63d26,PHOR,7726030449.0,PhosAgro,2025,2025,annual,IFRS,balance_sheet,Loans and bonds non-current + current,total_debt,328777,328777000000.0,RUB,currency,1000000,True,119062 + 209715,pdftotext lines 360-368,Consolidated statement of financial position,https://cdn.phosagro.com/upload/iblock/92d/j3831nr7hhuejv3w2m888g075kwfw3px.pdf,official_ifrs_verified_seed,official_ifrs,2,False,verified_seed,0.98,96,verified_seed,2026-06-28T02:51:04+00:00,newer_than_target,verified_official_ifrs_seed
897c1b1d6162aa0ec8bbe771a917fd7a043d863a,3fd18dae13cfcad7c70ead8a1c4e101d78c63d26,PHOR,7726030449.0,PhosAgro,2025,2025,annual,IFRS,balance_sheet,Cash and cash equivalents,cash_and_equivalents,14681,14681000000.0,RUB,currency,1000000,False,,pdftotext lines 338-347,Consolidated statement of financial position,https://cdn.phosagro.com/upload/iblock/92d/j3831nr7hhuejv3w2m888g075kwfw3px.pdf,official_ifrs_verified_seed,official_ifrs,2,False,verified_seed,0.98,96,verified_seed,2026-06-28T02:51:04+00:00,newer_than_target,verified_official_ifrs_seed
b190848ba050da4275d77390b786fda33f7702d2,3fd18dae13cfcad7c70ead8a1c4e101d78c63d26,PHOR,7726030449.0,PhosAgro,2025,2025,annual,IFRS,cash_flow,Cash flows from operating activities,operating_cash_flow,93114,93114000000.0,RUB,currency,1000000,False,,pdftotext lines 385-404,Consolidated statement of cash flows,https://cdn.phosagro.com/upload/iblock/92d/j3831nr7hhuejv3w2m888g075kwfw3px.pdf,official_ifrs_verified_seed,official_ifrs,2,False,verified_seed,0.98,96,verified_seed,2026-06-28T02:51:04+00:00,newer_than_target,verified_official_ifrs_seed
48f2babbb92266751e03345e4324e85e2e6da1c4,3fd18dae13cfcad7c70ead8a1c4e101d78c63d26,PHOR,7726030449.0,PhosAgro,2025,2025,annual,IFRS,cash_flow,"Acquisition of property, plant and equipment and intangible assets",capex,-67296,-67296000000.0,RUB,currency,1000000,False,,pdftotext lines 406-410,Consolidated statement of cash flows,https://cdn.phosagro.com/upload/iblock/92d/j3831nr7hhuejv3w2m888g075kwfw3px.pdf,official_ifrs_verified_seed,official_ifrs,2,False,verified_seed,0.98,96,verified_seed,2026-06-28T02:51:04+00:00,newer_than_target,verified_official_ifrs_seed
4a3d4df619148a9f0e7b7d3d7d0fe59e77d6ddfa,3fd18dae13cfcad7c70ead8a1c4e101d78c63d26,PHOR,7726030449.0,PhosAgro,2025,2025,annual,IFRS,cash_flow,Cash flows from operating activities + capex,free_cash_flow,25818,25818000000.0,RUB,currency,1000000,True,93114 + (-67296),pdftotext lines 385-410,calculated from cash flow statement,https://cdn.phosagro.com/upload/iblock/92d/j3831nr7hhuejv3w2m888g075kwfw3px.pdf,official_ifrs_verified_seed,official_ifrs,2,False,verified_seed,0.98,96,verified_seed,2026-06-28T02:51:04+00:00,newer_than_target,verified_official_ifrs_seed
5369b804435db5962d6d6ba72b19117be51ddbd4,3fd18dae13cfcad7c70ead8a1c4e101d78c63d26,PHOR,7726030449.0,PhosAgro,2025,2025,annual,IFRS,cash_flow,Dividends paid to shareholders of the Company,dividends_paid,46620,46620000000.0,RUB,currency,1000000,False,,pdftotext lines 418-421,Consolidated statement of cash flows,https://cdn.phosagro.com/upload/iblock/92d/j3831nr7hhuejv3w2m888g075kwfw3px.pdf,official_ifrs_verified_seed,official_ifrs,2,False,verified_seed,0.98,96,verified_seed,2026-06-28T02:51:04+00:00,newer_than_target,verified_official_ifrs_seed
cbafa54f4e58cf7776ec75a8de43d10a61ea3304,15150d9e752e59e18b99e0ec0a2fefde5161297b,MOEX,7702077840.0,Moscow Exchange,2025,2025,annual,IFRS,income_statement,Fee and commission income + net interest and other finance income + other operating income,revenue,129041.2,129041200000.0,RUB,currency,1000000,True,78655.3 + 50009.8 + 376.1,pdftotext lines 1935-1937,Segment revenue / operating income notes,https://fs.moex.com/f/23629/summary-micex-rts-fs-fs-4q2025-eng.pdf,official_ifrs_verified_seed,official_ifrs,2,False,verified_seed,0.98,96,verified_seed,2026-06-28T02:51:04+00:00,newer_than_target,verified_official_ifrs_seed
2aa666a3b17bed631e94a35271cc4d14a1db715b,15150d9e752e59e18b99e0ec0a2fefde5161297b,MOEX,7702077840.0,Moscow Exchange,2025,2025,annual,IFRS,income_statement,Net profit,net_income,59390.7,59390700000.0,RUB,currency,1000000,False,,pdftotext lines 121-129,Summary consolidated statement of comprehensive income,https://fs.moex.com/f/23629/summary-micex-rts-fs-fs-4q2025-eng.pdf,official_ifrs_verified_seed,official_ifrs,2,False,verified_seed,0.98,96,verified_seed,2026-06-28T02:51:04+00:00,newer_than_target,verified_official_ifrs_seed
ce700a9c1f6a87851042c201862702e8a05a16e3,15150d9e752e59e18b99e0ec0a2fefde5161297b,MOEX,7702077840.0,Moscow Exchange,2025,2025,annual,IFRS,balance_sheet,Total assets,total_assets,13027819.1,13027819100000.0,RUB,currency,1000000,False,,pdftotext lines 155-198,Summary consolidated statement of financial position,https://fs.moex.com/f/23629/summary-micex-rts-fs-fs-4q2025-eng.pdf,official_ifrs_verified_seed,official_ifrs,2,False,verified_seed,0.98,96,verified_seed,2026-06-28T02:51:04+00:00,newer_than_target,verified_official_ifrs_seed
19f0dce238e572816dcea0d9bba7ed73e711ef69,15150d9e752e59e18b99e0ec0a2fefde5161297b,MOEX,7702077840.0,Moscow Exchange,2025,2025,annual,IFRS,balance_sheet,Total equity,total_equity,269569.2,269569200000.0,RUB,currency,1000000,False,,pdftotext lines 187-196,Summary consolidated statement of financial position,https://fs.moex.com/f/23629/summary-micex-rts-fs-fs-4q2025-eng.pdf,official_ifrs_verified_seed,official_ifrs,2,False,verified_seed,0.98,96,verified_seed,2026-06-28T02:51:04+00:00,newer_than_target,verified_official_ifrs_seed
5638b9c6e0c31761cfe2815b6e3b4b97d9044303,15150d9e752e59e18b99e0ec0a2fefde5161297b,MOEX,7702077840.0,Moscow Exchange,2025,2025,annual,IFRS,balance_sheet,Due to financial institutions,total_debt,21574.8,21574800000.0,RUB,currency,1000000,False,,pdftotext lines 177-185,Summary consolidated statement of financial position,https://fs.moex.com/f/23629/summary-micex-rts-fs-fs-4q2025-eng.pdf,official_ifrs_verified_seed,official_ifrs,2,False,verified_seed,0.98,96,verified_seed,2026-06-28T02:51:04+00:00,newer_than_target,verified_official_ifrs_seed
2ddc3d88afbaad05f121a387a32ffb08fe9b2702,15150d9e752e59e18b99e0ec0a2fefde5161297b,MOEX,7702077840.0,Moscow Exchange,2025,2025,annual,IFRS,balance_sheet,Cash and cash equivalents,cash_and_equivalents,691623.3,691623300000.0,RUB,currency,1000000,False,,pdftotext lines 160-175,Summary consolidated statement of financial position,https://fs.moex.com/f/23629/summary-micex-rts-fs-fs-4q2025-eng.pdf,official_ifrs_verified_seed,official_ifrs,2,False,verified_seed,0.98,96,verified_seed,2026-06-28T02:51:04+00:00,newer_than_target,verified_official_ifrs_seed
92fbe64f7772747c379a19e3b731b2bc06dbe477,15150d9e752e59e18b99e0ec0a2fefde5161297b,MOEX,7702077840.0,Moscow Exchange,2025,2025,annual,IFRS,cash_flow,Cash flows from operating activities,operating_cash_flow,111148.6,111148600000.0,RUB,currency,1000000,False,,pdftotext lines 212-245,Summary consolidated statement of cash flows,https://fs.moex.com/f/23629/summary-micex-rts-fs-fs-4q2025-eng.pdf,official_ifrs_verified_seed,official_ifrs,2,False,verified_seed,0.98,96,verified_seed,2026-06-28T02:51:04+00:00,newer_than_target,verified_official_ifrs_seed
405fc9fccb9d97b0d496b1a71278c34c5c009956,15150d9e752e59e18b99e0ec0a2fefde5161297b,MOEX,7702077840.0,Moscow Exchange,2025,2025,annual,IFRS,cash_flow,Purchase of property and equipment and intangible assets,capex,-13567.4,-13567400000.0,RUB,currency,1000000,False,,pdftotext lines 260-267,Summary consolidated statement of cash flows,https://fs.moex.com/f/23629/summary-micex-rts-fs-fs-4q2025-eng.pdf,official_ifrs_verified_seed,official_ifrs,2,False,verified_seed,0.98,96,verified_seed,2026-06-28T02:51:04+00:00,newer_than_target,verified_official_ifrs_seed
31fae7d50c42471d049e1ac2e0b89f23e888d8a5,15150d9e752e59e18b99e0ec0a2fefde5161297b,MOEX,7702077840.0,Moscow Exchange,2025,2025,annual,IFRS,cash_flow,Cash flows from operating activities + capex,free_cash_flow,97581.2,97581200000.0,RUB,currency,1000000,True,111148.6 + (-13567.4),pdftotext lines 212-267,calculated from cash flow statement,https://fs.moex.com/f/23629/summary-micex-rts-fs-fs-4q2025-eng.pdf,official_ifrs_verified_seed,official_ifrs,2,False,verified_seed,0.98,96,verified_seed,2026-06-28T02:51:04+00:00,newer_than_target,verified_official_ifrs_seed
6d525619f7a731b7d7c4b7cffb82217413b37f71,15150d9e752e59e18b99e0ec0a2fefde5161297b,MOEX,7702077840.0,Moscow Exchange,2025,2025,annual,IFRS,cash_flow,Dividends paid,dividends_paid,59107.3,59107300000.0,RUB,currency,1000000,False,,pdftotext lines 273-274,Summary consolidated statement of cash flows,https://fs.moex.com/f/23629/summary-micex-rts-fs-fs-4q2025-eng.pdf,official_ifrs_verified_seed,official_ifrs,2,False,verified_seed,0.98,96,verified_seed,2026-06-28T02:51:04+00:00,newer_than_target,verified_official_ifrs_seed
7c772a60b74824b1732d3e763936755c575eaff7,51b944a534af999f52b9c249d7223dc350780e15,CHMF,3528000597.0,Severstal,2021,2021,annual,IFRS,income_statement,Revenue,revenue,11638,11638000000.0,USD,currency,1000000,False,,xlsx PL row 9 col 53,Severstal financial and operational databook PL 12M 2021,https://severstal.com/upload/iblock/e1d/Financial_and_Operating_data_SVST_4Q_21.xlsx,official_ifrs_verified_seed,official_ifrs,2,False,verified_seed,0.98,96,verified_seed,2026-06-28T02:51:04+00:00,stale,verified_official_ifrs_seed
2a4dd51891a47e755e98d270a9f6ef41b1282171,51b944a534af999f52b9c249d7223dc350780e15,CHMF,3528000597.0,Severstal,2021,2021,annual,IFRS,income_statement,Profit/(loss) for the period,net_income,4075,4075000000.0,USD,currency,1000000,False,,xlsx PL row 34 col 53,Severstal financial and operational databook PL 12M 2021,https://severstal.com/upload/iblock/e1d/Financial_and_Operating_data_SVST_4Q_21.xlsx,official_ifrs_verified_seed,official_ifrs,2,False,verified_seed,0.98,96,verified_seed,2026-06-28T02:51:04+00:00,stale,verified_official_ifrs_seed
8ae92fe9465cfddc895c62c372c6bd50069b3263,51b944a534af999f52b9c249d7223dc350780e15,CHMF,3528000597.0,Severstal,2021,2021,annual,IFRS,balance_sheet,TOTAL ASSETS,total_assets,8668,8668000000.0,USD,currency,1000000,False,,xlsx BS row 33 col 28,Severstal financial and operational databook BS Q4 2021,https://severstal.com/upload/iblock/e1d/Financial_and_Operating_data_SVST_4Q_21.xlsx,official_ifrs_verified_seed,official_ifrs,2,False,verified_seed,0.98,96,verified_seed,2026-06-28T02:51:04+00:00,stale,verified_official_ifrs_seed
04a2778d010611c7b0bebe3020459f80cf0c5c1e,51b944a534af999f52b9c249d7223dc350780e15,CHMF,3528000597.0,Severstal,2021,2021,annual,IFRS,balance_sheet,Total equity,total_equity,4209,4209000000.0,USD,currency,1000000,False,,xlsx BS row 66 col 28,Severstal financial and operational databook BS Q4 2021,https://severstal.com/upload/iblock/e1d/Financial_and_Operating_data_SVST_4Q_21.xlsx,official_ifrs_verified_seed,official_ifrs,2,False,verified_seed,0.98,96,verified_seed,2026-06-28T02:51:04+00:00,stale,verified_official_ifrs_seed
f8191ea95bbd7c77b1168bd6c9396561b696dff6,51b944a534af999f52b9c249d7223dc350780e15,CHMF,3528000597.0,Severstal,2021,2021,annual,IFRS,balance_sheet,Short-term debt finance + Long-term debt finance,total_debt,1816,1816000000.0,USD,currency,1000000,True,681 + 1135,xlsx BS rows 41 and 50 col 28,Severstal financial and operational databook BS Q4 2021,https://severstal.com/upload/iblock/e1d/Financial_and_Operating_data_SVST_4Q_21.xlsx,official_ifrs_verified_seed,official_ifrs,2,False,verified_seed,0.98,96,verified_seed,2026-06-28T02:51:04+00:00,stale,verified_official_ifrs_seed
2625f1b59c598ab62d28922e8a534ba0f318b427,51b944a534af999f52b9c249d7223dc350780e15,CHMF,3528000597.0,Severstal,2021,2021,annual,IFRS,balance_sheet,Cash and cash equivalents,cash_and_equivalents,418,418000000.0,USD,currency,1000000,False,,xlsx BS row 11 col 28,Severstal financial and operational databook BS Q4 2021,https://severstal.com/upload/iblock/e1d/Financial_and_Operating_data_SVST_4Q_21.xlsx,official_ifrs_verified_seed,official_ifrs,2,False,verified_seed,0.98,96,verified_seed,2026-06-28T02:51:04+00:00,stale,verified_official_ifrs_seed
498c04cc353a3745344d78bd45160dbd923d9de9,51b944a534af999f52b9c249d7223dc350780e15,CHMF,3528000597.0,Severstal,2021,2021,annual,IFRS,cash_flow,Net cash from operating activities,operating_cash_flow,4676,4676000000.0,USD,currency,1000000,False,,xlsx CF row 37 col 53,Severstal financial and operational databook CF 12M 2021,https://severstal.com/upload/iblock/e1d/Financial_and_Operating_data_SVST_4Q_21.xlsx,official_ifrs_verified_seed,official_ifrs,2,False,verified_seed,0.98,96,verified_seed,2026-06-28T02:51:04+00:00,stale,verified_official_ifrs_seed
f66479ea215a4cbc4270953f6b8cbc0acc479e57,51b944a534af999f52b9c249d7223dc350780e15,CHMF,3528000597.0,Severstal,2021,2021,annual,IFRS,cash_flow,"Additions to property, plant and equipment",capex,-1068,-1068000000.0,USD,currency,1000000,False,,xlsx CF row 40 col 53,Severstal financial and operational databook CF 12M 2021,https://severstal.com/upload/iblock/e1d/Financial_and_Operating_data_SVST_4Q_21.xlsx,official_ifrs_verified_seed,official_ifrs,2,False,verified_seed,0.98,96,verified_seed,2026-06-28T02:51:04+00:00,stale,verified_official_ifrs_seed
ab74d643f0c04a406d689c844c9e9b056e7a3ead,51b944a534af999f52b9c249d7223dc350780e15,CHMF,3528000597.0,Severstal,2021,2021,annual,IFRS,cash_flow,Free Cash Flow,free_cash_flow,3539,3539000000.0,USD,currency,1000000,False,,xlsx CF row 71 col 53,Severstal financial and operational databook CF 12M 2021,https://severstal.com/upload/iblock/e1d/Financial_and_Operating_data_SVST_4Q_21.xlsx,official_ifrs_verified_seed,official_ifrs,2,False,verified_seed,0.98,96,verified_seed,2026-06-28T02:51:04+00:00,stale,verified_official_ifrs_seed
0f3d3cdb15a40a5c938a1f6feb9fedbc36bc7f16,51b944a534af999f52b9c249d7223dc350780e15,CHMF,3528000597.0,Severstal,2021,2021,annual,IFRS,cash_flow,Dividends paid,dividends_paid,2912,2912000000.0,USD,currency,1000000,False,,xlsx CF row 58 col 53,Severstal financial and operational databook CF 12M 2021,https://severstal.com/upload/iblock/e1d/Financial_and_Operating_data_SVST_4Q_21.xlsx,official_ifrs_verified_seed,official_ifrs,2,False,verified_seed,0.98,96,verified_seed,2026-06-28T02:51:04+00:00,stale,verified_official_ifrs_seed
9b6bd117da9b327a9ef648cf7c778f55a1b8d7a5,ea0cac33b79f3eae8e405e05b43da45e1aa93c4d,PLZL,,Polyus,2024,2024,annual,IFRS,income_statement,Total revenue,revenue,7343,7343000000.0,USD,currency,1000000,False,,pdftotext lines 300-540,Polyus published consolidated financial statements 2024,https://polyus.com/en/investors/results-and-reports/,official_ifrs_verified_seed,official_ifrs,2,False,verified_seed,0.98,96,verified_seed,2026-06-28T08:55:00+00:00,current_2024,verified_official_ifrs_seed
0ca514bb983c31cd0cd20e783114ce1c0457795c,ea0cac33b79f3eae8e405e05b43da45e1aa93c4d,PLZL,,Polyus,2024,2024,annual,IFRS,income_statement,Profit for the year,net_income,3214,3214000000.0,USD,currency,1000000,False,,pdftotext lines 300-540,Polyus published consolidated financial statements 2024,https://polyus.com/en/investors/results-and-reports/,official_ifrs_verified_seed,official_ifrs,2,False,verified_seed,0.98,96,verified_seed,2026-06-28T08:55:00+00:00,current_2024,verified_official_ifrs_seed
35efb02adba68a72cf2306cc2b9f1cbd3cbc53d0,ea0cac33b79f3eae8e405e05b43da45e1aa93c4d,PLZL,,Polyus,2024,2024,annual,IFRS,balance_sheet,Total assets,total_assets,11329,11329000000.0,USD,currency,1000000,False,,pdftotext lines 300-540,Polyus published consolidated financial statements 2024,https://polyus.com/en/investors/results-and-reports/,official_ifrs_verified_seed,official_ifrs,2,False,verified_seed,0.98,96,verified_seed,2026-06-28T08:55:00+00:00,current_2024,verified_official_ifrs_seed
1de0e30263906abd5be217193d6332f649c60344,ea0cac33b79f3eae8e405e05b43da45e1aa93c4d,PLZL,,Polyus,2024,2024,annual,IFRS,balance_sheet,Total equity,total_equity,1249,1249000000.0,USD,currency,1000000,False,,pdftotext lines 300-540,Polyus published consolidated financial statements 2024,https://polyus.com/en/investors/results-and-reports/,official_ifrs_verified_seed,official_ifrs,2,False,verified_seed,0.98,96,verified_seed,2026-06-28T08:55:00+00:00,current_2024,verified_official_ifrs_seed
ab22a6e40ce980f92f5d66d27958aa855256a654,ea0cac33b79f3eae8e405e05b43da45e1aa93c4d,PLZL,,Polyus,2024,2024,annual,IFRS,balance_sheet,Borrowings non-current + current,total_debt,8653,8653000000.0,USD,currency,1000000,True,8537 + 116,pdftotext lines 300-540,Polyus published consolidated financial statements 2024,https://polyus.com/en/investors/results-and-reports/,official_ifrs_verified_seed,official_ifrs,2,False,verified_seed,0.98,96,verified_seed,2026-06-28T08:55:00+00:00,current_2024,verified_official_ifrs_seed
a56db0631b89acea5bfc19f58b000fe8bbe14efe,ea0cac33b79f3eae8e405e05b43da45e1aa93c4d,PLZL,,Polyus,2024,2024,annual,IFRS,balance_sheet,Cash and cash equivalents,cash_and_equivalents,1577,1577000000.0,USD,currency,1000000,False,,pdftotext lines 300-540,Polyus published consolidated financial statements 2024,https://polyus.com/en/investors/results-and-reports/,official_ifrs_verified_seed,official_ifrs,2,False,verified_seed,0.98,96,verified_seed,2026-06-28T08:55:00+00:00,current_2024,verified_official_ifrs_seed
4422a54d7c93a27c29ae7d1800ad874c28206fcf,ea0cac33b79f3eae8e405e05b43da45e1aa93c4d,PLZL,,Polyus,2024,2024,annual,IFRS,cash_flow,Net cash generated by operating activities,operating_cash_flow,3414,3414000000.0,USD,currency,1000000,False,,pdftotext lines 300-540,Polyus published consolidated financial statements 2024,https://polyus.com/en/investors/results-and-reports/,official_ifrs_verified_seed,official_ifrs,2,False,verified_seed,0.98,96,verified_seed,2026-06-28T08:55:00+00:00,current_2024,verified_official_ifrs_seed
3b3f990ba2eb75704b48da944dedf8e2767504da,ea0cac33b79f3eae8e405e05b43da45e1aa93c4d,PLZL,,Polyus,2024,2024,annual,IFRS,cash_flow,"Purchase of property, plant and equipment and intangible assets",capex,-1476,-1476000000.0,USD,currency,1000000,False,,pdftotext lines 300-540,Polyus published consolidated financial statements 2024,https://polyus.com/en/investors/results-and-reports/,official_ifrs_verified_seed,official_ifrs,2,False,verified_seed,0.98,96,verified_seed,2026-06-28T08:55:00+00:00,current_2024,verified_official_ifrs_seed
4bd9bfefa4e5fb965d2cb5822dc64ce947731086,ea0cac33b79f3eae8e405e05b43da45e1aa93c4d,PLZL,,Polyus,2024,2024,annual,IFRS,cash_flow,Net cash generated by operating activities + capex,free_cash_flow,1938,1938000000.0,USD,currency,1000000,True,3414 + (-1476),pdftotext lines 300-540,Polyus published consolidated financial statements 2024,https://polyus.com/en/investors/results-and-reports/,official_ifrs_verified_seed,official_ifrs,2,False,verified_seed,0.98,96,verified_seed,2026-06-28T08:55:00+00:00,current_2024,verified_official_ifrs_seed
209a3a1ca6039d612c8684d8eb3aafc1dfd01f9e,ea0cac33b79f3eae8e405e05b43da45e1aa93c4d,PLZL,,Polyus,2024,2024,annual,IFRS,cash_flow,Dividends paid to shareholders of the Company,dividends_paid,1064,1064000000.0,USD,currency,1000000,False,,pdftotext lines 300-540,Polyus published consolidated financial statements 2024,https://polyus.com/en/investors/results-and-reports/,official_ifrs_verified_seed,official_ifrs,2,False,verified_seed,0.98,96,verified_seed,2026-06-28T08:55:00+00:00,current_2024,verified_official_ifrs_seed
a798cb51d0edf12e51d12fc3c3054d037089fd8f,536700397e59d1784451b4c1ef3a57110655b8b9,MGNT,,Magnit,2024,2024,annual,IFRS,income_statement,Revenue,revenue,3043433503,3043433503000.0,RUB,currency,1000,False,,pdftotext lines 70-260,Magnit consolidated financial statements 2024,https://www.magnit.com/en/shareholders-and-investors/results-and-reports/,official_ifrs_verified_seed,official_ifrs,2,False,verified_seed,0.98,96,verified_seed,2026-06-28T08:55:00+00:00,current_2024,verified_official_ifrs_seed
54bdbc22bb76dd504366c3fb82f57e99157ffb5f,536700397e59d1784451b4c1ef3a57110655b8b9,MGNT,,Magnit,2024,2024,annual,IFRS,income_statement,Profit for the year,net_income,44333844,44333844000.0,RUB,currency,1000,False,,pdftotext lines 70-260,Magnit consolidated financial statements 2024,https://www.magnit.com/en/shareholders-and-investors/results-and-reports/,official_ifrs_verified_seed,official_ifrs,2,False,verified_seed,0.98,96,verified_seed,2026-06-28T08:55:00+00:00,current_2024,verified_official_ifrs_seed
7a693518a9eb61d544c1f628ecf04b2afb4af146,536700397e59d1784451b4c1ef3a57110655b8b9,MGNT,,Magnit,2024,2024,annual,IFRS,balance_sheet,Total assets,total_assets,1563913815,1563913815000.0,RUB,currency,1000,False,,pdftotext lines 70-260,Magnit consolidated financial statements 2024,https://www.magnit.com/en/shareholders-and-investors/results-and-reports/,official_ifrs_verified_seed,official_ifrs,2,False,verified_seed,0.98,96,verified_seed,2026-06-28T08:55:00+00:00,current_2024,verified_official_ifrs_seed
4b923370f493da0c96a4d2a11c1c0dcd10560912,536700397e59d1784451b4c1ef3a57110655b8b9,MGNT,,Magnit,2024,2024,annual,IFRS,balance_sheet,Total equity,total_equity,181313618,181313618000.0,RUB,currency,1000,False,,pdftotext lines 70-260,Magnit consolidated financial statements 2024,https://www.magnit.com/en/shareholders-and-investors/results-and-reports/,official_ifrs_verified_seed,official_ifrs,2,False,verified_seed,0.98,96,verified_seed,2026-06-28T08:55:00+00:00,current_2024,verified_official_ifrs_seed
dee84488243892357e9c191d95590f6829003d65,536700397e59d1784451b4c1ef3a57110655b8b9,MGNT,,Magnit,2024,2024,annual,IFRS,balance_sheet,Long-term loans and borrowings + short-term loans and borrowings,total_debt,411918003,411918003000.0,RUB,currency,1000,True,151049527 + 260868476,pdftotext lines 70-260,Magnit consolidated financial statements 2024,https://www.magnit.com/en/shareholders-and-investors/results-and-reports/,official_ifrs_verified_seed,official_ifrs,2,False,verified_seed,0.98,96,verified_seed,2026-06-28T08:55:00+00:00,current_2024,verified_official_ifrs_seed
fcf9606dd60707f616d87b50a154c11f51a69c94,536700397e59d1784451b4c1ef3a57110655b8b9,MGNT,,Magnit,2024,2024,annual,IFRS,balance_sheet,Cash and cash equivalents,cash_and_equivalents,159470281,159470281000.0,RUB,currency,1000,False,,pdftotext lines 70-260,Magnit consolidated financial statements 2024,https://www.magnit.com/en/shareholders-and-investors/results-and-reports/,official_ifrs_verified_seed,official_ifrs,2,False,verified_seed,0.98,96,verified_seed,2026-06-28T08:55:00+00:00,current_2024,verified_official_ifrs_seed
c994876d8be34c5bc560a8500a1b572dc7b47c2d,536700397e59d1784451b4c1ef3a57110655b8b9,MGNT,,Magnit,2024,2024,annual,IFRS,cash_flow,Net cash from operating activities,operating_cash_flow,194734040,194734040000.0,RUB,currency,1000,False,,pdftotext lines 70-260,Magnit consolidated financial statements 2024,https://www.magnit.com/en/shareholders-and-investors/results-and-reports/,official_ifrs_verified_seed,official_ifrs,2,False,verified_seed,0.98,96,verified_seed,2026-06-28T08:55:00+00:00,current_2024,verified_official_ifrs_seed
2d4e5a9df9de6a3abbf4016384d865a06ab0d4cb,536700397e59d1784451b4c1ef3a57110655b8b9,MGNT,,Magnit,2024,2024,annual,IFRS,cash_flow,"Purchase of property, plant and equipment + purchase of intangible assets",capex,-157403830,-157403830000.0,RUB,currency,1000,True,-149210839 + (-8192991),pdftotext lines 70-260,Magnit consolidated financial statements 2024,https://www.magnit.com/en/shareholders-and-investors/results-and-reports/,official_ifrs_verified_seed,official_ifrs,2,False,verified_seed,0.98,96,verified_seed,2026-06-28T08:55:00+00:00,current_2024,verified_official_ifrs_seed
70cf3fd8360f8fc8a76d9f032de6c1262515ed10,536700397e59d1784451b4c1ef3a57110655b8b9,MGNT,,Magnit,2024,2024,annual,IFRS,cash_flow,Net cash from operating activities + capex,free_cash_flow,37330210,37330210000.0,RUB,currency,1000,True,194734040 + (-157403830),pdftotext lines 70-260,Magnit consolidated financial statements 2024,https://www.magnit.com/en/shareholders-and-investors/results-and-reports/,official_ifrs_verified_seed,official_ifrs,2,False,verified_seed,0.98,96,verified_seed,2026-06-28T08:55:00+00:00,current_2024,verified_official_ifrs_seed
c8e9be8f6e84058534ffcba3a7c9f919a78fc697,536700397e59d1784451b4c1ef3a57110655b8b9,MGNT,,Magnit,2024,2024,annual,IFRS,cash_flow,Dividends paid,dividends_paid,53009992,53009992000.0,RUB,currency,1000,False,,pdftotext lines 70-260,Magnit consolidated financial statements 2024,https://www.magnit.com/en/shareholders-and-investors/results-and-reports/,official_ifrs_verified_seed,official_ifrs,2,False,verified_seed,0.98,96,verified_seed,2026-06-28T08:55:00+00:00,current_2024,verified_official_ifrs_seed
eb18861127bb2e65b2397b5f59f343c181333fa2,a278b47b41853ceb11a89775a17162cb92a2a6f2,ALRS,,ALROSA,2025,2025,annual,IFRS,income_statement,Revenue,revenue,235089,235089000000.0,RUB,currency,1000000,False,,pdftotext lines 64-153,ALROSA disclosed consolidated financial statements 2025,https://www.alrosa.ru/en/investors/reporting/financial-reports/,official_ifrs_verified_seed,official_ifrs,2,False,verified_seed,0.98,96,verified_seed,2026-06-28T08:55:00+00:00,newer_than_target,verified_official_ifrs_seed
9bfe9324c3fe5a7ccedccd9248a08dc784e517db,a278b47b41853ceb11a89775a17162cb92a2a6f2,ALRS,,ALROSA,2025,2025,annual,IFRS,income_statement,Total profit for the year,net_income,36239,36239000000.0,RUB,currency,1000000,False,,pdftotext lines 64-153,ALROSA disclosed consolidated financial statements 2025,https://www.alrosa.ru/en/investors/reporting/financial-reports/,official_ifrs_verified_seed,official_ifrs,2,False,verified_seed,0.98,96,verified_seed,2026-06-28T08:55:00+00:00,newer_than_target,verified_official_ifrs_seed
7351cc1b8d4f45e31e9a2f7753c183a9951dfc30,a278b47b41853ceb11a89775a17162cb92a2a6f2,ALRS,,ALROSA,2025,2025,annual,IFRS,balance_sheet,Total assets,total_assets,607411,607411000000.0,RUB,currency,1000000,False,,pdftotext lines 64-153,ALROSA disclosed consolidated financial statements 2025,https://www.alrosa.ru/en/investors/reporting/financial-reports/,official_ifrs_verified_seed,official_ifrs,2,False,verified_seed,0.98,96,verified_seed,2026-06-28T08:55:00+00:00,newer_than_target,verified_official_ifrs_seed
f60fef6ec6795340dd8a9d99f152bacac9821d9a,a278b47b41853ceb11a89775a17162cb92a2a6f2,ALRS,,ALROSA,2025,2025,annual,IFRS,balance_sheet,Total equity attributable to owners and non-controlling interest,total_equity,406714,406714000000.0,RUB,currency,1000000,False,,pdftotext lines 64-153,ALROSA disclosed consolidated financial statements 2025,https://www.alrosa.ru/en/investors/reporting/financial-reports/,official_ifrs_verified_seed,official_ifrs,2,False,verified_seed,0.98,96,verified_seed,2026-06-28T08:55:00+00:00,newer_than_target,verified_official_ifrs_seed
df331f5d0d94c79061c5252dbe9dcadb4bf06d6c,a278b47b41853ceb11a89775a17162cb92a2a6f2,ALRS,,ALROSA,2025,2025,annual,IFRS,balance_sheet,Total debt,total_debt,200697,200697000000.0,RUB,currency,1000000,False,,pdftotext lines 64-153,ALROSA disclosed consolidated financial statements 2025,https://www.alrosa.ru/en/investors/reporting/financial-reports/,official_ifrs_verified_seed,official_ifrs,2,False,verified_seed,0.98,96,verified_seed,2026-06-28T08:55:00+00:00,newer_than_target,verified_official_ifrs_seed
908ab43e51b8c02b7cb86137a8da9dcb8f956185,a278b47b41853ceb11a89775a17162cb92a2a6f2,ALRS,,ALROSA,2025,2025,annual,IFRS,balance_sheet,Cash and cash equivalents,cash_and_equivalents,38787,38787000000.0,RUB,currency,1000000,False,,pdftotext lines 64-153,ALROSA disclosed consolidated financial statements 2025,https://www.alrosa.ru/en/investors/reporting/financial-reports/,official_ifrs_verified_seed,official_ifrs,2,False,verified_seed,0.98,96,verified_seed,2026-06-28T08:55:00+00:00,newer_than_target,verified_official_ifrs_seed
462722ff08c29b32b9159fc1258780ccb1208b25,a278b47b41853ceb11a89775a17162cb92a2a6f2,ALRS,,ALROSA,2025,2025,annual,IFRS,cash_flow,Net Cash Inflow from Operating Activities,operating_cash_flow,35802,35802000000.0,RUB,currency,1000000,False,,pdftotext lines 64-153,ALROSA disclosed consolidated financial statements 2025,https://www.alrosa.ru/en/investors/reporting/financial-reports/,official_ifrs_verified_seed,official_ifrs,2,False,verified_seed,0.98,96,verified_seed,2026-06-28T08:55:00+00:00,newer_than_target,verified_official_ifrs_seed
4db5fcc8c707655229b8da88079bebf1d2667772,a278b47b41853ceb11a89775a17162cb92a2a6f2,ALRS,,ALROSA,2025,2025,annual,IFRS,cash_flow,"Purchase of property, plant and equipment and intangible assets",capex,-49419,-49419000000.0,RUB,currency,1000000,False,,pdftotext lines 64-153,ALROSA disclosed consolidated financial statements 2025,https://www.alrosa.ru/en/investors/reporting/financial-reports/,official_ifrs_verified_seed,official_ifrs,2,False,verified_seed,0.98,96,verified_seed,2026-06-28T08:55:00+00:00,newer_than_target,verified_official_ifrs_seed
af7a1e66889c8dea2506dd67dd6585035bde5f46,a278b47b41853ceb11a89775a17162cb92a2a6f2,ALRS,,ALROSA,2025,2025,annual,IFRS,cash_flow,Net Cash Inflow from Operating Activities + capex,free_cash_flow,-13617,-13617000000.0,RUB,currency,1000000,True,35802 + (-49419),pdftotext lines 64-153,ALROSA disclosed consolidated financial statements 2025,https://www.alrosa.ru/en/investors/reporting/financial-reports/,official_ifrs_verified_seed,official_ifrs,2,False,verified_seed,0.98,96,verified_seed,2026-06-28T08:55:00+00:00,newer_than_target,verified_official_ifrs_seed
0d0598b4a93b39d9893980861f5e33c83d8f01f3,a278b47b41853ceb11a89775a17162cb92a2a6f2,ALRS,,ALROSA,2025,2025,annual,IFRS,cash_flow,Dividends paid + dividends paid to non-controlling shareholders,dividends_paid,12,12000000.0,RUB,currency,1000000,True,12 + 0,pdftotext lines 64-153,ALROSA disclosed consolidated financial statements 2025,https://www.alrosa.ru/en/investors/reporting/financial-reports/,official_ifrs_verified_seed,official_ifrs,2,False,verified_seed,0.98,96,verified_seed,2026-06-28T08:55:00+00:00,newer_than_target,verified_official_ifrs_seed
1188edd3cdec2ba5c6852997a0ddced37e412beb,39a6f9207451e817a4506324c0ab62df8f4ae1e4,GMKN,,Nornickel,2021,2021,annual,IFRS,income_statement,Total revenue,revenue,17852,17852000000.0,USD,currency,1000000,False,,pdftotext lines 85-307,Nornickel consolidated financial statements 2021,https://nornickel.com/investors/disclosure/financials/,official_ifrs_verified_seed,official_ifrs,2,False,verified_seed,0.98,96,verified_seed,2026-06-28T08:55:00+00:00,stale,verified_official_ifrs_seed
73617513637e98174576a8bb49266d593c5eaff9,39a6f9207451e817a4506324c0ab62df8f4ae1e4,GMKN,,Nornickel,2021,2021,annual,IFRS,income_statement,Profit for the year,net_income,6974,6974000000.0,USD,currency,1000000,False,,pdftotext lines 85-307,Nornickel consolidated financial statements 2021,https://nornickel.com/investors/disclosure/financials/,official_ifrs_verified_seed,official_ifrs,2,False,verified_seed,0.98,96,verified_seed,2026-06-28T08:55:00+00:00,stale,verified_official_ifrs_seed
1d3d48cdf50a4aa434527e7c17b3d2cec3423710,39a6f9207451e817a4506324c0ab62df8f4ae1e4,GMKN,,Nornickel,2021,2021,annual,IFRS,balance_sheet,TOTAL ASSETS,total_assets,23435,23435000000.0,USD,currency,1000000,False,,pdftotext lines 85-307,Nornickel consolidated financial statements 2021,https://nornickel.com/investors/disclosure/financials/,official_ifrs_verified_seed,official_ifrs,2,False,verified_seed,0.98,96,verified_seed,2026-06-28T08:55:00+00:00,stale,verified_official_ifrs_seed
14ae7897acb195f9323164e6d923295e6e6f3a3e,39a6f9207451e817a4506324c0ab62df8f4ae1e4,GMKN,,Nornickel,2021,2021,annual,IFRS,balance_sheet,Total equity,total_equity,4788,4788000000.0,USD,currency,1000000,False,,pdftotext lines 85-307,Nornickel consolidated financial statements 2021,https://nornickel.com/investors/disclosure/financials/,official_ifrs_verified_seed,official_ifrs,2,False,verified_seed,0.98,96,verified_seed,2026-06-28T08:55:00+00:00,stale,verified_official_ifrs_seed
580ff249e499a00548a5c18eea2310d30223965f,39a6f9207451e817a4506324c0ab62df8f4ae1e4,GMKN,,Nornickel,2021,2021,annual,IFRS,balance_sheet,Loans and borrowings non-current + current,total_debt,10226,10226000000.0,USD,currency,1000000,True,8616 + 1610,pdftotext lines 85-307,Nornickel consolidated financial statements 2021,https://nornickel.com/investors/disclosure/financials/,official_ifrs_verified_seed,official_ifrs,2,False,verified_seed,0.98,96,verified_seed,2026-06-28T08:55:00+00:00,stale,verified_official_ifrs_seed
ee39647ea7efc3e9e5b44d7cc7647b9ae887ec7d,39a6f9207451e817a4506324c0ab62df8f4ae1e4,GMKN,,Nornickel,2021,2021,annual,IFRS,balance_sheet,Cash and cash equivalents,cash_and_equivalents,5547,5547000000.0,USD,currency,1000000,False,,pdftotext lines 85-307,Nornickel consolidated financial statements 2021,https://nornickel.com/investors/disclosure/financials/,official_ifrs_verified_seed,official_ifrs,2,False,verified_seed,0.98,96,verified_seed,2026-06-28T08:55:00+00:00,stale,verified_official_ifrs_seed
d36395df18e06b450c0424b08d72c69e5902af93,39a6f9207451e817a4506324c0ab62df8f4ae1e4,GMKN,,Nornickel,2021,2021,annual,IFRS,cash_flow,Net cash generated from operating activities,operating_cash_flow,7042,7042000000.0,USD,currency,1000000,False,,pdftotext lines 85-307,Nornickel consolidated financial statements 2021,https://nornickel.com/investors/disclosure/financials/,official_ifrs_verified_seed,official_ifrs,2,False,verified_seed,0.98,96,verified_seed,2026-06-28T08:55:00+00:00,stale,verified_official_ifrs_seed
af0368a55c7e9c89eb913dad66623a1511a5350e,39a6f9207451e817a4506324c0ab62df8f4ae1e4,GMKN,,Nornickel,2021,2021,annual,IFRS,cash_flow,"Purchase of property, plant and equipment",capex,-2683,-2683000000.0,USD,currency,1000000,False,,pdftotext lines 85-307,Nornickel consolidated financial statements 2021,https://nornickel.com/investors/disclosure/financials/,official_ifrs_verified_seed,official_ifrs,2,False,verified_seed,0.98,96,verified_seed,2026-06-28T08:55:00+00:00,stale,verified_official_ifrs_seed
946e6df91934fa922bdfac1810ec5aaf8e825d16,39a6f9207451e817a4506324c0ab62df8f4ae1e4,GMKN,,Nornickel,2021,2021,annual,IFRS,cash_flow,Net cash generated from operating activities + capex,free_cash_flow,4359,4359000000.0,USD,currency,1000000,True,7042 + (-2683),pdftotext lines 85-307,Nornickel consolidated financial statements 2021,https://nornickel.com/investors/disclosure/financials/,official_ifrs_verified_seed,official_ifrs,2,False,verified_seed,0.98,96,verified_seed,2026-06-28T08:55:00+00:00,stale,verified_official_ifrs_seed
0fe84d49bb07fce36a28e814081ee3ca22c50513,39a6f9207451e817a4506324c0ab62df8f4ae1e4,GMKN,,Nornickel,2021,2021,annual,IFRS,cash_flow,Dividends paid,dividends_paid,2198,2198000000.0,USD,currency,1000000,False,,pdftotext lines 85-307,Nornickel consolidated financial statements 2021,https://nornickel.com/investors/disclosure/financials/,official_ifrs_verified_seed,official_ifrs,2,False,verified_seed,0.98,96,verified_seed,2026-06-28T08:55:00+00:00,stale,verified_official_ifrs_seed
82bb54006e1843dea84f770f0a2d840312446c48,ac4015b221721c47675ef6fe639a6b99dde918eb,NLMK,,NLMK,2021,2021,annual,IFRS,income_statement,Revenue,revenue,16196,16196000000.0,USD,currency,1000000,False,,pdftotext lines 285-566,NLMK consolidated financial statements 2021,https://nlmk.com/en/ir/results/,official_ifrs_verified_seed,official_ifrs,2,False,verified_seed,0.98,96,verified_seed,2026-06-28T08:55:00+00:00,stale,verified_official_ifrs_seed
3d784edb9042f5acadb1b471793ed10fe1bdf952,ac4015b221721c47675ef6fe639a6b99dde918eb,NLMK,,NLMK,2021,2021,annual,IFRS,income_statement,Profit for the year,net_income,5054,5054000000.0,USD,currency,1000000,False,,pdftotext lines 285-566,NLMK consolidated financial statements 2021,https://nlmk.com/en/ir/results/,official_ifrs_verified_seed,official_ifrs,2,False,verified_seed,0.98,96,verified_seed,2026-06-28T08:55:00+00:00,stale,verified_official_ifrs_seed
2b20a6349e9eb78923c97c96dd8dbf076d9767ff,ac4015b221721c47675ef6fe639a6b99dde918eb,NLMK,,NLMK,2021,2021,annual,IFRS,balance_sheet,Total assets,total_assets,12161,12161000000.0,USD,currency,1000000,False,,pdftotext lines 285-566,NLMK consolidated financial statements 2021,https://nlmk.com/en/ir/results/,official_ifrs_verified_seed,official_ifrs,2,False,verified_seed,0.98,96,verified_seed,2026-06-28T08:55:00+00:00,stale,verified_official_ifrs_seed
bd6170185b6acea66f9b95f2ecc8ccdb1ae1542a,ac4015b221721c47675ef6fe639a6b99dde918eb,NLMK,,NLMK,2021,2021,annual,IFRS,balance_sheet,Total equity,total_equity,6442,6442000000.0,USD,currency,1000000,False,,pdftotext lines 285-566,NLMK consolidated financial statements 2021,https://nlmk.com/en/ir/results/,official_ifrs_verified_seed,official_ifrs,2,False,verified_seed,0.98,96,verified_seed,2026-06-28T08:55:00+00:00,stale,verified_official_ifrs_seed
0d74a2dbcba79e44a918efe1189142f941147cc5,ac4015b221721c47675ef6fe639a6b99dde918eb,NLMK,,NLMK,2021,2021,annual,IFRS,balance_sheet,Short-term borrowings + long-term borrowings,total_debt,3466,3466000000.0,USD,currency,1000000,True,1504 + 1962,pdftotext lines 285-566,NLMK consolidated financial statements 2021,https://nlmk.com/en/ir/results/,official_ifrs_verified_seed,official_ifrs,2,False,verified_seed,0.98,96,verified_seed,2026-06-28T08:55:00+00:00,stale,verified_official_ifrs_seed
b30253bbbd18847986c85a4564874234046dee19,ac4015b221721c47675ef6fe639a6b99dde918eb,NLMK,,NLMK,2021,2021,annual,IFRS,balance_sheet,Cash and cash equivalents,cash_and_equivalents,541,541000000.0,USD,currency,1000000,False,,pdftotext lines 285-566,NLMK consolidated financial statements 2021,https://nlmk.com/en/ir/results/,official_ifrs_verified_seed,official_ifrs,2,False,verified_seed,0.98,96,verified_seed,2026-06-28T08:55:00+00:00,stale,verified_official_ifrs_seed
aabe2738cd07ebcb8509fe4797546504bae53674,ac4015b221721c47675ef6fe639a6b99dde918eb,NLMK,,NLMK,2021,2021,annual,IFRS,cash_flow,Net cash provided by operating activities,operating_cash_flow,4516,4516000000.0,USD,currency,1000000,False,,pdftotext lines 285-566,NLMK consolidated financial statements 2021,https://nlmk.com/en/ir/results/,official_ifrs_verified_seed,official_ifrs,2,False,verified_seed,0.98,96,verified_seed,2026-06-28T08:55:00+00:00,stale,verified_official_ifrs_seed
22ffb0d6d02db4d29c526a8fff88c5416efdebba,ac4015b221721c47675ef6fe639a6b99dde918eb,NLMK,,NLMK,2021,2021,annual,IFRS,cash_flow,"Purchases and construction of property, plant and equipment and intangible assets",capex,-1217,-1217000000.0,USD,currency,1000000,False,,pdftotext lines 285-566,NLMK consolidated financial statements 2021,https://nlmk.com/en/ir/results/,official_ifrs_verified_seed,official_ifrs,2,False,verified_seed,0.98,96,verified_seed,2026-06-28T08:55:00+00:00,stale,verified_official_ifrs_seed
dec00457dba6d80c4e6501eca3213d803a30633f,ac4015b221721c47675ef6fe639a6b99dde918eb,NLMK,,NLMK,2021,2021,annual,IFRS,cash_flow,Net cash provided by operating activities + capex,free_cash_flow,3299,3299000000.0,USD,currency,1000000,True,4516 + (-1217),pdftotext lines 285-566,NLMK consolidated financial statements 2021,https://nlmk.com/en/ir/results/,official_ifrs_verified_seed,official_ifrs,2,False,verified_seed,0.98,96,verified_seed,2026-06-28T08:55:00+00:00,stale,verified_official_ifrs_seed
8a62d3459b2c831d2803de0695c17492d79e1cf8,ac4015b221721c47675ef6fe639a6b99dde918eb,NLMK,,NLMK,2021,2021,annual,IFRS,cash_flow,Dividends paid to Novolipetsk Steel shareholders,dividends_paid,3523,3523000000.0,USD,currency,1000000,False,,pdftotext lines 285-566,NLMK consolidated financial statements 2021,https://nlmk.com/en/ir/results/,official_ifrs_verified_seed,official_ifrs,2,False,verified_seed,0.98,96,verified_seed,2026-06-28T08:55:00+00:00,stale,verified_official_ifrs_seed
00811679ccca997ed0d5971f07f4ee3ba3e5d1a1,3614d57c79088eed8f387dae019ca3ef91c15ec0,NVTK,,NOVATEK,2021,2021,annual,IFRS,income_statement,Total revenues,revenue,1156724,1156724000000.0,RUB,currency,1000000,False,,pdftotext lines 334-564,NOVATEK consolidated financial statements 2021,https://www.novatek.ru/en/investors/results/,official_ifrs_verified_seed,official_ifrs,2,False,verified_seed,0.98,96,verified_seed,2026-06-28T08:55:00+00:00,stale,verified_official_ifrs_seed
e286b7f4605f214d3a5b70f6a0e052fe494994b5,3614d57c79088eed8f387dae019ca3ef91c15ec0,NVTK,,NOVATEK,2021,2021,annual,IFRS,income_statement,Profit,net_income,451621,451621000000.0,RUB,currency,1000000,False,,pdftotext lines 334-564,NOVATEK consolidated financial statements 2021,https://www.novatek.ru/en/investors/results/,official_ifrs_verified_seed,official_ifrs,2,False,verified_seed,0.98,96,verified_seed,2026-06-28T08:55:00+00:00,stale,verified_official_ifrs_seed
51741518578de9f595d157e3e9a8fc9a737ca611,3614d57c79088eed8f387dae019ca3ef91c15ec0,NVTK,,NOVATEK,2021,2021,annual,IFRS,balance_sheet,Total assets,total_assets,2457664,2457664000000.0,RUB,currency,1000000,False,,pdftotext lines 334-564,NOVATEK consolidated financial statements 2021,https://www.novatek.ru/en/investors/results/,official_ifrs_verified_seed,official_ifrs,2,False,verified_seed,0.98,96,verified_seed,2026-06-28T08:55:00+00:00,stale,verified_official_ifrs_seed
5b2cd2b186c8abdc636f21aca41de3240321be22,3614d57c79088eed8f387dae019ca3ef91c15ec0,NVTK,,NOVATEK,2021,2021,annual,IFRS,balance_sheet,Total equity,total_equity,1911469,1911469000000.0,RUB,currency,1000000,False,,pdftotext lines 334-564,NOVATEK consolidated financial statements 2021,https://www.novatek.ru/en/investors/results/,official_ifrs_verified_seed,official_ifrs,2,False,verified_seed,0.98,96,verified_seed,2026-06-28T08:55:00+00:00,stale,verified_official_ifrs_seed
bfae57562d54d5a5debe35e2deccbb1aba7fc29c,3614d57c79088eed8f387dae019ca3ef91c15ec0,NVTK,,NOVATEK,2021,2021,annual,IFRS,balance_sheet,Long-term debt + short-term debt and current portion of long-term debt,total_debt,180043,180043000000.0,RUB,currency,1000000,True,67014 + 113029,pdftotext lines 334-564,NOVATEK consolidated financial statements 2021,https://www.novatek.ru/en/investors/results/,official_ifrs_verified_seed,official_ifrs,2,False,verified_seed,0.98,96,verified_seed,2026-06-28T08:55:00+00:00,stale,verified_official_ifrs_seed
9a8de007ecfa64019cd54ca8c7b72a859f008e41,3614d57c79088eed8f387dae019ca3ef91c15ec0,NVTK,,NOVATEK,2021,2021,annual,IFRS,balance_sheet,Cash and cash equivalents,cash_and_equivalents,45920,45920000000.0,RUB,currency,1000000,False,,pdftotext lines 334-564,NOVATEK consolidated financial statements 2021,https://www.novatek.ru/en/investors/results/,official_ifrs_verified_seed,official_ifrs,2,False,verified_seed,0.98,96,verified_seed,2026-06-28T08:55:00+00:00,stale,verified_official_ifrs_seed
27c11e617c803099ed8c040750d0a6c33e91f65a,3614d57c79088eed8f387dae019ca3ef91c15ec0,NVTK,,NOVATEK,2021,2021,annual,IFRS,cash_flow,Net cash provided by operating activities,operating_cash_flow,419466,419466000000.0,RUB,currency,1000000,False,,pdftotext lines 334-564,NOVATEK consolidated financial statements 2021,https://www.novatek.ru/en/investors/results/,official_ifrs_verified_seed,official_ifrs,2,False,verified_seed,0.98,96,verified_seed,2026-06-28T08:55:00+00:00,stale,verified_official_ifrs_seed
170ad5ce7c1186b936940c90825acede0bbce39e,3614d57c79088eed8f387dae019ca3ef91c15ec0,NVTK,,NOVATEK,2021,2021,annual,IFRS,cash_flow,"Purchases of property, plant and equipment",capex,-171620,-171620000000.0,RUB,currency,1000000,False,,pdftotext lines 334-564,NOVATEK consolidated financial statements 2021,https://www.novatek.ru/en/investors/results/,official_ifrs_verified_seed,official_ifrs,2,False,verified_seed,0.98,96,verified_seed,2026-06-28T08:55:00+00:00,stale,verified_official_ifrs_seed
584fe102e6eb6430e5e2ed79f89c370ecd83650f,3614d57c79088eed8f387dae019ca3ef91c15ec0,NVTK,,NOVATEK,2021,2021,annual,IFRS,cash_flow,Net cash provided by operating activities + capex,free_cash_flow,247846,247846000000.0,RUB,currency,1000000,True,419466 + (-171620),pdftotext lines 334-564,NOVATEK consolidated financial statements 2021,https://www.novatek.ru/en/investors/results/,official_ifrs_verified_seed,official_ifrs,2,False,verified_seed,0.98,96,verified_seed,2026-06-28T08:55:00+00:00,stale,verified_official_ifrs_seed
c3b676a228e8eefedf0126a4b53996b4f2cad89c,3614d57c79088eed8f387dae019ca3ef91c15ec0,NVTK,,NOVATEK,2021,2021,annual,IFRS,cash_flow,Dividends paid to shareholders of PAO NOVATEK,dividends_paid,154332,154332000000.0,RUB,currency,1000000,False,,pdftotext lines 334-564,NOVATEK consolidated financial statements 2021,https://www.novatek.ru/en/investors/results/,official_ifrs_verified_seed,official_ifrs,2,False,verified_seed,0.98,96,verified_seed,2026-06-28T08:55:00+00:00,stale,verified_official_ifrs_seed
8b5a737ff8f3cf05ec4f34537bf691e81665fb11,2acb5552ec8df3282bfc0dd104ea3a502a5253d7,ROSN,,Rosneft,2021,2021,annual,IFRS,income_statement,Total revenues and equity share in profits of associates and joint ventures,revenue,8761,8761000000000.0,RUB,currency,1000000000,False,,pdftotext lines 300-533,Rosneft consolidated financial statements 2021,https://www.rosneft.com/Investors/Reports_and_presentations/Consolidated_financial_statements/,official_ifrs_verified_seed,official_ifrs,2,False,verified_seed,0.98,96,verified_seed,2026-06-28T08:55:00+00:00,stale,verified_official_ifrs_seed
537f130991481644aec93db9381b1f37b5ed3fae,2acb5552ec8df3282bfc0dd104ea3a502a5253d7,ROSN,,Rosneft,2021,2021,annual,IFRS,income_statement,Net income,net_income,1012,1012000000000.0,RUB,currency,1000000000,False,,pdftotext lines 300-533,Rosneft consolidated financial statements 2021,https://www.rosneft.com/Investors/Reports_and_presentations/Consolidated_financial_statements/,official_ifrs_verified_seed,official_ifrs,2,False,verified_seed,0.98,96,verified_seed,2026-06-28T08:55:00+00:00,stale,verified_official_ifrs_seed
49ab96ac6328c310dd0373a07d2ad91e4e99caf2,2acb5552ec8df3282bfc0dd104ea3a502a5253d7,ROSN,,Rosneft,2021,2021,annual,IFRS,balance_sheet,Total assets,total_assets,1502289,1502289000000000.0,RUB,currency,1000000000,False,,pdftotext lines 300-533,Rosneft consolidated financial statements 2021,https://www.rosneft.com/Investors/Reports_and_presentations/Consolidated_financial_statements/,official_ifrs_verified_seed,official_ifrs,2,False,verified_seed,0.98,96,verified_seed,2026-06-28T08:55:00+00:00,stale,verified_official_ifrs_seed
7bfc563e056bbea7d3fe4e82161ee9953c7ee6c8,2acb5552ec8df3282bfc0dd104ea3a502a5253d7,ROSN,,Rosneft,2021,2021,annual,IFRS,balance_sheet,Total equity,total_equity,6489,6489000000000.0,RUB,currency,1000000000,False,,pdftotext lines 300-533,Rosneft consolidated financial statements 2021,https://www.rosneft.com/Investors/Reports_and_presentations/Consolidated_financial_statements/,official_ifrs_verified_seed,official_ifrs,2,False,verified_seed,0.98,96,verified_seed,2026-06-28T08:55:00+00:00,stale,verified_official_ifrs_seed
fe97f7ea59cd626243ef423ebcabe50b50fcc06a,2acb5552ec8df3282bfc0dd104ea3a502a5253d7,ROSN,,Rosneft,2021,2021,annual,IFRS,balance_sheet,Total loans and borrowings and other financial liabilities,total_debt,4705,4705000000000.0,RUB,currency,1000000000,False,,pdftotext lines 300-533,Rosneft consolidated financial statements 2021,https://www.rosneft.com/Investors/Reports_and_presentations/Consolidated_financial_statements/,official_ifrs_verified_seed,official_ifrs,2,False,verified_seed,0.98,96,verified_seed,2026-06-28T08:55:00+00:00,stale,verified_official_ifrs_seed
eafe0d61e1043f278daec520af245a7b867c7a65,2acb5552ec8df3282bfc0dd104ea3a502a5253d7,ROSN,,Rosneft,2021,2021,annual,IFRS,balance_sheet,Cash and cash equivalents,cash_and_equivalents,659,659000000000.0,RUB,currency,1000000000,False,,pdftotext lines 300-533,Rosneft consolidated financial statements 2021,https://www.rosneft.com/Investors/Reports_and_presentations/Consolidated_financial_statements/,official_ifrs_verified_seed,official_ifrs,2,False,verified_seed,0.98,96,verified_seed,2026-06-28T08:55:00+00:00,stale,verified_official_ifrs_seed
424891790c39d36949b0418ca99563265fd24b9a,2acb5552ec8df3282bfc0dd104ea3a502a5253d7,ROSN,,Rosneft,2021,2021,annual,IFRS,cash_flow,Net cash provided by operating activities,operating_cash_flow,1166,1166000000000.0,RUB,currency,1000000000,False,,pdftotext lines 300-533,Rosneft consolidated financial statements 2021,https://www.rosneft.com/Investors/Reports_and_presentations/Consolidated_financial_statements/,official_ifrs_verified_seed,official_ifrs,2,False,verified_seed,0.98,96,verified_seed,2026-06-28T08:55:00+00:00,stale,verified_official_ifrs_seed
3b0f41d84ba6076f31797e656a7e91916d31b693,2acb5552ec8df3282bfc0dd104ea3a502a5253d7,ROSN,,Rosneft,2021,2021,annual,IFRS,cash_flow,Capital expenditures,capex,-1049,-1049000000000.0,RUB,currency,1000000000,False,,pdftotext lines 300-533,Rosneft consolidated financial statements 2021,https://www.rosneft.com/Investors/Reports_and_presentations/Consolidated_financial_statements/,official_ifrs_verified_seed,official_ifrs,2,False,verified_seed,0.98,96,verified_seed,2026-06-28T08:55:00+00:00,stale,verified_official_ifrs_seed
8f01b1714bff3e0287cf2a4312097efa5fbd9fd3,2acb5552ec8df3282bfc0dd104ea3a502a5253d7,ROSN,,Rosneft,2021,2021,annual,IFRS,cash_flow,Net cash provided by operating activities + capex,free_cash_flow,117,117000000000.0,RUB,currency,1000000000,True,1166 + (-1049),pdftotext lines 300-533,Rosneft consolidated financial statements 2021,https://www.rosneft.com/Investors/Reports_and_presentations/Consolidated_financial_statements/,official_ifrs_verified_seed,official_ifrs,2,False,verified_seed,0.98,96,verified_seed,2026-06-28T08:55:00+00:00,stale,verified_official_ifrs_seed
b526fe2c2f1e0694431322cf6b06cc1d9790bbce,2acb5552ec8df3282bfc0dd104ea3a502a5253d7,ROSN,,Rosneft,2021,2021,annual,IFRS,cash_flow,Dividends paid to shareholders + non-controlling shareholders,dividends_paid,278,278000000000.0,RUB,currency,1000000000,True,237 + 41,pdftotext lines 300-533,Rosneft consolidated financial statements 2021,https://www.rosneft.com/Investors/Reports_and_presentations/Consolidated_financial_statements/,official_ifrs_verified_seed,official_ifrs,2,False,verified_seed,0.98,96,verified_seed,2026-06-28T08:55:00+00:00,stale,verified_official_ifrs_seed
0c8d130760830e32c27f57b1d904d7701cc8bcd0,236cf706a7080994f412c8fa319ca4d522756dc1,FEES,,Rosseti,2023,2023,annual,IFRS,income_statement,Revenue,revenue,1378679,1378679000000.0,RUB,currency,1000000,False,,pdftotext lines 233-411,Rosseti annual financial statements 2023,https://e-disclosure.ru/portal/FileLoad.ashx?Fileid=1828391,official_ifrs_verified_seed,official_ifrs,2,False,verified_seed,0.98,96,verified_seed,2026-06-28T08:55:00+00:00,stale,verified_official_ifrs_seed
7c1db56ce15bb22d5e5bbfad0a1981fe72fe3e7a,236cf706a7080994f412c8fa319ca4d522756dc1,FEES,,Rosseti,2023,2023,annual,IFRS,income_statement,Profit for the period,net_income,161321,161321000000.0,RUB,currency,1000000,False,,pdftotext lines 233-411,Rosseti annual financial statements 2023,https://e-disclosure.ru/portal/FileLoad.ashx?Fileid=1828391,official_ifrs_verified_seed,official_ifrs,2,False,verified_seed,0.98,96,verified_seed,2026-06-28T08:55:00+00:00,stale,verified_official_ifrs_seed
829b80ae1dd31174d9aacdd644234f4bb03abb06,236cf706a7080994f412c8fa319ca4d522756dc1,FEES,,Rosseti,2023,2023,annual,IFRS,balance_sheet,Total assets,total_assets,3290802,3290802000000.0,RUB,currency,1000000,False,,pdftotext lines 233-411,Rosseti annual financial statements 2023,https://e-disclosure.ru/portal/FileLoad.ashx?Fileid=1828391,official_ifrs_verified_seed,official_ifrs,2,False,verified_seed,0.98,96,verified_seed,2026-06-28T08:55:00+00:00,stale,verified_official_ifrs_seed
5ec4ecbdc7c0ca24ea3c4c1e57134b4f52fc5e4c,236cf706a7080994f412c8fa319ca4d522756dc1,FEES,,Rosseti,2023,2023,annual,IFRS,balance_sheet,Total equity,total_equity,1851916,1851916000000.0,RUB,currency,1000000,False,,pdftotext lines 233-411,Rosseti annual financial statements 2023,https://e-disclosure.ru/portal/FileLoad.ashx?Fileid=1828391,official_ifrs_verified_seed,official_ifrs,2,False,verified_seed,0.98,96,verified_seed,2026-06-28T08:55:00+00:00,stale,verified_official_ifrs_seed
64961688c83c569a487297bad27b2f93b8e726b2,236cf706a7080994f412c8fa319ca4d522756dc1,FEES,,Rosseti,2023,2023,annual,IFRS,balance_sheet,Non-current borrowings + current borrowings and current portion,total_debt,646549,646549000000.0,RUB,currency,1000000,True,512929 + 133620,pdftotext lines 233-411,Rosseti annual financial statements 2023,https://e-disclosure.ru/portal/FileLoad.ashx?Fileid=1828391,official_ifrs_verified_seed,official_ifrs,2,False,verified_seed,0.98,96,verified_seed,2026-06-28T08:55:00+00:00,stale,verified_official_ifrs_seed
c8de012a1c58642af4dad239ad1356602ff106ce,236cf706a7080994f412c8fa319ca4d522756dc1,FEES,,Rosseti,2023,2023,annual,IFRS,balance_sheet,Cash and cash equivalents,cash_and_equivalents,166115,166115000000.0,RUB,currency,1000000,False,,pdftotext lines 233-411,Rosseti annual financial statements 2023,https://e-disclosure.ru/portal/FileLoad.ashx?Fileid=1828391,official_ifrs_verified_seed,official_ifrs,2,False,verified_seed,0.98,96,verified_seed,2026-06-28T08:55:00+00:00,stale,verified_official_ifrs_seed
a4b3a0e38f5728c064e7646aea12fa339363b35c,236cf706a7080994f412c8fa319ca4d522756dc1,FEES,,Rosseti,2023,2023,annual,IFRS,cash_flow,Net cash flows from operating activities,operating_cash_flow,472620,472620000000.0,RUB,currency,1000000,False,,pdftotext lines 233-411,Rosseti annual financial statements 2023,https://e-disclosure.ru/portal/FileLoad.ashx?Fileid=1828391,official_ifrs_verified_seed,official_ifrs,2,False,verified_seed,0.98,96,verified_seed,2026-06-28T08:55:00+00:00,stale,verified_official_ifrs_seed
1178382da4970fe27c727d65b55c870c661fbf9a,236cf706a7080994f412c8fa319ca4d522756dc1,FEES,,Rosseti,2023,2023,annual,IFRS,cash_flow,"Acquisition of property, plant and equipment and intangible assets",capex,-468698,-468698000000.0,RUB,currency,1000000,False,,pdftotext lines 233-411,Rosseti annual financial statements 2023,https://e-disclosure.ru/portal/FileLoad.ashx?Fileid=1828391,official_ifrs_verified_seed,official_ifrs,2,False,verified_seed,0.98,96,verified_seed,2026-06-28T08:55:00+00:00,stale,verified_official_ifrs_seed
24c07be37291eb74bc3de927a61e8c252ae7275a,236cf706a7080994f412c8fa319ca4d522756dc1,FEES,,Rosseti,2023,2023,annual,IFRS,cash_flow,Net cash flows from operating activities + capex,free_cash_flow,3922,3922000000.0,RUB,currency,1000000,True,472620 + (-468698),pdftotext lines 233-411,Rosseti annual financial statements 2023,https://e-disclosure.ru/portal/FileLoad.ashx?Fileid=1828391,official_ifrs_verified_seed,official_ifrs,2,False,verified_seed,0.98,96,verified_seed,2026-06-28T08:55:00+00:00,stale,verified_official_ifrs_seed
7c4c0469a528cd821d62cfb1514f1a116676d0c0,236cf706a7080994f412c8fa319ca4d522756dc1,FEES,,Rosseti,2023,2023,annual,IFRS,cash_flow,Dividends paid to owners of the Company + non-controlling interest,dividends_paid,8590,8590000000.0,RUB,currency,1000000,True,0 + 8590,pdftotext lines 233-411,Rosseti annual financial statements 2023,https://e-disclosure.ru/portal/FileLoad.ashx?Fileid=1828391,official_ifrs_verified_seed,official_ifrs,2,False,verified_seed,0.98,96,verified_seed,2026-06-28T08:55:00+00:00,stale,verified_official_ifrs_seed
8aa5d4f984fbf4d58f7d1baf5e35ca346225d0a7,ed20b1229c1855f941157ed750eebc606319d97c,AFLT,,Aeroflot,2021,2021,annual,IFRS,income_statement,Total revenue,revenue,491733,491733000000.0,RUB,currency,1000000,False,,pdftotext lines 335-527 and 3157-3188,Aeroflot consolidated financial statements 2021,https://ir.aeroflot.ru/en/financial-information/financial-results/,official_ifrs_verified_seed,official_ifrs,2,False,verified_seed,0.98,96,verified_seed,2026-06-28T08:55:00+00:00,stale,verified_official_ifrs_seed
bbe6846bd75e716c5c8ea71741fff34898b62cb7,ed20b1229c1855f941157ed750eebc606319d97c,AFLT,,Aeroflot,2021,2021,annual,IFRS,income_statement,Loss for the year,net_income,-34460,-34460000000.0,RUB,currency,1000000,False,,pdftotext lines 335-527 and 3157-3188,Aeroflot consolidated financial statements 2021,https://ir.aeroflot.ru/en/financial-information/financial-results/,official_ifrs_verified_seed,official_ifrs,2,False,verified_seed,0.98,96,verified_seed,2026-06-28T08:55:00+00:00,stale,verified_official_ifrs_seed
8307f0dd46bd2efa54150c98f680972485decdd8,ed20b1229c1855f941157ed750eebc606319d97c,AFLT,,Aeroflot,2021,2021,annual,IFRS,balance_sheet,TOTAL ASSETS,total_assets,1109450,1109450000000.0,RUB,currency,1000000,False,,pdftotext lines 335-527 and 3157-3188,Aeroflot consolidated financial statements 2021,https://ir.aeroflot.ru/en/financial-information/financial-results/,official_ifrs_verified_seed,official_ifrs,2,False,verified_seed,0.98,96,verified_seed,2026-06-28T08:55:00+00:00,stale,verified_official_ifrs_seed
b1f028b7338bf4c5a92ca30f25991a1e990907df,ed20b1229c1855f941157ed750eebc606319d97c,AFLT,,Aeroflot,2021,2021,annual,IFRS,balance_sheet,TOTAL EQUITY,total_equity,-146438,-146438000000.0,RUB,currency,1000000,False,,pdftotext lines 335-527 and 3157-3188,Aeroflot consolidated financial statements 2021,https://ir.aeroflot.ru/en/financial-information/financial-results/,official_ifrs_verified_seed,official_ifrs,2,False,verified_seed,0.98,96,verified_seed,2026-06-28T08:55:00+00:00,stale,verified_official_ifrs_seed
f5fd251014526856cc066d3a139743fdf64f794c,ed20b1229c1855f941157ed750eebc606319d97c,AFLT,,Aeroflot,2021,2021,annual,IFRS,balance_sheet,Total debt,total_debt,798284,798284000000.0,RUB,currency,1000000,False,,pdftotext lines 335-527 and 3157-3188,Aeroflot consolidated financial statements 2021,https://ir.aeroflot.ru/en/financial-information/financial-results/,official_ifrs_verified_seed,official_ifrs,2,False,verified_seed,0.98,96,verified_seed,2026-06-28T08:55:00+00:00,stale,verified_official_ifrs_seed
127c5d671654e339138488b99053b29f39ef3e95,ed20b1229c1855f941157ed750eebc606319d97c,AFLT,,Aeroflot,2021,2021,annual,IFRS,balance_sheet,Cash and cash equivalents,cash_and_equivalents,74180,74180000000.0,RUB,currency,1000000,False,,pdftotext lines 335-527 and 3157-3188,Aeroflot consolidated financial statements 2021,https://ir.aeroflot.ru/en/financial-information/financial-results/,official_ifrs_verified_seed,official_ifrs,2,False,verified_seed,0.98,96,verified_seed,2026-06-28T08:55:00+00:00,stale,verified_official_ifrs_seed
9225dda85c2db2e3c8e907767e1f01a9fadbb24e,ed20b1229c1855f941157ed750eebc606319d97c,AFLT,,Aeroflot,2021,2021,annual,IFRS,cash_flow,Net cash flows from operating activities,operating_cash_flow,94846,94846000000.0,RUB,currency,1000000,False,,pdftotext lines 335-527 and 3157-3188,Aeroflot consolidated financial statements 2021,https://ir.aeroflot.ru/en/financial-information/financial-results/,official_ifrs_verified_seed,official_ifrs,2,False,verified_seed,0.98,96,verified_seed,2026-06-28T08:55:00+00:00,stale,verified_official_ifrs_seed
430d46d469266545ed1c1d9a6d189a8b83514b19,ed20b1229c1855f941157ed750eebc606319d97c,AFLT,,Aeroflot,2021,2021,annual,IFRS,cash_flow,"Purchases of property, plant and equipment, right-of-use assets, intangible assets and capitalised repair expenses",capex,-17319,-17319000000.0,RUB,currency,1000000,False,,pdftotext lines 335-527 and 3157-3188,Aeroflot consolidated financial statements 2021,https://ir.aeroflot.ru/en/financial-information/financial-results/,official_ifrs_verified_seed,official_ifrs,2,False,verified_seed,0.98,96,verified_seed,2026-06-28T08:55:00+00:00,stale,verified_official_ifrs_seed
30a97db32005d7d06accbe8dbc75243370069ebb,ed20b1229c1855f941157ed750eebc606319d97c,AFLT,,Aeroflot,2021,2021,annual,IFRS,cash_flow,Net cash flows from operating activities + capex,free_cash_flow,77527,77527000000.0,RUB,currency,1000000,True,94846 + (-17319),pdftotext lines 335-527 and 3157-3188,Aeroflot consolidated financial statements 2021,https://ir.aeroflot.ru/en/financial-information/financial-results/,official_ifrs_verified_seed,official_ifrs,2,False,verified_seed,0.98,96,verified_seed,2026-06-28T08:55:00+00:00,stale,verified_official_ifrs_seed
5cc9b291f760d8b8fa79c6853d93f68e752658e1,ed20b1229c1855f941157ed750eebc606319d97c,AFLT,,Aeroflot,2021,2021,annual,IFRS,cash_flow,Dividends paid,dividends_paid,14,14000000.0,RUB,currency,1000000,False,,pdftotext lines 335-527 and 3157-3188,Aeroflot consolidated financial statements 2021,https://ir.aeroflot.ru/en/financial-information/financial-results/,official_ifrs_verified_seed,official_ifrs,2,False,verified_seed,0.98,96,verified_seed,2026-06-28T08:55:00+00:00,stale,verified_official_ifrs_seed
537e13a78ee5d8f0554bee124d89f1b826919c60,6f21d7eb29873ee6b8e7451770f35415cf03ad7f,MTS,,MTS,2024,2024,annual,IFRS,income_statement,Total revenue from services and goods,revenue,703741,703741000000.0,RUB,currency,1000000,True,639790 + 63951,xlsx FY 2024 column,MTS summary financials 4Q 2024,https://storage.ir.mts.ru/mts-ir/images/documents/MTS__SummaryFinancials_4Q2024.xlsx,official_ifrs_verified_seed,official_ifrs,2,False,verified_seed,0.98,96,verified_seed,2026-06-28T08:55:00+00:00,current_2024,verified_official_ifrs_seed
d898746a705ff770ad8f7901bcd667c2c92166c0,6f21d7eb29873ee6b8e7451770f35415cf03ad7f,MTS,,MTS,2024,2024,annual,IFRS,income_statement,Profit for the period,net_income,51299,51299000000.0,RUB,currency,1000000,False,,xlsx FY 2024 column,MTS summary financials 4Q 2024,https://storage.ir.mts.ru/mts-ir/images/documents/MTS__SummaryFinancials_4Q2024.xlsx,official_ifrs_verified_seed,official_ifrs,2,False,verified_seed,0.98,96,verified_seed,2026-06-28T08:55:00+00:00,current_2024,verified_official_ifrs_seed
e8bcc93ff20b01f80ba990b4ccd8a5101969fde6,6f21d7eb29873ee6b8e7451770f35415cf03ad7f,MTS,,MTS,2024,2024,annual,IFRS,balance_sheet,Total assets,total_assets,1516963,1516963000000.0,RUB,currency,1000000,False,,xlsx FY 2024 column,MTS summary financials 4Q 2024,https://storage.ir.mts.ru/mts-ir/images/documents/MTS__SummaryFinancials_4Q2024.xlsx,official_ifrs_verified_seed,official_ifrs,2,False,verified_seed,0.98,96,verified_seed,2026-06-28T08:55:00+00:00,current_2024,verified_official_ifrs_seed
1575da1efbfb7c50b330ffc4b0ec066c3bad37ca,6f21d7eb29873ee6b8e7451770f35415cf03ad7f,MTS,,MTS,2024,2024,annual,IFRS,balance_sheet,Total equity,total_equity,-11234,-11234000000.0,RUB,currency,1000000,False,,xlsx FY 2024 column,MTS summary financials 4Q 2024,https://storage.ir.mts.ru/mts-ir/images/documents/MTS__SummaryFinancials_4Q2024.xlsx,official_ifrs_verified_seed,official_ifrs,2,False,verified_seed,0.98,96,verified_seed,2026-06-28T08:55:00+00:00,current_2024,verified_official_ifrs_seed
049d9be09f13a7301074a12f57761a1495f5a940,6f21d7eb29873ee6b8e7451770f35415cf03ad7f,MTS,,MTS,2024,2024,annual,IFRS,balance_sheet,Total debt obligations,total_debt,672602,672602000000.0,RUB,currency,1000000,False,,xlsx FY 2024 column,MTS summary financials 4Q 2024,https://storage.ir.mts.ru/mts-ir/images/documents/MTS__SummaryFinancials_4Q2024.xlsx,official_ifrs_verified_seed,official_ifrs,2,False,verified_seed,0.98,96,verified_seed,2026-06-28T08:55:00+00:00,current_2024,verified_official_ifrs_seed
1f87edf2599ce13cd1b15a7d4d2a46beae29393f,6f21d7eb29873ee6b8e7451770f35415cf03ad7f,MTS,,MTS,2024,2024,annual,IFRS,balance_sheet,Cash and cash equivalents,cash_and_equivalents,109776,109776000000.0,RUB,currency,1000000,False,,xlsx FY 2024 column,MTS summary financials 4Q 2024,https://storage.ir.mts.ru/mts-ir/images/documents/MTS__SummaryFinancials_4Q2024.xlsx,official_ifrs_verified_seed,official_ifrs,2,False,verified_seed,0.98,96,verified_seed,2026-06-28T08:55:00+00:00,current_2024,verified_official_ifrs_seed
c4ce6c206bc831c5940b9fa64e3a46bcda80134e,6f21d7eb29873ee6b8e7451770f35415cf03ad7f,MTS,,MTS,2024,2024,annual,IFRS,cash_flow,Net cash flow from operating activities,operating_cash_flow,158958,158958000000.0,RUB,currency,1000000,False,,xlsx FY 2024 column,MTS summary financials 4Q 2024,https://storage.ir.mts.ru/mts-ir/images/documents/MTS__SummaryFinancials_4Q2024.xlsx,official_ifrs_verified_seed,official_ifrs,2,False,verified_seed,0.98,96,verified_seed,2026-06-28T08:55:00+00:00,current_2024,verified_official_ifrs_seed
0914624776085690d6f7db5298c94eda6ff68ff7,6f21d7eb29873ee6b8e7451770f35415cf03ad7f,MTS,,MTS,2024,2024,annual,IFRS,cash_flow,Purchase of PPE + intangible assets + investment property,capex,-132462,-132462000000.0,RUB,currency,1000000,True,-67112 + (-65261) + (-89),xlsx FY 2024 column,MTS summary financials 4Q 2024,https://storage.ir.mts.ru/mts-ir/images/documents/MTS__SummaryFinancials_4Q2024.xlsx,official_ifrs_verified_seed,official_ifrs,2,False,verified_seed,0.98,96,verified_seed,2026-06-28T08:55:00+00:00,current_2024,verified_official_ifrs_seed
35aca0281f9d9bf8a9a2ca0200c82be79dee9884,6f21d7eb29873ee6b8e7451770f35415cf03ad7f,MTS,,MTS,2024,2024,annual,IFRS,cash_flow,Net cash flow from operating activities + capex,free_cash_flow,26496,26496000000.0,RUB,currency,1000000,True,158958 + (-132462),xlsx FY 2024 column,MTS summary financials 4Q 2024,https://storage.ir.mts.ru/mts-ir/images/documents/MTS__SummaryFinancials_4Q2024.xlsx,official_ifrs_verified_seed,official_ifrs,2,False,verified_seed,0.98,96,verified_seed,2026-06-28T08:55:00+00:00,current_2024,verified_official_ifrs_seed
f9564d828e91bb9b6ae1ae08a047891839b95194,6f21d7eb29873ee6b8e7451770f35415cf03ad7f,MTS,,MTS,2024,2024,annual,IFRS,cash_flow,Dividends paid,dividends_paid,47318,47318000000.0,RUB,currency,1000000,False,,xlsx FY 2024 column,MTS summary financials 4Q 2024,https://storage.ir.mts.ru/mts-ir/images/documents/MTS__SummaryFinancials_4Q2024.xlsx,official_ifrs_verified_seed,official_ifrs,2,False,verified_seed,0.98,96,verified_seed,2026-06-28T08:55:00+00:00,current_2024,verified_official_ifrs_seed
dc59cdd3f8640e242df1e2343f8f23c919022bd6,33ca82ccf736163030a08087f9469ac12a263d8f,CHMF,3528000597,Severstal,2016,2016,annual,IFRS,income_statement,Revenue,revenue,5916,5916000000.0,USD,currency,1000000,False,,xlsx PL row 9 col 33,Severstal financial and operational databook 2016,https://severstal.com/upload/iblock/e1d/Financial_and_Operating_data_SVST_4Q_21.xlsx,official_ifrs_verified_seed,official_ifrs,2,False,verified_seed,0.98,96,verified_seed,2026-06-28T08:56:00+00:00,stale,verified_official_ifrs_seed
ca789b556124607335ecbce048dc094a7aef323c,33ca82ccf736163030a08087f9469ac12a263d8f,CHMF,3528000597,Severstal,2016,2016,annual,IFRS,income_statement,Profit/(loss) for the period,net_income,1620,1620000000.0,USD,currency,1000000,False,,xlsx PL row 34 col 33,Severstal financial and operational databook 2016,https://severstal.com/upload/iblock/e1d/Financial_and_Operating_data_SVST_4Q_21.xlsx,official_ifrs_verified_seed,official_ifrs,2,False,verified_seed,0.98,96,verified_seed,2026-06-28T08:56:00+00:00,stale,verified_official_ifrs_seed
a767480d696fd59625a1f8d08d5440d974f1e6a4,33ca82ccf736163030a08087f9469ac12a263d8f,CHMF,3528000597,Severstal,2016,2016,annual,IFRS,balance_sheet,TOTAL ASSETS,total_assets,6483,6483000000.0,USD,currency,1000000,False,,xlsx BS row 33 col 8,Severstal financial and operational databook 2016,https://severstal.com/upload/iblock/e1d/Financial_and_Operating_data_SVST_4Q_21.xlsx,official_ifrs_verified_seed,official_ifrs,2,False,verified_seed,0.98,96,verified_seed,2026-06-28T08:56:00+00:00,stale,verified_official_ifrs_seed
33bc0546c66fc7eae51c62b3e671b6f4019c9cd7,33ca82ccf736163030a08087f9469ac12a263d8f,CHMF,3528000597,Severstal,2016,2016,annual,IFRS,balance_sheet,Total equity,total_equity,3041,3041000000.0,USD,currency,1000000,False,,xlsx BS row 66 col 8,Severstal financial and operational databook 2016,https://severstal.com/upload/iblock/e1d/Financial_and_Operating_data_SVST_4Q_21.xlsx,official_ifrs_verified_seed,official_ifrs,2,False,verified_seed,0.98,96,verified_seed,2026-06-28T08:56:00+00:00,stale,verified_official_ifrs_seed
06f9d81299d11f20a2cbaccf6a8b57dcd755bb79,33ca82ccf736163030a08087f9469ac12a263d8f,CHMF,3528000597,Severstal,2016,2016,annual,IFRS,balance_sheet,Short-term debt finance + Long-term debt finance,total_debt,2013,2013000000.0,USD,currency,1000000,True,673 + 1340,xlsx BS rows 41 and 50 col 8,Severstal financial and operational databook 2016,https://severstal.com/upload/iblock/e1d/Financial_and_Operating_data_SVST_4Q_21.xlsx,official_ifrs_verified_seed,official_ifrs,2,False,verified_seed,0.98,96,verified_seed,2026-06-28T08:56:00+00:00,stale,verified_official_ifrs_seed
53cc56c3cd9284c9952c4adb226fe96106eab365,33ca82ccf736163030a08087f9469ac12a263d8f,CHMF,3528000597,Severstal,2016,2016,annual,IFRS,balance_sheet,Cash and cash equivalents,cash_and_equivalents,1154,1154000000.0,USD,currency,1000000,False,,xlsx BS row 11 col 8,Severstal financial and operational databook 2016,https://severstal.com/upload/iblock/e1d/Financial_and_Operating_data_SVST_4Q_21.xlsx,official_ifrs_verified_seed,official_ifrs,2,False,verified_seed,0.98,96,verified_seed,2026-06-28T08:56:00+00:00,stale,verified_official_ifrs_seed
896db893dec54c46d5ec26577d6b41f4cb21e54a,33ca82ccf736163030a08087f9469ac12a263d8f,CHMF,3528000597,Severstal,2016,2016,annual,IFRS,cash_flow,Net cash from operating activities,operating_cash_flow,1477,1477000000.0,USD,currency,1000000,False,,xlsx CF row 37 col 33,Severstal financial and operational databook 2016,https://severstal.com/upload/iblock/e1d/Financial_and_Operating_data_SVST_4Q_21.xlsx,official_ifrs_verified_seed,official_ifrs,2,False,verified_seed,0.98,96,verified_seed,2026-06-28T08:56:00+00:00,stale,verified_official_ifrs_seed
5133524f53e89df7fa73a43c9bcabfe34fbb20d2,33ca82ccf736163030a08087f9469ac12a263d8f,CHMF,3528000597,Severstal,2016,2016,annual,IFRS,cash_flow,"Additions to property, plant and equipment",capex,-494,-494000000.0,USD,currency,1000000,False,,xlsx CF row 40 col 33,Severstal financial and operational databook 2016,https://severstal.com/upload/iblock/e1d/Financial_and_Operating_data_SVST_4Q_21.xlsx,official_ifrs_verified_seed,official_ifrs,2,False,verified_seed,0.98,96,verified_seed,2026-06-28T08:56:00+00:00,stale,verified_official_ifrs_seed
8140a48e34221bd139956e088bb611baedaf8316,33ca82ccf736163030a08087f9469ac12a263d8f,CHMF,3528000597,Severstal,2016,2016,annual,IFRS,cash_flow,Free Cash Flow,free_cash_flow,1020,1020000000.0,USD,currency,1000000,False,,xlsx CF row 71 col 33,Severstal financial and operational databook 2016,https://severstal.com/upload/iblock/e1d/Financial_and_Operating_data_SVST_4Q_21.xlsx,official_ifrs_verified_seed,official_ifrs,2,False,verified_seed,0.98,96,verified_seed,2026-06-28T08:56:00+00:00,stale,verified_official_ifrs_seed
8a14442543fd0e3f31556ef5db86eb49877d450c,33ca82ccf736163030a08087f9469ac12a263d8f,CHMF,3528000597,Severstal,2016,2016,annual,IFRS,cash_flow,Dividends paid,dividends_paid,921,921000000.0,USD,currency,1000000,False,,xlsx CF row 58 col 33,Severstal financial and operational databook 2016,https://severstal.com/upload/iblock/e1d/Financial_and_Operating_data_SVST_4Q_21.xlsx,official_ifrs_verified_seed,official_ifrs,2,False,verified_seed,0.98,96,verified_seed,2026-06-28T08:56:00+00:00,stale,verified_official_ifrs_seed
9ace55950a487f1386897ec8c9d10769412da352,c33d421045b9bcbd78ab959d8f1319f5f9df2ee8,CHMF,3528000597,Severstal,2017,2017,annual,IFRS,income_statement,Revenue,revenue,7848,7848000000.0,USD,currency,1000000,False,,xlsx PL row 9 col 37,Severstal financial and operational databook 2017,https://severstal.com/upload/iblock/e1d/Financial_and_Operating_data_SVST_4Q_21.xlsx,official_ifrs_verified_seed,official_ifrs,2,False,verified_seed,0.98,96,verified_seed,2026-06-28T08:56:00+00:00,stale,verified_official_ifrs_seed
bb75867a834b27faaa9b1aef3a0147050422140c,c33d421045b9bcbd78ab959d8f1319f5f9df2ee8,CHMF,3528000597,Severstal,2017,2017,annual,IFRS,income_statement,Profit/(loss) for the period,net_income,1355,1355000000.0,USD,currency,1000000,False,,xlsx PL row 34 col 37,Severstal financial and operational databook 2017,https://severstal.com/upload/iblock/e1d/Financial_and_Operating_data_SVST_4Q_21.xlsx,official_ifrs_verified_seed,official_ifrs,2,False,verified_seed,0.98,96,verified_seed,2026-06-28T08:56:00+00:00,stale,verified_official_ifrs_seed
0981f7dc9014fb730d3b35ec87e9f25e3a5884d3,c33d421045b9bcbd78ab959d8f1319f5f9df2ee8,CHMF,3528000597,Severstal,2017,2017,annual,IFRS,balance_sheet,TOTAL ASSETS,total_assets,7209,7209000000.0,USD,currency,1000000,False,,xlsx BS row 33 col 12,Severstal financial and operational databook 2017,https://severstal.com/upload/iblock/e1d/Financial_and_Operating_data_SVST_4Q_21.xlsx,official_ifrs_verified_seed,official_ifrs,2,False,verified_seed,0.98,96,verified_seed,2026-06-28T08:56:00+00:00,stale,verified_official_ifrs_seed
9755fde47ce20ed0222c0724ec8f3d1df5a14c6d,c33d421045b9bcbd78ab959d8f1319f5f9df2ee8,CHMF,3528000597,Severstal,2017,2017,annual,IFRS,balance_sheet,Total equity,total_equity,3398,3398000000.0,USD,currency,1000000,False,,xlsx BS row 66 col 12,Severstal financial and operational databook 2017,https://severstal.com/upload/iblock/e1d/Financial_and_Operating_data_SVST_4Q_21.xlsx,official_ifrs_verified_seed,official_ifrs,2,False,verified_seed,0.98,96,verified_seed,2026-06-28T08:56:00+00:00,stale,verified_official_ifrs_seed
11c504f209df6e778333aa60b9031ec4791352ec,c33d421045b9bcbd78ab959d8f1319f5f9df2ee8,CHMF,3528000597,Severstal,2017,2017,annual,IFRS,balance_sheet,Short-term debt finance + Long-term debt finance,total_debt,2093,2093000000.0,USD,currency,1000000,True,586 + 1507,xlsx BS rows 41 and 50 col 12,Severstal financial and operational databook 2017,https://severstal.com/upload/iblock/e1d/Financial_and_Operating_data_SVST_4Q_21.xlsx,official_ifrs_verified_seed,official_ifrs,2,False,verified_seed,0.98,96,verified_seed,2026-06-28T08:56:00+00:00,stale,verified_official_ifrs_seed
20267469c613013a21cf4e2123916656e6d0b219,c33d421045b9bcbd78ab959d8f1319f5f9df2ee8,CHMF,3528000597,Severstal,2017,2017,annual,IFRS,balance_sheet,Cash and cash equivalents,cash_and_equivalents,1031,1031000000.0,USD,currency,1000000,False,,xlsx BS row 11 col 12,Severstal financial and operational databook 2017,https://severstal.com/upload/iblock/e1d/Financial_and_Operating_data_SVST_4Q_21.xlsx,official_ifrs_verified_seed,official_ifrs,2,False,verified_seed,0.98,96,verified_seed,2026-06-28T08:56:00+00:00,stale,verified_official_ifrs_seed
b089462547f0cef8eed6ec425c69aab34786ad09,c33d421045b9bcbd78ab959d8f1319f5f9df2ee8,CHMF,3528000597,Severstal,2017,2017,annual,IFRS,cash_flow,Net cash from operating activities,operating_cash_flow,1914,1914000000.0,USD,currency,1000000,False,,xlsx CF row 37 col 37,Severstal financial and operational databook 2017,https://severstal.com/upload/iblock/e1d/Financial_and_Operating_data_SVST_4Q_21.xlsx,official_ifrs_verified_seed,official_ifrs,2,False,verified_seed,0.98,96,verified_seed,2026-06-28T08:56:00+00:00,stale,verified_official_ifrs_seed
5101c1e037d53ed009c502477a00e17db803de75,c33d421045b9bcbd78ab959d8f1319f5f9df2ee8,CHMF,3528000597,Severstal,2017,2017,annual,IFRS,cash_flow,"Additions to property, plant and equipment",capex,-560,-560000000.0,USD,currency,1000000,False,,xlsx CF row 40 col 37,Severstal financial and operational databook 2017,https://severstal.com/upload/iblock/e1d/Financial_and_Operating_data_SVST_4Q_21.xlsx,official_ifrs_verified_seed,official_ifrs,2,False,verified_seed,0.98,96,verified_seed,2026-06-28T08:56:00+00:00,stale,verified_official_ifrs_seed
bf2f0a87d818122e78fe031ee89484b5fa669b44,c33d421045b9bcbd78ab959d8f1319f5f9df2ee8,CHMF,3528000597,Severstal,2017,2017,annual,IFRS,cash_flow,Free Cash Flow,free_cash_flow,1393,1393000000.0,USD,currency,1000000,False,,xlsx CF row 71 col 37,Severstal financial and operational databook 2017,https://severstal.com/upload/iblock/e1d/Financial_and_Operating_data_SVST_4Q_21.xlsx,official_ifrs_verified_seed,official_ifrs,2,False,verified_seed,0.98,96,verified_seed,2026-06-28T08:56:00+00:00,stale,verified_official_ifrs_seed
6ae6c1e624606ced766531b14d44cbaaf4ca8f54,c33d421045b9bcbd78ab959d8f1319f5f9df2ee8,CHMF,3528000597,Severstal,2017,2017,annual,IFRS,cash_flow,Dividends paid,dividends_paid,1530,1530000000.0,USD,currency,1000000,False,,xlsx CF row 58 col 37,Severstal financial and operational databook 2017,https://severstal.com/upload/iblock/e1d/Financial_and_Operating_data_SVST_4Q_21.xlsx,official_ifrs_verified_seed,official_ifrs,2,False,verified_seed,0.98,96,verified_seed,2026-06-28T08:56:00+00:00,stale,verified_official_ifrs_seed
885a43a49367a591d08b0438b4c446adc1c74e10,6e149184d602a347980f755cf480e09bfbf2bc56,CHMF,3528000597,Severstal,2018,2018,annual,IFRS,income_statement,Revenue,revenue,8580,8580000000.0,USD,currency,1000000,False,,xlsx PL row 9 col 41,Severstal financial and operational databook 2018,https://severstal.com/upload/iblock/e1d/Financial_and_Operating_data_SVST_4Q_21.xlsx,official_ifrs_verified_seed,official_ifrs,2,False,verified_seed,0.98,96,verified_seed,2026-06-28T08:56:00+00:00,stale,verified_official_ifrs_seed
238119670d685aaf5bebfb0697235f01143e0d9d,6e149184d602a347980f755cf480e09bfbf2bc56,CHMF,3528000597,Severstal,2018,2018,annual,IFRS,income_statement,Profit/(loss) for the period,net_income,2051,2051000000.0,USD,currency,1000000,False,,xlsx PL row 34 col 41,Severstal financial and operational databook 2018,https://severstal.com/upload/iblock/e1d/Financial_and_Operating_data_SVST_4Q_21.xlsx,official_ifrs_verified_seed,official_ifrs,2,False,verified_seed,0.98,96,verified_seed,2026-06-28T08:56:00+00:00,stale,verified_official_ifrs_seed
613487530a209f74d7fa716b6351dd50247b58c7,6e149184d602a347980f755cf480e09bfbf2bc56,CHMF,3528000597,Severstal,2018,2018,annual,IFRS,balance_sheet,TOTAL ASSETS,total_assets,5874,5874000000.0,USD,currency,1000000,False,,xlsx BS row 33 col 16,Severstal financial and operational databook 2018,https://severstal.com/upload/iblock/e1d/Financial_and_Operating_data_SVST_4Q_21.xlsx,official_ifrs_verified_seed,official_ifrs,2,False,verified_seed,0.98,96,verified_seed,2026-06-28T08:56:00+00:00,stale,verified_official_ifrs_seed
7d884c58e2bd3d0a1fafd0b391c8ed042bf12672,6e149184d602a347980f755cf480e09bfbf2bc56,CHMF,3528000597,Severstal,2018,2018,annual,IFRS,balance_sheet,Total equity,total_equity,2879,2879000000.0,USD,currency,1000000,False,,xlsx BS row 66 col 16,Severstal financial and operational databook 2018,https://severstal.com/upload/iblock/e1d/Financial_and_Operating_data_SVST_4Q_21.xlsx,official_ifrs_verified_seed,official_ifrs,2,False,verified_seed,0.98,96,verified_seed,2026-06-28T08:56:00+00:00,stale,verified_official_ifrs_seed
1b75415d0d372fff46e5b0e33feda553ad9152b2,6e149184d602a347980f755cf480e09bfbf2bc56,CHMF,3528000597,Severstal,2018,2018,annual,IFRS,balance_sheet,Short-term debt finance + Long-term debt finance,total_debt,1455,1455000000.0,USD,currency,1000000,True,110 + 1345,xlsx BS rows 41 and 50 col 16,Severstal financial and operational databook 2018,https://severstal.com/upload/iblock/e1d/Financial_and_Operating_data_SVST_4Q_21.xlsx,official_ifrs_verified_seed,official_ifrs,2,False,verified_seed,0.98,96,verified_seed,2026-06-28T08:56:00+00:00,stale,verified_official_ifrs_seed
9b6ec03fb3f865c1de1405b6846634a6db10ebdb,6e149184d602a347980f755cf480e09bfbf2bc56,CHMF,3528000597,Severstal,2018,2018,annual,IFRS,balance_sheet,Cash and cash equivalents,cash_and_equivalents,228,228000000.0,USD,currency,1000000,False,,xlsx BS row 11 col 16,Severstal financial and operational databook 2018,https://severstal.com/upload/iblock/e1d/Financial_and_Operating_data_SVST_4Q_21.xlsx,official_ifrs_verified_seed,official_ifrs,2,False,verified_seed,0.98,96,verified_seed,2026-06-28T08:56:00+00:00,stale,verified_official_ifrs_seed
a8cafbc789dda0ab9958f493a4c82d2d4714d407,6e149184d602a347980f755cf480e09bfbf2bc56,CHMF,3528000597,Severstal,2018,2018,annual,IFRS,cash_flow,Net cash from operating activities,operating_cash_flow,2254,2254000000.0,USD,currency,1000000,False,,xlsx CF row 37 col 41,Severstal financial and operational databook 2018,https://severstal.com/upload/iblock/e1d/Financial_and_Operating_data_SVST_4Q_21.xlsx,official_ifrs_verified_seed,official_ifrs,2,False,verified_seed,0.98,96,verified_seed,2026-06-28T08:56:00+00:00,stale,verified_official_ifrs_seed
a1d443810d0efe678cce5fb445d3af41d3e07efe,6e149184d602a347980f755cf480e09bfbf2bc56,CHMF,3528000597,Severstal,2018,2018,annual,IFRS,cash_flow,"Additions to property, plant and equipment",capex,-653,-653000000.0,USD,currency,1000000,False,,xlsx CF row 40 col 41,Severstal financial and operational databook 2018,https://severstal.com/upload/iblock/e1d/Financial_and_Operating_data_SVST_4Q_21.xlsx,official_ifrs_verified_seed,official_ifrs,2,False,verified_seed,0.98,96,verified_seed,2026-06-28T08:56:00+00:00,stale,verified_official_ifrs_seed
d8752cffee8bcc3d6123e7fd97ac1b9e15955f29,6e149184d602a347980f755cf480e09bfbf2bc56,CHMF,3528000597,Severstal,2018,2018,annual,IFRS,cash_flow,Free Cash Flow,free_cash_flow,1601,1601000000.0,USD,currency,1000000,False,,xlsx CF row 71 col 41,Severstal financial and operational databook 2018,https://severstal.com/upload/iblock/e1d/Financial_and_Operating_data_SVST_4Q_21.xlsx,official_ifrs_verified_seed,official_ifrs,2,False,verified_seed,0.98,96,verified_seed,2026-06-28T08:56:00+00:00,stale,verified_official_ifrs_seed
f100255b68c90f42548bbe8e35a9d351721a3f8f,6e149184d602a347980f755cf480e09bfbf2bc56,CHMF,3528000597,Severstal,2018,2018,annual,IFRS,cash_flow,Dividends paid,dividends_paid,1971,1971000000.0,USD,currency,1000000,False,,xlsx CF row 58 col 41,Severstal financial and operational databook 2018,https://severstal.com/upload/iblock/e1d/Financial_and_Operating_data_SVST_4Q_21.xlsx,official_ifrs_verified_seed,official_ifrs,2,False,verified_seed,0.98,96,verified_seed,2026-06-28T08:56:00+00:00,stale,verified_official_ifrs_seed
c145096fce147343ef47595c9a298a4d7c9b1802,297c776da44034f0cf72735b51473c36c3918892,CHMF,3528000597,Severstal,2019,2019,annual,IFRS,income_statement,Revenue,revenue,8157,8157000000.0,USD,currency,1000000,False,,xlsx PL row 9 col 45,Severstal financial and operational databook 2019,https://severstal.com/upload/iblock/e1d/Financial_and_Operating_data_SVST_4Q_21.xlsx,official_ifrs_verified_seed,official_ifrs,2,False,verified_seed,0.98,96,verified_seed,2026-06-28T08:56:00+00:00,stale,verified_official_ifrs_seed
030162c9100efef7dddfa7c3dba9f4d75a3ffe72,297c776da44034f0cf72735b51473c36c3918892,CHMF,3528000597,Severstal,2019,2019,annual,IFRS,income_statement,Profit/(loss) for the period,net_income,1767,1767000000.0,USD,currency,1000000,False,,xlsx PL row 34 col 45,Severstal financial and operational databook 2019,https://severstal.com/upload/iblock/e1d/Financial_and_Operating_data_SVST_4Q_21.xlsx,official_ifrs_verified_seed,official_ifrs,2,False,verified_seed,0.98,96,verified_seed,2026-06-28T08:56:00+00:00,stale,verified_official_ifrs_seed
1bab2b09241edc734b2946e3dec5e29206712a3c,297c776da44034f0cf72735b51473c36c3918892,CHMF,3528000597,Severstal,2019,2019,annual,IFRS,balance_sheet,TOTAL ASSETS,total_assets,8222,8222000000.0,USD,currency,1000000,False,,xlsx BS row 33 col 20,Severstal financial and operational databook 2019,https://severstal.com/upload/iblock/e1d/Financial_and_Operating_data_SVST_4Q_21.xlsx,official_ifrs_verified_seed,official_ifrs,2,False,verified_seed,0.98,96,verified_seed,2026-06-28T08:56:00+00:00,stale,verified_official_ifrs_seed
03b31a8fc37d4dfe42ac1eaea9538b0606629794,297c776da44034f0cf72735b51473c36c3918892,CHMF,3528000597,Severstal,2019,2019,annual,IFRS,balance_sheet,Total equity,total_equity,3478,3478000000.0,USD,currency,1000000,False,,xlsx BS row 66 col 20,Severstal financial and operational databook 2019,https://severstal.com/upload/iblock/e1d/Financial_and_Operating_data_SVST_4Q_21.xlsx,official_ifrs_verified_seed,official_ifrs,2,False,verified_seed,0.98,96,verified_seed,2026-06-28T08:56:00+00:00,stale,verified_official_ifrs_seed
9ecbeda1227038f518d841a2d511156141c2f8c6,297c776da44034f0cf72735b51473c36c3918892,CHMF,3528000597,Severstal,2019,2019,annual,IFRS,balance_sheet,Short-term debt finance + Long-term debt finance,total_debt,2651,2651000000.0,USD,currency,1000000,True,290 + 2361,xlsx BS rows 41 and 50 col 20,Severstal financial and operational databook 2019,https://severstal.com/upload/iblock/e1d/Financial_and_Operating_data_SVST_4Q_21.xlsx,official_ifrs_verified_seed,official_ifrs,2,False,verified_seed,0.98,96,verified_seed,2026-06-28T08:56:00+00:00,stale,verified_official_ifrs_seed
808aded25d241667eebba6edef5b5c6ac8549de9,297c776da44034f0cf72735b51473c36c3918892,CHMF,3528000597,Severstal,2019,2019,annual,IFRS,balance_sheet,Cash and cash equivalents,cash_and_equivalents,1081,1081000000.0,USD,currency,1000000,False,,xlsx BS row 11 col 20,Severstal financial and operational databook 2019,https://severstal.com/upload/iblock/e1d/Financial_and_Operating_data_SVST_4Q_21.xlsx,official_ifrs_verified_seed,official_ifrs,2,False,verified_seed,0.98,96,verified_seed,2026-06-28T08:56:00+00:00,stale,verified_official_ifrs_seed
ff6d1b85e13d71dc55776fbdbcb514dc5fad030e,297c776da44034f0cf72735b51473c36c3918892,CHMF,3528000597,Severstal,2019,2019,annual,IFRS,cash_flow,Net cash from operating activities,operating_cash_flow,2292,2292000000.0,USD,currency,1000000,False,,xlsx CF row 37 col 45,Severstal financial and operational databook 2019,https://severstal.com/upload/iblock/e1d/Financial_and_Operating_data_SVST_4Q_21.xlsx,official_ifrs_verified_seed,official_ifrs,2,False,verified_seed,0.98,96,verified_seed,2026-06-28T08:56:00+00:00,stale,verified_official_ifrs_seed
9ccd9e9fc5aeb5d174c8ac7f1de6c9f2c4ea6ebf,297c776da44034f0cf72735b51473c36c3918892,CHMF,3528000597,Severstal,2019,2019,annual,IFRS,cash_flow,"Additions to property, plant and equipment",capex,-1157,-1157000000.0,USD,currency,1000000,False,,xlsx CF row 40 col 45,Severstal financial and operational databook 2019,https://severstal.com/upload/iblock/e1d/Financial_and_Operating_data_SVST_4Q_21.xlsx,official_ifrs_verified_seed,official_ifrs,2,False,verified_seed,0.98,96,verified_seed,2026-06-28T08:56:00+00:00,stale,verified_official_ifrs_seed
d07ca5da9bb1b5cdb070f2372316e4ad30844362,297c776da44034f0cf72735b51473c36c3918892,CHMF,3528000597,Severstal,2019,2019,annual,IFRS,cash_flow,Free Cash Flow,free_cash_flow,1099,1099000000.0,USD,currency,1000000,False,,xlsx CF row 71 col 45,Severstal financial and operational databook 2019,https://severstal.com/upload/iblock/e1d/Financial_and_Operating_data_SVST_4Q_21.xlsx,official_ifrs_verified_seed,official_ifrs,2,False,verified_seed,0.98,96,verified_seed,2026-06-28T08:56:00+00:00,stale,verified_official_ifrs_seed
d00d99f57cbe5feb9a85bf99c45af62ab902ee8b,297c776da44034f0cf72735b51473c36c3918892,CHMF,3528000597,Severstal,2019,2019,annual,IFRS,cash_flow,Dividends paid,dividends_paid,1574,1574000000.0,USD,currency,1000000,False,,xlsx CF row 58 col 45,Severstal financial and operational databook 2019,https://severstal.com/upload/iblock/e1d/Financial_and_Operating_data_SVST_4Q_21.xlsx,official_ifrs_verified_seed,official_ifrs,2,False,verified_seed,0.98,96,verified_seed,2026-06-28T08:56:00+00:00,stale,verified_official_ifrs_seed
22e23b88265e8470606be3b61a3d9676db26003d,c0d9e99541703a00bbea11eef437c4f1ff1e947c,CHMF,3528000597,Severstal,2020,2020,annual,IFRS,income_statement,Revenue,revenue,6870,6870000000.0,USD,currency,1000000,False,,xlsx PL row 9 col 49,Severstal financial and operational databook 2020,https://severstal.com/upload/iblock/e1d/Financial_and_Operating_data_SVST_4Q_21.xlsx,official_ifrs_verified_seed,official_ifrs,2,False,verified_seed,0.98,96,verified_seed,2026-06-28T08:56:00+00:00,stale,verified_official_ifrs_seed
fbf2107ea994d0e41f1986c107b6b25be104fd8d,c0d9e99541703a00bbea11eef437c4f1ff1e947c,CHMF,3528000597,Severstal,2020,2020,annual,IFRS,income_statement,Profit/(loss) for the period,net_income,1016,1016000000.0,USD,currency,1000000,False,,xlsx PL row 34 col 49,Severstal financial and operational databook 2020,https://severstal.com/upload/iblock/e1d/Financial_and_Operating_data_SVST_4Q_21.xlsx,official_ifrs_verified_seed,official_ifrs,2,False,verified_seed,0.98,96,verified_seed,2026-06-28T08:56:00+00:00,stale,verified_official_ifrs_seed
9126415dae7c33e7eaf7492e886e1c536cbe4ed7,c0d9e99541703a00bbea11eef437c4f1ff1e947c,CHMF,3528000597,Severstal,2020,2020,annual,IFRS,balance_sheet,TOTAL ASSETS,total_assets,7396,7396000000.0,USD,currency,1000000,False,,xlsx BS row 33 col 24,Severstal financial and operational databook 2020,https://severstal.com/upload/iblock/e1d/Financial_and_Operating_data_SVST_4Q_21.xlsx,official_ifrs_verified_seed,official_ifrs,2,False,verified_seed,0.98,96,verified_seed,2026-06-28T08:56:00+00:00,stale,verified_official_ifrs_seed
6da687dfdd861cc4e61fa7e202d82219c5705a13,c0d9e99541703a00bbea11eef437c4f1ff1e947c,CHMF,3528000597,Severstal,2020,2020,annual,IFRS,balance_sheet,Total equity,total_equity,2744,2744000000.0,USD,currency,1000000,False,,xlsx BS row 66 col 24,Severstal financial and operational databook 2020,https://severstal.com/upload/iblock/e1d/Financial_and_Operating_data_SVST_4Q_21.xlsx,official_ifrs_verified_seed,official_ifrs,2,False,verified_seed,0.98,96,verified_seed,2026-06-28T08:56:00+00:00,stale,verified_official_ifrs_seed
2db8c11c9fb1f0bdb864ac77eaedac8a0e6bc020,c0d9e99541703a00bbea11eef437c4f1ff1e947c,CHMF,3528000597,Severstal,2020,2020,annual,IFRS,balance_sheet,Short-term debt finance + Long-term debt finance,total_debt,2612,2612000000.0,USD,currency,1000000,True,610 + 2002,xlsx BS rows 41 and 50 col 24,Severstal financial and operational databook 2020,https://severstal.com/upload/iblock/e1d/Financial_and_Operating_data_SVST_4Q_21.xlsx,official_ifrs_verified_seed,official_ifrs,2,False,verified_seed,0.98,96,verified_seed,2026-06-28T08:56:00+00:00,stale,verified_official_ifrs_seed
be0dffa9aa3b1f45bf88b880d114c73010cb489d,c0d9e99541703a00bbea11eef437c4f1ff1e947c,CHMF,3528000597,Severstal,2020,2020,annual,IFRS,balance_sheet,Cash and cash equivalents,cash_and_equivalents,583,583000000.0,USD,currency,1000000,False,,xlsx BS row 11 col 24,Severstal financial and operational databook 2020,https://severstal.com/upload/iblock/e1d/Financial_and_Operating_data_SVST_4Q_21.xlsx,official_ifrs_verified_seed,official_ifrs,2,False,verified_seed,0.98,96,verified_seed,2026-06-28T08:56:00+00:00,stale,verified_official_ifrs_seed
a1e724277cac99874e17820ce1b8fb9c06fdc41d,c0d9e99541703a00bbea11eef437c4f1ff1e947c,CHMF,3528000597,Severstal,2020,2020,annual,IFRS,cash_flow,Net cash from operating activities,operating_cash_flow,2144,2144000000.0,USD,currency,1000000,False,,xlsx CF row 37 col 49,Severstal financial and operational databook 2020,https://severstal.com/upload/iblock/e1d/Financial_and_Operating_data_SVST_4Q_21.xlsx,official_ifrs_verified_seed,official_ifrs,2,False,verified_seed,0.98,96,verified_seed,2026-06-28T08:56:00+00:00,stale,verified_official_ifrs_seed
b59e9ea51855979dee182eb4a9cfba1faaa39e62,c0d9e99541703a00bbea11eef437c4f1ff1e947c,CHMF,3528000597,Severstal,2020,2020,annual,IFRS,cash_flow,"Additions to property, plant and equipment",capex,-1256,-1256000000.0,USD,currency,1000000,False,,xlsx CF row 40 col 49,Severstal financial and operational databook 2020,https://severstal.com/upload/iblock/e1d/Financial_and_Operating_data_SVST_4Q_21.xlsx,official_ifrs_verified_seed,official_ifrs,2,False,verified_seed,0.98,96,verified_seed,2026-06-28T08:56:00+00:00,stale,verified_official_ifrs_seed
d15dd8c72bf1f3ed639f9eb415edaf45d1f040ee,c0d9e99541703a00bbea11eef437c4f1ff1e947c,CHMF,3528000597,Severstal,2020,2020,annual,IFRS,cash_flow,Free Cash Flow,free_cash_flow,838,838000000.0,USD,currency,1000000,False,,xlsx CF row 71 col 49,Severstal financial and operational databook 2020,https://severstal.com/upload/iblock/e1d/Financial_and_Operating_data_SVST_4Q_21.xlsx,official_ifrs_verified_seed,official_ifrs,2,False,verified_seed,0.98,96,verified_seed,2026-06-28T08:56:00+00:00,stale,verified_official_ifrs_seed
42acdb4bee00f6b0f23c2cd60a83d04641f360fa,c0d9e99541703a00bbea11eef437c4f1ff1e947c,CHMF,3528000597,Severstal,2020,2020,annual,IFRS,cash_flow,Dividends paid,dividends_paid,1228,1228000000.0,USD,currency,1000000,False,,xlsx CF row 58 col 49,Severstal financial and operational databook 2020,https://severstal.com/upload/iblock/e1d/Financial_and_Operating_data_SVST_4Q_21.xlsx,official_ifrs_verified_seed,official_ifrs,2,False,verified_seed,0.98,96,verified_seed,2026-06-28T08:56:00+00:00,stale,verified_official_ifrs_seed
