ticker,year,sl_field,panel_col,panel_mln,smartlab_mln,ratio,action,currency,source
ABIO,2024,revenue,revenue_mln,1521.5,1520.0,0.999,match,RUB,https://smart-lab.ru/q/ABIO/f/y/
ABIO,2025,revenue,revenue_mln,1720.0,1720.0,1.0,match,RUB,https://smart-lab.ru/q/ABIO/f/y/
ABIO,2024,net_income,net_profit_mln,241.2,215.0,0.892,FLAG_DIVERGENCE,RUB,https://smart-lab.ru/q/ABIO/f/y/
ABIO,2025,net_income,net_profit_mln,,97.0,,skip(col_diverged),RUB,https://smart-lab.ru/q/ABIO/f/y/
ABIO,2024,ebitda,ebitda_mln,321.2,322.0,1.002,flag(needs_mapping),RUB,https://smart-lab.ru/q/ABIO/f/y/
ABIO,2025,ebitda,ebitda_mln,,215.0,,skip_empty(needs_mapping),RUB,https://smart-lab.ru/q/ABIO/f/y/
ABIO,2024,assets,assets_mln,2671.4,2670.0,0.999,match,RUB,https://smart-lab.ru/q/ABIO/f/y/
ABIO,2025,assets,assets_mln,2990.0,2990.0,1.0,match,RUB,https://smart-lab.ru/q/ABIO/f/y/
ABIO,2024,net_assets,equity_mln,1073.6,368.0,0.343,flag(needs_mapping),RUB,https://smart-lab.ru/q/ABIO/f/y/
ABIO,2025,net_assets,equity_mln,,474.0,,skip_empty(needs_mapping),RUB,https://smart-lab.ru/q/ABIO/f/y/
ABIO,2024,debt,total_debt_mln,,568.0,,skip_empty(needs_mapping),RUB,https://smart-lab.ru/q/ABIO/f/y/
ABIO,2025,debt,total_debt_mln,,821.0,,skip_empty(needs_mapping),RUB,https://smart-lab.ru/q/ABIO/f/y/
ABIO,2024,net_debt,net_debt_mln,234.3,70.0,0.299,flag(needs_mapping),RUB,https://smart-lab.ru/q/ABIO/f/y/
ABIO,2025,net_debt,net_debt_mln,,260.0,,skip_empty(needs_mapping),RUB,https://smart-lab.ru/q/ABIO/f/y/
ABIO,2024,ocf,CFO_,482.0,482.0,1.0,flag(needs_mapping),RUB,https://smart-lab.ru/q/ABIO/f/y/
ABIO,2025,ocf,CFO_,,191.0,,skip_empty(needs_mapping),RUB,https://smart-lab.ru/q/ABIO/f/y/
ABIO,2024,capex,CAPEX_,100.0,100.0,1.0,flag(needs_mapping),RUB,https://smart-lab.ru/q/ABIO/f/y/
ABIO,2025,capex,CAPEX_,,170.0,,skip_empty(needs_mapping),RUB,https://smart-lab.ru/q/ABIO/f/y/
ABIO,2024,fcf,FCF,382.0,185.0,0.484,flag(needs_mapping),RUB,https://smart-lab.ru/q/ABIO/f/y/
ABIO,2025,fcf,FCF,,-176.0,,skip_empty(needs_mapping),RUB,https://smart-lab.ru/q/ABIO/f/y/
ABRD,2024,revenue,revenue_mln,19647.8,19700.0,1.003,match,RUB,https://smart-lab.ru/q/ABRD/f/y/
ABRD,2025,revenue,revenue_mln,21200.0,21200.0,1.0,match,RUB,https://smart-lab.ru/q/ABRD/f/y/
ABRD,2024,net_income,net_profit_mln,1836.8,1880.0,1.023,match,RUB,https://smart-lab.ru/q/ABRD/f/y/
ABRD,2025,net_income,net_profit_mln,1960.0,1960.0,1.0,match,RUB,https://smart-lab.ru/q/ABRD/f/y/
ABRD,2024,ebitda,ebitda_mln,4177.7,4310.0,1.032,flag(needs_mapping),RUB,https://smart-lab.ru/q/ABRD/f/y/
ABRD,2025,ebitda,ebitda_mln,,4800.0,,skip_empty(needs_mapping),RUB,https://smart-lab.ru/q/ABRD/f/y/
ABRD,2024,assets,assets_mln,34251.7,34300.0,1.001,match,RUB,https://smart-lab.ru/q/ABRD/f/y/
ABRD,2025,assets,assets_mln,35500.0,35500.0,1.0,match,RUB,https://smart-lab.ru/q/ABRD/f/y/
ABRD,2024,net_assets,equity_mln,17939.0,18000.0,1.003,flag(needs_mapping),RUB,https://smart-lab.ru/q/ABRD/f/y/
ABRD,2025,net_assets,equity_mln,,19300.0,,skip_empty(needs_mapping),RUB,https://smart-lab.ru/q/ABRD/f/y/
ABRD,2024,debt,total_debt_mln,9370.0,9370.0,1.0,flag(needs_mapping),RUB,https://smart-lab.ru/q/ABRD/f/y/
ABRD,2025,debt,total_debt_mln,,8860.0,,skip_empty(needs_mapping),RUB,https://smart-lab.ru/q/ABRD/f/y/
ABRD,2024,net_debt,net_debt_mln,9683.3,8650.0,0.893,flag(needs_mapping),RUB,https://smart-lab.ru/q/ABRD/f/y/
ABRD,2025,net_debt,net_debt_mln,,8690.0,,skip_empty(needs_mapping),RUB,https://smart-lab.ru/q/ABRD/f/y/
ABRD,2024,ocf,CFO_,-1250.0,-1250.0,1.0,flag(needs_mapping),RUB,https://smart-lab.ru/q/ABRD/f/y/
ABRD,2025,ocf,CFO_,,1310.0,,skip_empty(needs_mapping),RUB,https://smart-lab.ru/q/ABRD/f/y/
ABRD,2024,capex,CAPEX_,1280.0,1280.0,1.0,flag(needs_mapping),RUB,https://smart-lab.ru/q/ABRD/f/y/
ABRD,2025,capex,CAPEX_,,704.0,,skip_empty(needs_mapping),RUB,https://smart-lab.ru/q/ABRD/f/y/
ABRD,2024,fcf,FCF,-2530.0,-2830.0,1.119,flag(needs_mapping),RUB,https://smart-lab.ru/q/ABRD/f/y/
ABRD,2025,fcf,FCF,,868.0,,skip_empty(needs_mapping),RUB,https://smart-lab.ru/q/ABRD/f/y/
AFKS,2024,revenue,revenue_mln,1231607.0,1230000.0,0.999,match,RUB,https://smart-lab.ru/q/AFKS/f/y/
AFKS,2025,revenue,revenue_mln,1332000.0,1332000.0,1.0,match,RUB,https://smart-lab.ru/q/AFKS/f/y/
AFKS,2024,net_income,net_profit_mln,-11013.0,-26200.0,2.379,FLAG_DIVERGENCE,RUB,https://smart-lab.ru/q/AFKS/f/y/
AFKS,2025,net_income,net_profit_mln,,-222200.0,,skip(col_diverged),RUB,https://smart-lab.ru/q/AFKS/f/y/
AFKS,2024,ebitda,ebitda_mln,319980.0,316300.0,0.988,flag(needs_mapping),RUB,https://smart-lab.ru/q/AFKS/f/y/
AFKS,2025,ebitda,ebitda_mln,,306200.0,,skip_empty(needs_mapping),RUB,https://smart-lab.ru/q/AFKS/f/y/
AFKS,2024,assets,assets_mln,2761416.0,2778000.0,1.006,match,RUB,https://smart-lab.ru/q/AFKS/f/y/
AFKS,2025,assets,assets_mln,2878000.0,2878000.0,1.0,match,RUB,https://smart-lab.ru/q/AFKS/f/y/
AFKS,2024,net_assets,equity_mln,90886.0,11000.0,0.121,flag(needs_mapping),RUB,https://smart-lab.ru/q/AFKS/f/y/
AFKS,2025,net_assets,equity_mln,,-173800.0,,skip_empty(needs_mapping),RUB,https://smart-lab.ru/q/AFKS/f/y/
AFKS,2024,debt,total_debt_mln,608644.4,1485000.0,2.44,flag(needs_mapping),RUB,https://smart-lab.ru/q/AFKS/f/y/
AFKS,2025,debt,total_debt_mln,,1550000.0,,skip_empty(needs_mapping),RUB,https://smart-lab.ru/q/AFKS/f/y/
AFKS,2024,net_debt,net_debt_mln,1488581.0,1327000.0,0.891,flag(needs_mapping),RUB,https://smart-lab.ru/q/AFKS/f/y/
AFKS,2025,net_debt,net_debt_mln,,1434000.0,,skip_empty(needs_mapping),RUB,https://smart-lab.ru/q/AFKS/f/y/
AFKS,2024,ocf,CFO_,1140.0,1140.0,1.0,flag(needs_mapping),RUB,https://smart-lab.ru/q/AFKS/f/y/
AFKS,2025,ocf,CFO_,,117400.0,,skip_empty(needs_mapping),RUB,https://smart-lab.ru/q/AFKS/f/y/
AFKS,2024,capex,CAPEX_,189300.0,189300.0,1.0,flag(needs_mapping),RUB,https://smart-lab.ru/q/AFKS/f/y/
AFKS,2025,capex,CAPEX_,,166800.0,,skip_empty(needs_mapping),RUB,https://smart-lab.ru/q/AFKS/f/y/
AFKS,2024,fcf,FCF,-188160.0,-213300.0,1.134,flag(needs_mapping),RUB,https://smart-lab.ru/q/AFKS/f/y/
AFKS,2025,fcf,FCF,,-61000.0,,skip_empty(needs_mapping),RUB,https://smart-lab.ru/q/AFKS/f/y/
AFLT,2024,revenue,revenue_mln,856785.0,856800.0,1.0,match,RUB,https://smart-lab.ru/q/AFLT/f/y/
AFLT,2025,revenue,revenue_mln,902300.0,902300.0,1.0,match,RUB,https://smart-lab.ru/q/AFLT/f/y/
AFLT,2024,net_income,net_profit_mln,55020.0,64200.0,1.167,FLAG_DIVERGENCE,RUB,https://smart-lab.ru/q/AFLT/f/y/
AFLT,2025,net_income,net_profit_mln,1000.0,22600.0,22.6,FLAG_DIVERGENCE,RUB,https://smart-lab.ru/q/AFLT/f/y/
AFLT,2024,ebitda,ebitda_mln,213513.0,214100.0,1.003,flag(needs_mapping),RUB,https://smart-lab.ru/q/AFLT/f/y/
AFLT,2025,ebitda,ebitda_mln,,253700.0,,skip_empty(needs_mapping),RUB,https://smart-lab.ru/q/AFLT/f/y/
AFLT,2024,assets,assets_mln,1156896.0,1157000.0,1.0,match,RUB,https://smart-lab.ru/q/AFLT/f/y/
AFLT,2025,assets,assets_mln,1126000.0,1126000.0,1.0,match,RUB,https://smart-lab.ru/q/AFLT/f/y/
AFLT,2024,net_assets,equity_mln,-72497.0,-55700.0,0.768,flag(needs_mapping),RUB,https://smart-lab.ru/q/AFLT/f/y/
AFLT,2025,net_assets,equity_mln,229400.0,66500.0,0.29,flag(needs_mapping),RUB,https://smart-lab.ru/q/AFLT/f/y/
AFLT,2024,debt,total_debt_mln,703000.0,703000.0,1.0,flag(needs_mapping),RUB,https://smart-lab.ru/q/AFLT/f/y/
AFLT,2025,debt,total_debt_mln,,609400.0,,skip_empty(needs_mapping),RUB,https://smart-lab.ru/q/AFLT/f/y/
AFLT,2024,net_debt,net_debt_mln,635195.0,597600.0,0.941,flag(needs_mapping),RUB,https://smart-lab.ru/q/AFLT/f/y/
AFLT,2025,net_debt,net_debt_mln,0.0,535500.0,,flag(needs_mapping),RUB,https://smart-lab.ru/q/AFLT/f/y/
AFLT,2024,ocf,CFO_,203800.0,203800.0,1.0,flag(needs_mapping),RUB,https://smart-lab.ru/q/AFLT/f/y/
AFLT,2025,ocf,CFO_,,164400.0,,skip_empty(needs_mapping),RUB,https://smart-lab.ru/q/AFLT/f/y/
AFLT,2024,capex,CAPEX_,91900.0,91900.0,1.0,flag(needs_mapping),RUB,https://smart-lab.ru/q/AFLT/f/y/
AFLT,2025,capex,CAPEX_,,209700.0,,skip_empty(needs_mapping),RUB,https://smart-lab.ru/q/AFLT/f/y/
AFLT,2024,fcf,FCF,111900.0,19100.0,0.171,flag(needs_mapping),RUB,https://smart-lab.ru/q/AFLT/f/y/
AFLT,2025,fcf,FCF,,-129900.0,,skip_empty(needs_mapping),RUB,https://smart-lab.ru/q/AFLT/f/y/
AKRN,2024,revenue,revenue_mln,198167.0,198200.0,1.0,match,RUB,https://smart-lab.ru/q/AKRN/f/y/
AKRN,2025,revenue,revenue_mln,237600.0,237600.0,1.0,match,RUB,https://smart-lab.ru/q/AKRN/f/y/
AKRN,2024,net_income,net_profit_mln,30520.0,30400.0,0.996,match,RUB,https://smart-lab.ru/q/AKRN/f/y/
AKRN,2025,net_income,net_profit_mln,39600.0,39600.0,1.0,match,RUB,https://smart-lab.ru/q/AKRN/f/y/
AKRN,2024,ebitda,ebitda_mln,59895.0,60700.0,1.013,flag(needs_mapping),RUB,https://smart-lab.ru/q/AKRN/f/y/
AKRN,2025,ebitda,ebitda_mln,,91700.0,,skip_empty(needs_mapping),RUB,https://smart-lab.ru/q/AKRN/f/y/
AKRN,2024,assets,assets_mln,438908.0,438900.0,1.0,match,RUB,https://smart-lab.ru/q/AKRN/f/y/
AKRN,2025,assets,assets_mln,418700.0,418700.0,1.0,match,RUB,https://smart-lab.ru/q/AKRN/f/y/
AKRN,2024,net_assets,equity_mln,209520.0,202000.0,0.964,flag(needs_mapping),RUB,https://smart-lab.ru/q/AKRN/f/y/
AKRN,2025,net_assets,equity_mln,,215200.0,,skip_empty(needs_mapping),RUB,https://smart-lab.ru/q/AKRN/f/y/
AKRN,2024,debt,total_debt_mln,171700.0,171700.0,1.0,flag(needs_mapping),RUB,https://smart-lab.ru/q/AKRN/f/y/
AKRN,2025,debt,total_debt_mln,,139800.0,,skip_empty(needs_mapping),RUB,https://smart-lab.ru/q/AKRN/f/y/
AKRN,2024,net_debt,net_debt_mln,105840.0,103400.0,0.977,flag(needs_mapping),RUB,https://smart-lab.ru/q/AKRN/f/y/
AKRN,2025,net_debt,net_debt_mln,,114100.0,,skip_empty(needs_mapping),RUB,https://smart-lab.ru/q/AKRN/f/y/
AKRN,2024,ocf,CFO_,24091.0,24100.0,1.0,flag(needs_mapping),RUB,https://smart-lab.ru/q/AKRN/f/y/
AKRN,2025,ocf,CFO_,,56800.0,,skip_empty(needs_mapping),RUB,https://smart-lab.ru/q/AKRN/f/y/
AKRN,2024,capex,CAPEX_,46540.0,46500.0,0.999,flag(needs_mapping),RUB,https://smart-lab.ru/q/AKRN/f/y/
AKRN,2025,capex,CAPEX_,,54500.0,,skip_empty(needs_mapping),RUB,https://smart-lab.ru/q/AKRN/f/y/
AKRN,2024,fcf,FCF,-22449.0,-19200.0,0.855,flag(needs_mapping),RUB,https://smart-lab.ru/q/AKRN/f/y/
AKRN,2025,fcf,FCF,,5220.0,,skip_empty(needs_mapping),RUB,https://smart-lab.ru/q/AKRN/f/y/
ALRS,2024,revenue,revenue_mln,244072.0,239100.0,0.98,match,RUB,https://smart-lab.ru/q/ALRS/f/y/
ALRS,2025,revenue,revenue_mln,235100.0,235100.0,1.0,match,RUB,https://smart-lab.ru/q/ALRS/f/y/
ALRS,2024,net_income,net_profit_mln,19246.0,21200.0,1.102,FLAG_DIVERGENCE,RUB,https://smart-lab.ru/q/ALRS/f/y/
ALRS,2025,net_income,net_profit_mln,36200.0,36200.0,1.0,match,RUB,https://smart-lab.ru/q/ALRS/f/y/
ALRS,2024,ebitda,ebitda_mln,77751.0,78600.0,1.011,flag(needs_mapping),RUB,https://smart-lab.ru/q/ALRS/f/y/
ALRS,2025,ebitda,ebitda_mln,57800.0,57800.0,1.0,flag(needs_mapping),RUB,https://smart-lab.ru/q/ALRS/f/y/
ALRS,2024,assets,assets_mln,658735.0,658700.0,1.0,match,RUB,https://smart-lab.ru/q/ALRS/f/y/
ALRS,2025,assets,assets_mln,699500.0,699500.0,1.0,match,RUB,https://smart-lab.ru/q/ALRS/f/y/
ALRS,2024,net_assets,equity_mln,368953.0,371000.0,1.006,flag(needs_mapping),RUB,https://smart-lab.ru/q/ALRS/f/y/
ALRS,2025,net_assets,equity_mln,305100.0,406400.0,1.332,flag(needs_mapping),RUB,https://smart-lab.ru/q/ALRS/f/y/
ALRS,2024,debt,total_debt_mln,196600.0,196600.0,1.0,flag(needs_mapping),RUB,https://smart-lab.ru/q/ALRS/f/y/
ALRS,2025,debt,total_debt_mln,200700.0,200700.0,1.0,flag(needs_mapping),RUB,https://smart-lab.ru/q/ALRS/f/y/
ALRS,2024,net_debt,net_debt_mln,115504.0,107900.0,0.934,flag(needs_mapping),RUB,https://smart-lab.ru/q/ALRS/f/y/
ALRS,2025,net_debt,net_debt_mln,88400.0,88400.0,1.0,flag(needs_mapping),RUB,https://smart-lab.ru/q/ALRS/f/y/
ALRS,2024,ocf,CFO_,41300.0,41300.0,1.0,flag(needs_mapping),RUB,https://smart-lab.ru/q/ALRS/f/y/
ALRS,2025,ocf,CFO_,35800.0,35800.0,1.0,flag(needs_mapping),RUB,https://smart-lab.ru/q/ALRS/f/y/
ALRS,2024,capex,CAPEX_,58900.0,58900.0,1.0,flag(needs_mapping),RUB,https://smart-lab.ru/q/ALRS/f/y/
ALRS,2025,capex,CAPEX_,49400.0,49400.0,1.0,flag(needs_mapping),RUB,https://smart-lab.ru/q/ALRS/f/y/
ALRS,2024,fcf,FCF,-17600.0,-17600.0,1.0,flag(needs_mapping),RUB,https://smart-lab.ru/q/ALRS/f/y/
ALRS,2025,fcf,FCF,-30100.0,-30100.0,1.0,flag(needs_mapping),RUB,https://smart-lab.ru/q/ALRS/f/y/
AMEZ,2024,revenue,revenue_mln,37310.6,37300.0,1.0,match,RUB,https://smart-lab.ru/q/AMEZ/f/y/
AMEZ,2025,revenue,revenue_mln,27200.0,27200.0,1.0,match,RUB,https://smart-lab.ru/q/AMEZ/f/y/
AMEZ,2024,net_income,net_profit_mln,4806.1,4810.0,1.001,match,RUB,https://smart-lab.ru/q/AMEZ/f/y/
AMEZ,2025,net_income,net_profit_mln,-1390.0,-1390.0,1.0,match,RUB,https://smart-lab.ru/q/AMEZ/f/y/
AMEZ,2024,ebitda,ebitda_mln,5099.5,5100.0,1.0,flag(needs_mapping),RUB,https://smart-lab.ru/q/AMEZ/f/y/
AMEZ,2025,ebitda,ebitda_mln,,-273.0,,skip_empty(needs_mapping),RUB,https://smart-lab.ru/q/AMEZ/f/y/
AMEZ,2024,assets,assets_mln,41133.6,41100.0,0.999,match,RUB,https://smart-lab.ru/q/AMEZ/f/y/
AMEZ,2025,assets,assets_mln,37700.0,37700.0,1.0,match,RUB,https://smart-lab.ru/q/AMEZ/f/y/
AMEZ,2024,net_assets,equity_mln,13538.3,13500.0,0.997,flag(needs_mapping),RUB,https://smart-lab.ru/q/AMEZ/f/y/
AMEZ,2025,net_assets,equity_mln,,12200.0,,skip_empty(needs_mapping),RUB,https://smart-lab.ru/q/AMEZ/f/y/
AMEZ,2024,debt,total_debt_mln,,17400.0,,skip_empty(needs_mapping),RUB,https://smart-lab.ru/q/AMEZ/f/y/
AMEZ,2025,debt,total_debt_mln,,18500.0,,skip_empty(needs_mapping),RUB,https://smart-lab.ru/q/AMEZ/f/y/
AMEZ,2024,net_debt,net_debt_mln,14054.5,14100.0,1.003,flag(needs_mapping),RUB,https://smart-lab.ru/q/AMEZ/f/y/
AMEZ,2025,net_debt,net_debt_mln,,15600.0,,skip_empty(needs_mapping),RUB,https://smart-lab.ru/q/AMEZ/f/y/
AMEZ,2024,ocf,CFO_,-4110.0,-4110.0,1.0,flag(needs_mapping),RUB,https://smart-lab.ru/q/AMEZ/f/y/
AMEZ,2025,ocf,CFO_,,209.0,,skip_empty(needs_mapping),RUB,https://smart-lab.ru/q/AMEZ/f/y/
AMEZ,2024,capex,CAPEX_,1880.0,1880.0,1.0,flag(needs_mapping),RUB,https://smart-lab.ru/q/AMEZ/f/y/
AMEZ,2025,capex,CAPEX_,,7510.0,,skip_empty(needs_mapping),RUB,https://smart-lab.ru/q/AMEZ/f/y/
AMEZ,2024,fcf,FCF,-5990.0,11200.0,-1.87,flag(needs_mapping),RUB,https://smart-lab.ru/q/AMEZ/f/y/
AMEZ,2025,fcf,FCF,,-2340.0,,skip_empty(needs_mapping),RUB,https://smart-lab.ru/q/AMEZ/f/y/
APRI,2024,revenue,revenue_mln,22956.3,23300.0,1.015,match,RUB,https://smart-lab.ru/q/APRI/f/y/
APRI,2025,revenue,revenue_mln,25000.0,25000.0,1.0,match,RUB,https://smart-lab.ru/q/APRI/f/y/
APRI,2024,net_income,net_profit_mln,2638.9,1710.0,0.648,FLAG_DIVERGENCE,RUB,https://smart-lab.ru/q/APRI/f/y/
APRI,2025,net_income,net_profit_mln,,2140.0,,skip(col_diverged),RUB,https://smart-lab.ru/q/APRI/f/y/
APRI,2024,ebitda,ebitda_mln,5788.9,7560.0,1.306,flag(needs_mapping),RUB,https://smart-lab.ru/q/APRI/f/y/
APRI,2025,ebitda,ebitda_mln,,9560.0,,skip_empty(needs_mapping),RUB,https://smart-lab.ru/q/APRI/f/y/
APRI,2024,assets,assets_mln,61159.8,61500.0,1.006,match,RUB,https://smart-lab.ru/q/APRI/f/y/
APRI,2025,assets,assets_mln,72800.0,72800.0,1.0,match,RUB,https://smart-lab.ru/q/APRI/f/y/
APRI,2024,net_assets,equity_mln,8360.3,8470.0,1.013,flag(needs_mapping),RUB,https://smart-lab.ru/q/APRI/f/y/
APRI,2025,net_assets,equity_mln,16500.0,9200.0,0.558,flag(needs_mapping),RUB,https://smart-lab.ru/q/APRI/f/y/
APRI,2024,debt,total_debt_mln,,31900.0,,skip_empty(needs_mapping),RUB,https://smart-lab.ru/q/APRI/f/y/
APRI,2025,debt,total_debt_mln,,43600.0,,skip_empty(needs_mapping),RUB,https://smart-lab.ru/q/APRI/f/y/
APRI,2024,net_debt,net_debt_mln,31339.8,23900.0,0.763,flag(needs_mapping),RUB,https://smart-lab.ru/q/APRI/f/y/
APRI,2025,net_debt,net_debt_mln,0.0,38200.0,,flag(needs_mapping),RUB,https://smart-lab.ru/q/APRI/f/y/
APRI,2024,ocf,CFO_,-6491.7,-6490.0,1.0,flag(needs_mapping),RUB,https://smart-lab.ru/q/APRI/f/y/
APRI,2025,ocf,CFO_,,-9010.0,,skip_empty(needs_mapping),RUB,https://smart-lab.ru/q/APRI/f/y/
APRI,2024,capex,CAPEX_,1069.4,1070.0,1.001,flag(needs_mapping),RUB,https://smart-lab.ru/q/APRI/f/y/
APRI,2025,capex,CAPEX_,,1380.0,,skip_empty(needs_mapping),RUB,https://smart-lab.ru/q/APRI/f/y/
APRI,2024,fcf,FCF,-7561.1,-7560.0,1.0,flag(needs_mapping),RUB,https://smart-lab.ru/q/APRI/f/y/
APRI,2025,fcf,FCF,,-10500.0,,skip_empty(needs_mapping),RUB,https://smart-lab.ru/q/APRI/f/y/
AQUA,2024,revenue,revenue_mln,31545.6,31600.0,1.002,match,RUB,https://smart-lab.ru/q/AQUA/f/y/
AQUA,2025,revenue,revenue_mln,24600.0,24600.0,1.0,match,RUB,https://smart-lab.ru/q/AQUA/f/y/
AQUA,2024,net_income,net_profit_mln,7761.8,10300.0,1.327,FLAG_DIVERGENCE,RUB,https://smart-lab.ru/q/AQUA/f/y/
AQUA,2025,net_income,net_profit_mln,,2130.0,,skip(col_diverged),RUB,https://smart-lab.ru/q/AQUA/f/y/
AQUA,2024,ebitda,ebitda_mln,10127.6,12500.0,1.234,flag(needs_mapping),RUB,https://smart-lab.ru/q/AQUA/f/y/
AQUA,2025,ebitda,ebitda_mln,,5700.0,,skip_empty(needs_mapping),RUB,https://smart-lab.ru/q/AQUA/f/y/
AQUA,2024,assets,assets_mln,58762.5,58800.0,1.001,match,RUB,https://smart-lab.ru/q/AQUA/f/y/
AQUA,2025,assets,assets_mln,60300.0,60300.0,1.0,match,RUB,https://smart-lab.ru/q/AQUA/f/y/
AQUA,2024,net_assets,equity_mln,42766.1,42800.0,1.001,flag(needs_mapping),RUB,https://smart-lab.ru/q/AQUA/f/y/
AQUA,2025,net_assets,equity_mln,43100.0,39600.0,0.919,flag(needs_mapping),RUB,https://smart-lab.ru/q/AQUA/f/y/
AQUA,2024,debt,total_debt_mln,14100.0,14100.0,1.0,flag(needs_mapping),RUB,https://smart-lab.ru/q/AQUA/f/y/
AQUA,2025,debt,total_debt_mln,,17100.0,,skip_empty(needs_mapping),RUB,https://smart-lab.ru/q/AQUA/f/y/
AQUA,2024,net_debt,net_debt_mln,12964.8,12600.0,0.972,flag(needs_mapping),RUB,https://smart-lab.ru/q/AQUA/f/y/
AQUA,2025,net_debt,net_debt_mln,0.0,13700.0,,flag(needs_mapping),RUB,https://smart-lab.ru/q/AQUA/f/y/
AQUA,2024,ocf,CFO_,12200.0,12200.0,1.0,flag(needs_mapping),RUB,https://smart-lab.ru/q/AQUA/f/y/
AQUA,2025,ocf,CFO_,,2690.0,,skip_empty(needs_mapping),RUB,https://smart-lab.ru/q/AQUA/f/y/
AQUA,2024,capex,CAPEX_,6280.0,6280.0,1.0,flag(needs_mapping),RUB,https://smart-lab.ru/q/AQUA/f/y/
AQUA,2025,capex,CAPEX_,,2730.0,,skip_empty(needs_mapping),RUB,https://smart-lab.ru/q/AQUA/f/y/
AQUA,2024,fcf,FCF,5920.0,5700.0,0.963,flag(needs_mapping),RUB,https://smart-lab.ru/q/AQUA/f/y/
AQUA,2025,fcf,FCF,,-139.0,,skip_empty(needs_mapping),RUB,https://smart-lab.ru/q/AQUA/f/y/
ASSB,2024,revenue,revenue_mln,15600.6,15600.0,1.0,match,RUB,https://smart-lab.ru/q/ASSB/f/y/
ASSB,2025,revenue,revenue_mln,17800.0,17800.0,1.0,match,RUB,https://smart-lab.ru/q/ASSB/f/y/
ASSB,2024,net_income,net_profit_mln,82.7,83.0,1.004,match,RUB,https://smart-lab.ru/q/ASSB/f/y/
ASSB,2025,net_income,net_profit_mln,502.0,502.0,1.0,match,RUB,https://smart-lab.ru/q/ASSB/f/y/
ASSB,2024,ebitda,ebitda_mln,147.2,147.0,0.999,flag(needs_mapping),RUB,https://smart-lab.ru/q/ASSB/f/y/
ASSB,2025,ebitda,ebitda_mln,,538.0,,skip_empty(needs_mapping),RUB,https://smart-lab.ru/q/ASSB/f/y/
ASSB,2024,assets,assets_mln,3074.2,3070.0,0.999,match,RUB,https://smart-lab.ru/q/ASSB/f/y/
ASSB,2025,assets,assets_mln,3790.0,3790.0,1.0,match,RUB,https://smart-lab.ru/q/ASSB/f/y/
ASSB,2024,net_assets,equity_mln,377.7,378.0,1.001,flag(needs_mapping),RUB,https://smart-lab.ru/q/ASSB/f/y/
ASSB,2025,net_assets,equity_mln,,879.0,,skip_empty(needs_mapping),RUB,https://smart-lab.ru/q/ASSB/f/y/
ASSB,2024,debt,total_debt_mln,,0.0,,skip_empty(needs_mapping),RUB,https://smart-lab.ru/q/ASSB/f/y/
ASSB,2025,debt,total_debt_mln,,0.0,,skip_empty(needs_mapping),RUB,https://smart-lab.ru/q/ASSB/f/y/
ASSB,2024,net_debt,net_debt_mln,207.9,-1280.0,-6.156,flag(needs_mapping),RUB,https://smart-lab.ru/q/ASSB/f/y/
ASSB,2025,net_debt,net_debt_mln,,-1380.0,,skip_empty(needs_mapping),RUB,https://smart-lab.ru/q/ASSB/f/y/
ASSB,2024,ocf,CFO_,525.8,526.0,1.0,flag(needs_mapping),RUB,https://smart-lab.ru/q/ASSB/f/y/
ASSB,2025,ocf,CFO_,,467.0,,skip_empty(needs_mapping),RUB,https://smart-lab.ru/q/ASSB/f/y/
ASSB,2024,capex,CAPEX_,21.2,21.0,0.991,flag(needs_mapping),RUB,https://smart-lab.ru/q/ASSB/f/y/
ASSB,2025,capex,CAPEX_,,30.0,,skip_empty(needs_mapping),RUB,https://smart-lab.ru/q/ASSB/f/y/
ASSB,2024,fcf,FCF,504.6,666.0,1.32,flag(needs_mapping),RUB,https://smart-lab.ru/q/ASSB/f/y/
ASSB,2025,fcf,FCF,,742.0,,skip_empty(needs_mapping),RUB,https://smart-lab.ru/q/ASSB/f/y/
ASTR,2024,revenue,revenue_mln,17206.1,17200.0,1.0,match,RUB,https://smart-lab.ru/q/ASTR/f/y/
ASTR,2025,revenue,revenue_mln,20400.0,20400.0,1.0,match,RUB,https://smart-lab.ru/q/ASTR/f/y/
ASTR,2024,net_income,net_profit_mln,6040.7,6470.0,1.071,FLAG_DIVERGENCE,RUB,https://smart-lab.ru/q/ASTR/f/y/
ASTR,2025,net_income,net_profit_mln,,6300.0,,skip(col_diverged),RUB,https://smart-lab.ru/q/ASTR/f/y/
ASTR,2024,ebitda,ebitda_mln,6598.2,7000.0,1.061,flag(needs_mapping),RUB,https://smart-lab.ru/q/ASTR/f/y/
ASTR,2025,ebitda,ebitda_mln,,8370.0,,skip_empty(needs_mapping),RUB,https://smart-lab.ru/q/ASTR/f/y/
ASTR,2024,assets,assets_mln,19172.2,19200.0,1.001,match,RUB,https://smart-lab.ru/q/ASTR/f/y/
ASTR,2025,assets,assets_mln,24500.0,24500.0,1.0,match,RUB,https://smart-lab.ru/q/ASTR/f/y/
ASTR,2024,net_assets,equity_mln,8164.5,7480.0,0.916,flag(needs_mapping),RUB,https://smart-lab.ru/q/ASTR/f/y/
ASTR,2025,net_assets,equity_mln,53700.0,11200.0,0.209,flag(needs_mapping),RUB,https://smart-lab.ru/q/ASTR/f/y/
ASTR,2024,debt,total_debt_mln,2940.0,2940.0,1.0,flag(needs_mapping),RUB,https://smart-lab.ru/q/ASTR/f/y/
ASTR,2025,debt,total_debt_mln,,3350.0,,skip_empty(needs_mapping),RUB,https://smart-lab.ru/q/ASTR/f/y/
ASTR,2024,net_debt,net_debt_mln,1615.3,1580.0,0.978,flag(needs_mapping),RUB,https://smart-lab.ru/q/ASTR/f/y/
ASTR,2025,net_debt,net_debt_mln,0.0,2100.0,,flag(needs_mapping),RUB,https://smart-lab.ru/q/ASTR/f/y/
ASTR,2024,ocf,CFO_,5400.0,5400.0,1.0,flag(needs_mapping),RUB,https://smart-lab.ru/q/ASTR/f/y/
ASTR,2025,ocf,CFO_,,5690.0,,skip_empty(needs_mapping),RUB,https://smart-lab.ru/q/ASTR/f/y/
ASTR,2024,capex,CAPEX_,4020.0,4020.0,1.0,flag(needs_mapping),RUB,https://smart-lab.ru/q/ASTR/f/y/
ASTR,2025,capex,CAPEX_,,4420.0,,skip_empty(needs_mapping),RUB,https://smart-lab.ru/q/ASTR/f/y/
ASTR,2024,fcf,FCF,1380.0,1350.0,0.978,flag(needs_mapping),RUB,https://smart-lab.ru/q/ASTR/f/y/
ASTR,2025,fcf,FCF,,1190.0,,skip_empty(needs_mapping),RUB,https://smart-lab.ru/q/ASTR/f/y/
BANE,2024,revenue,revenue_mln,1142767.0,1143000.0,1.0,match,RUB,https://smart-lab.ru/q/BANE/f/y/
BANE,2025,revenue,revenue_mln,1002000.0,1002000.0,1.0,match,RUB,https://smart-lab.ru/q/BANE/f/y/
BANE,2024,net_income,net_profit_mln,103873.0,104700.0,1.008,match,RUB,https://smart-lab.ru/q/BANE/f/y/
BANE,2025,net_income,net_profit_mln,49200.0,49200.0,1.0,match,RUB,https://smart-lab.ru/q/BANE/f/y/
BANE,2024,ebitda,ebitda_mln,187495.0,188600.0,1.006,flag(needs_mapping),RUB,https://smart-lab.ru/q/BANE/f/y/
BANE,2025,ebitda,ebitda_mln,,152500.0,,skip_empty(needs_mapping),RUB,https://smart-lab.ru/q/BANE/f/y/
BANE,2024,assets,assets_mln,1163247.0,1163000.0,1.0,match,RUB,https://smart-lab.ru/q/BANE/f/y/
BANE,2025,assets,assets_mln,1118000.0,1118000.0,1.0,match,RUB,https://smart-lab.ru/q/BANE/f/y/
BANE,2024,net_assets,equity_mln,893273.0,893000.0,1.0,flag(needs_mapping),RUB,https://smart-lab.ru/q/BANE/f/y/
BANE,2025,net_assets,equity_mln,,914900.0,,skip_empty(needs_mapping),RUB,https://smart-lab.ru/q/BANE/f/y/
BANE,2024,net_debt,net_debt_mln,110021.8,0.0,,flag(needs_mapping),RUB,https://smart-lab.ru/q/BANE/f/y/
BANE,2025,net_debt,net_debt_mln,,0.0,,skip_empty(needs_mapping),RUB,https://smart-lab.ru/q/BANE/f/y/
BANE,2024,ocf,CFO_,163039.0,163000.0,1.0,flag(needs_mapping),RUB,https://smart-lab.ru/q/BANE/f/y/
BANE,2025,ocf,CFO_,,110200.0,,skip_empty(needs_mapping),RUB,https://smart-lab.ru/q/BANE/f/y/
BANE,2024,capex,CAPEX_,74055.0,74100.0,1.001,flag(needs_mapping),RUB,https://smart-lab.ru/q/BANE/f/y/
BANE,2025,capex,CAPEX_,,42400.0,,skip_empty(needs_mapping),RUB,https://smart-lab.ru/q/BANE/f/y/
BANEP,2024,revenue,revenue_mln,1142767.0,1143000.0,1.0,match,RUB,https://smart-lab.ru/q/BANE/f/y/ (←BANE)
BANEP,2025,revenue,revenue_mln,,1002000.0,,FILL,RUB,https://smart-lab.ru/q/BANE/f/y/ (←BANE)
BANEP,2024,net_income,net_profit_mln,103873.0,104700.0,1.008,match,RUB,https://smart-lab.ru/q/BANE/f/y/ (←BANE)
BANEP,2025,net_income,net_profit_mln,,49200.0,,FILL,RUB,https://smart-lab.ru/q/BANE/f/y/ (←BANE)
BANEP,2024,ebitda,ebitda_mln,187495.0,188600.0,1.006,flag(needs_mapping),RUB,https://smart-lab.ru/q/BANE/f/y/ (←BANE)
BANEP,2025,ebitda,ebitda_mln,,152500.0,,skip_empty(needs_mapping),RUB,https://smart-lab.ru/q/BANE/f/y/ (←BANE)
BANEP,2024,assets,assets_mln,1163247.0,1163000.0,1.0,match,RUB,https://smart-lab.ru/q/BANE/f/y/ (←BANE)
BANEP,2025,assets,assets_mln,,1118000.0,,FILL,RUB,https://smart-lab.ru/q/BANE/f/y/ (←BANE)
BANEP,2024,net_assets,equity_mln,893273.0,893000.0,1.0,flag(needs_mapping),RUB,https://smart-lab.ru/q/BANE/f/y/ (←BANE)
BANEP,2025,net_assets,equity_mln,,914900.0,,skip_empty(needs_mapping),RUB,https://smart-lab.ru/q/BANE/f/y/ (←BANE)
BANEP,2024,net_debt,net_debt_mln,,0.0,,skip_empty(needs_mapping),RUB,https://smart-lab.ru/q/BANE/f/y/ (←BANE)
BANEP,2025,net_debt,net_debt_mln,,0.0,,skip_empty(needs_mapping),RUB,https://smart-lab.ru/q/BANE/f/y/ (←BANE)
BANEP,2024,ocf,CFO_,163000.0,163000.0,1.0,flag(needs_mapping),RUB,https://smart-lab.ru/q/BANE/f/y/ (←BANE)
BANEP,2025,ocf,CFO_,,110200.0,,skip_empty(needs_mapping),RUB,https://smart-lab.ru/q/BANE/f/y/ (←BANE)
BANEP,2024,capex,CAPEX_,74100.0,74100.0,1.0,flag(needs_mapping),RUB,https://smart-lab.ru/q/BANE/f/y/ (←BANE)
BANEP,2025,capex,CAPEX_,,42400.0,,skip_empty(needs_mapping),RUB,https://smart-lab.ru/q/BANE/f/y/ (←BANE)
BAZA,2024,revenue,revenue_mln,4603.3,4600.0,0.999,match,RUB,https://smart-lab.ru/q/BAZA/f/y/
BAZA,2025,revenue,revenue_mln,6300.0,6300.0,1.0,match,RUB,https://smart-lab.ru/q/BAZA/f/y/
BAZA,2024,net_income,net_profit_mln,2043.8,2040.0,0.998,match,RUB,https://smart-lab.ru/q/BAZA/f/y/
BAZA,2025,net_income,net_profit_mln,2220.0,2220.0,1.0,match,RUB,https://smart-lab.ru/q/BAZA/f/y/
BAZA,2024,ebitda,ebitda_mln,2823.0,2830.0,1.002,flag(needs_mapping),RUB,https://smart-lab.ru/q/BAZA/f/y/
BAZA,2025,ebitda,ebitda_mln,2400.0,3840.0,1.6,flag(needs_mapping),RUB,https://smart-lab.ru/q/BAZA/f/y/
BAZA,2024,assets,assets_mln,5504.0,5500.0,0.999,match,RUB,https://smart-lab.ru/q/BAZA/f/y/
BAZA,2025,assets,assets_mln,7340.0,7340.0,1.0,match,RUB,https://smart-lab.ru/q/BAZA/f/y/
BAZA,2024,net_assets,equity_mln,3971.9,3970.0,1.0,flag(needs_mapping),RUB,https://smart-lab.ru/q/BAZA/f/y/
BAZA,2025,net_assets,equity_mln,17500.0,5540.0,0.317,flag(needs_mapping),RUB,https://smart-lab.ru/q/BAZA/f/y/
BAZA,2024,debt,total_debt_mln,,0.0,,skip_empty(needs_mapping),RUB,https://smart-lab.ru/q/BAZA/f/y/
BAZA,2025,debt,total_debt_mln,0.0,0.0,,flag(needs_mapping),RUB,https://smart-lab.ru/q/BAZA/f/y/
BAZA,2024,net_debt,net_debt_mln,-287.6,-440.0,1.53,flag(needs_mapping),RUB,https://smart-lab.ru/q/BAZA/f/y/
BAZA,2025,net_debt,net_debt_mln,-1630.0,-1630.0,1.0,flag(needs_mapping),RUB,https://smart-lab.ru/q/BAZA/f/y/
BAZA,2024,ocf,CFO_,2153.3,2150.0,0.998,flag(needs_mapping),RUB,https://smart-lab.ru/q/BAZA/f/y/
BAZA,2025,ocf,CFO_,3340.0,3340.0,1.0,flag(needs_mapping),RUB,https://smart-lab.ru/q/BAZA/f/y/
BAZA,2024,capex,CAPEX_,1303.7,1300.0,0.997,flag(needs_mapping),RUB,https://smart-lab.ru/q/BAZA/f/y/
BAZA,2025,capex,CAPEX_,1560.0,1560.0,1.0,flag(needs_mapping),RUB,https://smart-lab.ru/q/BAZA/f/y/
BAZA,2024,fcf,FCF,1955.4,881.0,0.451,flag(needs_mapping),RUB,https://smart-lab.ru/q/BAZA/f/y/
BAZA,2025,fcf,FCF,1980.0,1980.0,1.0,flag(needs_mapping),RUB,https://smart-lab.ru/q/BAZA/f/y/
BELU,2024,revenue,revenue_mln,135464.0,135500.0,1.0,match,RUB,https://smart-lab.ru/q/BELU/f/y/
BELU,2025,revenue,revenue_mln,149300.0,149300.0,1.0,match,RUB,https://smart-lab.ru/q/BELU/f/y/
BELU,2024,net_income,net_profit_mln,4588.0,4570.0,0.996,match,RUB,https://smart-lab.ru/q/BELU/f/y/
BELU,2025,net_income,net_profit_mln,5130.0,5130.0,1.0,match,RUB,https://smart-lab.ru/q/BELU/f/y/
BELU,2024,ebitda,ebitda_mln,18658.0,18700.0,1.002,flag(needs_mapping),RUB,https://smart-lab.ru/q/BELU/f/y/
BELU,2025,ebitda,ebitda_mln,,21200.0,,skip_empty(needs_mapping),RUB,https://smart-lab.ru/q/BELU/f/y/
BELU,2024,assets,assets_mln,122861.0,122900.0,1.0,match,RUB,https://smart-lab.ru/q/BELU/f/y/
BELU,2025,assets,assets_mln,128300.0,128300.0,1.0,match,RUB,https://smart-lab.ru/q/BELU/f/y/
BELU,2024,net_assets,equity_mln,26682.0,26400.0,0.989,flag(needs_mapping),RUB,https://smart-lab.ru/q/BELU/f/y/
BELU,2025,net_assets,equity_mln,51900.0,21900.0,0.422,flag(needs_mapping),RUB,https://smart-lab.ru/q/BELU/f/y/
BELU,2024,debt,total_debt_mln,34400.0,34400.0,1.0,flag(needs_mapping),RUB,https://smart-lab.ru/q/BELU/f/y/
BELU,2025,debt,total_debt_mln,,37600.0,,skip_empty(needs_mapping),RUB,https://smart-lab.ru/q/BELU/f/y/
BELU,2024,net_debt,net_debt_mln,35490.0,11900.0,0.335,flag(needs_mapping),RUB,https://smart-lab.ru/q/BELU/f/y/
BELU,2025,net_debt,net_debt_mln,0.0,19300.0,,flag(needs_mapping),RUB,https://smart-lab.ru/q/BELU/f/y/
BELU,2024,ocf,CFO_,15300.0,15300.0,1.0,flag(needs_mapping),RUB,https://smart-lab.ru/q/BELU/f/y/
BELU,2025,ocf,CFO_,,12300.0,,skip_empty(needs_mapping),RUB,https://smart-lab.ru/q/BELU/f/y/
BELU,2024,capex,CAPEX_,3240.0,3240.0,1.0,flag(needs_mapping),RUB,https://smart-lab.ru/q/BELU/f/y/
BELU,2025,capex,CAPEX_,,3730.0,,skip_empty(needs_mapping),RUB,https://smart-lab.ru/q/BELU/f/y/
BELU,2024,fcf,FCF,12060.0,8920.0,0.74,flag(needs_mapping),RUB,https://smart-lab.ru/q/BELU/f/y/
BELU,2025,fcf,FCF,,4870.0,,skip_empty(needs_mapping),RUB,https://smart-lab.ru/q/BELU/f/y/
BISVP,2024,revenue,revenue_mln,25904.2,25900.0,1.0,match,RUB,https://smart-lab.ru/q/BISV/f/y/ (←BISV)
BISVP,2025,revenue,revenue_mln,,25100.0,,FILL,RUB,https://smart-lab.ru/q/BISV/f/y/ (←BISV)
BISVP,2024,net_income,net_profit_mln,878.8,545.0,0.62,FLAG_DIVERGENCE,RUB,https://smart-lab.ru/q/BISV/f/y/ (←BISV)
BISVP,2025,net_income,net_profit_mln,,1370.0,,skip(col_diverged),RUB,https://smart-lab.ru/q/BISV/f/y/ (←BISV)
BISVP,2024,ebitda,ebitda_mln,7578.3,7190.0,0.949,flag(needs_mapping),RUB,https://smart-lab.ru/q/BISV/f/y/ (←BISV)
BISVP,2025,ebitda,ebitda_mln,,5810.0,,skip_empty(needs_mapping),RUB,https://smart-lab.ru/q/BISV/f/y/ (←BISV)
BISVP,2024,assets,assets_mln,39421.1,39400.0,0.999,match,RUB,https://smart-lab.ru/q/BISV/f/y/ (←BISV)
BISVP,2025,assets,assets_mln,,36900.0,,FILL,RUB,https://smart-lab.ru/q/BISV/f/y/ (←BISV)
BISVP,2024,net_assets,equity_mln,25476.5,24300.0,0.954,flag(needs_mapping),RUB,https://smart-lab.ru/q/BISV/f/y/ (←BISV)
BISVP,2025,net_assets,equity_mln,,23100.0,,skip_empty(needs_mapping),RUB,https://smart-lab.ru/q/BISV/f/y/ (←BISV)
BISVP,2024,debt,total_debt_mln,,5310.0,,skip_empty(needs_mapping),RUB,https://smart-lab.ru/q/BISV/f/y/ (←BISV)
BISVP,2025,debt,total_debt_mln,,2750.0,,skip_empty(needs_mapping),RUB,https://smart-lab.ru/q/BISV/f/y/ (←BISV)
BISVP,2024,net_debt,net_debt_mln,1522.3,390.0,0.256,flag(needs_mapping),RUB,https://smart-lab.ru/q/BISV/f/y/ (←BISV)
BISVP,2025,net_debt,net_debt_mln,,-2860.0,,skip_empty(needs_mapping),RUB,https://smart-lab.ru/q/BISV/f/y/ (←BISV)
BISVP,2024,ocf,CFO_,3947.6,3940.0,0.998,flag(needs_mapping),RUB,https://smart-lab.ru/q/BISV/f/y/ (←BISV)
BISVP,2025,ocf,CFO_,,4540.0,,skip_empty(needs_mapping),RUB,https://smart-lab.ru/q/BISV/f/y/ (←BISV)
BISVP,2024,capex,CAPEX_,2908.8,2910.0,1.0,flag(needs_mapping),RUB,https://smart-lab.ru/q/BISV/f/y/ (←BISV)
BISVP,2025,capex,CAPEX_,,1820.0,,skip_empty(needs_mapping),RUB,https://smart-lab.ru/q/BISV/f/y/ (←BISV)
BISVP,2024,fcf,FCF,1038.8,2750.0,2.647,flag(needs_mapping),RUB,https://smart-lab.ru/q/BISV/f/y/ (←BISV)
BISVP,2025,fcf,FCF,,2700.0,,skip_empty(needs_mapping),RUB,https://smart-lab.ru/q/BISV/f/y/ (←BISV)
BLNG,2024,revenue,revenue_mln,573.4,6.0,0.01,flag(unit_mismatch),RUB,https://smart-lab.ru/q/BLNG/f/y/
BLNG,2025,revenue,revenue_mln,,6.0,,"skip(unit:cur=RUB,med=0.01)",RUB,https://smart-lab.ru/q/BLNG/f/y/
BLNG,2024,net_income,net_profit_mln,-188787.1,-2040.0,0.011,flag(unit_mismatch),RUB,https://smart-lab.ru/q/BLNG/f/y/
BLNG,2025,net_income,net_profit_mln,,-7570.0,,"skip(unit:cur=RUB,med=0.01)",RUB,https://smart-lab.ru/q/BLNG/f/y/
BLNG,2024,assets,assets_mln,1087518.0,11800.0,0.011,flag(unit_mismatch),RUB,https://smart-lab.ru/q/BLNG/f/y/
BLNG,2025,assets,assets_mln,,3570.0,,"skip(unit:cur=RUB,med=0.01)",RUB,https://smart-lab.ru/q/BLNG/f/y/
BLNG,2024,net_assets,equity_mln,1030162.2,11100.0,0.011,flag(unit_mismatch),RUB,https://smart-lab.ru/q/BLNG/f/y/
BLNG,2025,net_assets,equity_mln,,3570.0,,skip_empty(needs_mapping),RUB,https://smart-lab.ru/q/BLNG/f/y/
BLNG,2024,net_debt,net_debt_mln,-3.7,0.0,,flag(unit_mismatch),RUB,https://smart-lab.ru/q/BLNG/f/y/
BLNG,2025,net_debt,net_debt_mln,,0.0,,skip_empty(needs_mapping),RUB,https://smart-lab.ru/q/BLNG/f/y/
BRZL,2024,net_income,net_profit_mln,1635.1,1640.0,1.003,match,RUB,https://smart-lab.ru/q/BRZL/f/y/
BRZL,2025,net_income,net_profit_mln,1200.0,1200.0,1.0,match,RUB,https://smart-lab.ru/q/BRZL/f/y/
BRZL,2024,assets,assets_mln,19678.3,19700.0,1.001,match,RUB,https://smart-lab.ru/q/BRZL/f/y/
BRZL,2025,assets,assets_mln,20600.0,20600.0,1.0,match,RUB,https://smart-lab.ru/q/BRZL/f/y/
BRZL,2024,net_assets,equity_mln,19288.9,19300.0,1.001,flag(needs_mapping),RUB,https://smart-lab.ru/q/BRZL/f/y/
BRZL,2025,net_assets,equity_mln,,20500.0,,skip_empty(needs_mapping),RUB,https://smart-lab.ru/q/BRZL/f/y/
BRZL,2024,debt,total_debt_mln,352.0,352.0,1.0,flag(needs_mapping),RUB,https://smart-lab.ru/q/BRZL/f/y/
BRZL,2025,debt,total_debt_mln,,2.0,,skip_empty(needs_mapping),RUB,https://smart-lab.ru/q/BRZL/f/y/
BRZL,2024,net_debt,net_debt_mln,-5194.6,-5190.0,0.999,flag(needs_mapping),RUB,https://smart-lab.ru/q/BRZL/f/y/
BRZL,2025,net_debt,net_debt_mln,,-4330.0,,skip_empty(needs_mapping),RUB,https://smart-lab.ru/q/BRZL/f/y/
BRZL,2024,ocf,CFO_,30916.0,25.0,0.001,flag(needs_mapping),RUB,https://smart-lab.ru/q/BRZL/f/y/
BRZL,2025,ocf,CFO_,,200.0,,skip_empty(needs_mapping),RUB,https://smart-lab.ru/q/BRZL/f/y/
BRZL,2024,capex,CAPEX_,4002300.0,0.0,,flag(needs_mapping),RUB,https://smart-lab.ru/q/BRZL/f/y/
BRZL,2025,capex,CAPEX_,,0.0,,skip_empty(needs_mapping),RUB,https://smart-lab.ru/q/BRZL/f/y/
BRZL,2024,fcf,FCF,-3971384.0,35.0,-0.0,flag(needs_mapping),RUB,https://smart-lab.ru/q/BRZL/f/y/
BRZL,2025,fcf,FCF,,-369.0,,skip_empty(needs_mapping),RUB,https://smart-lab.ru/q/BRZL/f/y/
BSPB,2024,net_income,net_profit_mln,50779.0,50300.0,0.991,match,RUB,https://smart-lab.ru/q/BSPB/f/y/
BSPB,2025,net_income,net_profit_mln,39700.0,37800.0,0.952,match,RUB,https://smart-lab.ru/q/BSPB/f/y/
BSPBP,2024,net_income,net_profit_mln,50779.0,50300.0,0.991,match,RUB,https://smart-lab.ru/q/BSPB/f/y/ (←BSPB)
BSPBP,2025,net_income,net_profit_mln,,37800.0,,FILL,RUB,https://smart-lab.ru/q/BSPB/f/y/ (←BSPB)
CARM,2024,revenue,revenue_mln,2079.7,3120.0,1.5,FLAG_DIVERGENCE,RUB,https://smart-lab.ru/q/CARM/f/y/
CARM,2025,revenue,revenue_mln,,3330.0,,skip(col_diverged),RUB,https://smart-lab.ru/q/CARM/f/y/
CARM,2024,net_income,net_profit_mln,234.7,235.0,1.001,match,RUB,https://smart-lab.ru/q/CARM/f/y/
CARM,2025,net_income,net_profit_mln,2.0,2.0,1.0,match,RUB,https://smart-lab.ru/q/CARM/f/y/
CARM,2024,assets,assets_mln,8333.8,8330.0,1.0,match,RUB,https://smart-lab.ru/q/CARM/f/y/
CARM,2025,assets,assets_mln,10800.0,10800.0,1.0,match,RUB,https://smart-lab.ru/q/CARM/f/y/
CARM,2024,net_assets,equity_mln,4029.9,4030.0,1.0,flag(needs_mapping),RUB,https://smart-lab.ru/q/CARM/f/y/
CARM,2025,net_assets,equity_mln,,5150.0,,skip_empty(needs_mapping),RUB,https://smart-lab.ru/q/CARM/f/y/
CARM,2024,debt,total_debt_mln,,3560.0,,skip_empty(needs_mapping),RUB,https://smart-lab.ru/q/CARM/f/y/
CARM,2025,debt,total_debt_mln,,4710.0,,skip_empty(needs_mapping),RUB,https://smart-lab.ru/q/CARM/f/y/
CARM,2024,net_debt,net_debt_mln,,3210.0,,skip_empty(needs_mapping),RUB,https://smart-lab.ru/q/CARM/f/y/
CARM,2025,net_debt,net_debt_mln,,4150.0,,skip_empty(needs_mapping),RUB,https://smart-lab.ru/q/CARM/f/y/
CARM,2024,ocf,CFO_,8.4,8.0,0.95,flag(needs_mapping),RUB,https://smart-lab.ru/q/CARM/f/y/
CARM,2025,ocf,CFO_,,-1040.0,,skip_empty(needs_mapping),RUB,https://smart-lab.ru/q/CARM/f/y/
CARM,2024,capex,CAPEX_,1244.2,1240.0,0.997,flag(needs_mapping),RUB,https://smart-lab.ru/q/CARM/f/y/
CARM,2025,capex,CAPEX_,,981.0,,skip_empty(needs_mapping),RUB,https://smart-lab.ru/q/CARM/f/y/
CBOM,2024,net_income,net_profit_mln,20887.0,20900.0,1.001,match,RUB,https://smart-lab.ru/q/CBOM/f/y/
CBOM,2025,net_income,net_profit_mln,22600.0,22600.0,1.0,match,RUB,https://smart-lab.ru/q/CBOM/f/y/
CHKZ,2024,revenue,revenue_mln,102157.1,102200.0,1.0,match,RUB,https://smart-lab.ru/q/CHKZ/f/y/
CHKZ,2025,revenue,revenue_mln,101100.0,101100.0,1.0,match,RUB,https://smart-lab.ru/q/CHKZ/f/y/
CHKZ,2024,net_income,net_profit_mln,3762.7,3760.0,0.999,match,RUB,https://smart-lab.ru/q/CHKZ/f/y/
CHKZ,2025,net_income,net_profit_mln,2120.0,2120.0,1.0,match,RUB,https://smart-lab.ru/q/CHKZ/f/y/
CHKZ,2024,ebitda,ebitda_mln,19823.8,19900.0,1.004,flag(needs_mapping),RUB,https://smart-lab.ru/q/CHKZ/f/y/
CHKZ,2025,ebitda,ebitda_mln,,21100.0,,skip_empty(needs_mapping),RUB,https://smart-lab.ru/q/CHKZ/f/y/
CHKZ,2024,assets,assets_mln,110225.5,110200.0,1.0,match,RUB,https://smart-lab.ru/q/CHKZ/f/y/
CHKZ,2025,assets,assets_mln,138400.0,138400.0,1.0,match,RUB,https://smart-lab.ru/q/CHKZ/f/y/
CHKZ,2024,net_assets,equity_mln,7532.5,7530.0,1.0,flag(needs_mapping),RUB,https://smart-lab.ru/q/CHKZ/f/y/
CHKZ,2025,net_assets,equity_mln,,9070.0,,skip_empty(needs_mapping),RUB,https://smart-lab.ru/q/CHKZ/f/y/
CHKZ,2024,debt,total_debt_mln,,43200.0,,skip_empty(needs_mapping),RUB,https://smart-lab.ru/q/CHKZ/f/y/
CHKZ,2025,debt,total_debt_mln,,44300.0,,skip_empty(needs_mapping),RUB,https://smart-lab.ru/q/CHKZ/f/y/
CHKZ,2024,net_debt,net_debt_mln,32033.8,31800.0,0.993,flag(needs_mapping),RUB,https://smart-lab.ru/q/CHKZ/f/y/
CHKZ,2025,net_debt,net_debt_mln,,33000.0,,skip_empty(needs_mapping),RUB,https://smart-lab.ru/q/CHKZ/f/y/
CHKZ,2024,ocf,CFO_,7698.1,7700.0,1.0,flag(needs_mapping),RUB,https://smart-lab.ru/q/CHKZ/f/y/
CHKZ,2025,ocf,CFO_,,10700.0,,skip_empty(needs_mapping),RUB,https://smart-lab.ru/q/CHKZ/f/y/
CHKZ,2024,capex,CAPEX_,16331.5,16300.0,0.998,flag(needs_mapping),RUB,https://smart-lab.ru/q/CHKZ/f/y/
CHKZ,2025,capex,CAPEX_,,16400.0,,skip_empty(needs_mapping),RUB,https://smart-lab.ru/q/CHKZ/f/y/
CHKZ,2024,fcf,FCF,-8633.3,-8390.0,0.972,flag(needs_mapping),RUB,https://smart-lab.ru/q/CHKZ/f/y/
CHKZ,2025,fcf,FCF,,-574.0,,skip_empty(needs_mapping),RUB,https://smart-lab.ru/q/CHKZ/f/y/
CHMF,2024,revenue,revenue_mln,829779.0,829800.0,1.0,match,RUB,https://smart-lab.ru/q/CHMF/f/y/
CHMF,2025,revenue,revenue_mln,712900.0,712900.0,1.0,match,RUB,https://smart-lab.ru/q/CHMF/f/y/
CHMF,2024,net_income,net_profit_mln,149554.0,149600.0,1.0,match,RUB,https://smart-lab.ru/q/CHMF/f/y/
CHMF,2025,net_income,net_profit_mln,32000.0,32000.0,1.0,match,RUB,https://smart-lab.ru/q/CHMF/f/y/
CHMF,2024,ebitda,ebitda_mln,225246.0,237900.0,1.056,flag(needs_mapping),RUB,https://smart-lab.ru/q/CHMF/f/y/
CHMF,2025,ebitda,ebitda_mln,137600.0,137600.0,1.0,flag(needs_mapping),RUB,https://smart-lab.ru/q/CHMF/f/y/
CHMF,2024,assets,assets_mln,861780.0,861800.0,1.0,match,RUB,https://smart-lab.ru/q/CHMF/f/y/
CHMF,2025,assets,assets_mln,853200.0,853200.0,1.0,match,RUB,https://smart-lab.ru/q/CHMF/f/y/
CHMF,2024,net_assets,equity_mln,496524.0,495400.0,0.998,flag(needs_mapping),RUB,https://smart-lab.ru/q/CHMF/f/y/
CHMF,2025,net_assets,equity_mln,809700.0,527100.0,0.651,flag(needs_mapping),RUB,https://smart-lab.ru/q/CHMF/f/y/
CHMF,2024,debt,total_debt_mln,108500.0,108500.0,1.0,flag(needs_mapping),RUB,https://smart-lab.ru/q/CHMF/f/y/
CHMF,2025,debt,total_debt_mln,60100.0,60100.0,1.0,flag(needs_mapping),RUB,https://smart-lab.ru/q/CHMF/f/y/
CHMF,2024,net_debt,net_debt_mln,-20068.0,-20100.0,1.002,flag(needs_mapping),RUB,https://smart-lab.ru/q/CHMF/f/y/
CHMF,2025,net_debt,net_debt_mln,21700.0,21700.0,1.0,flag(needs_mapping),RUB,https://smart-lab.ru/q/CHMF/f/y/
CHMF,2024,ocf,CFO_,183300.0,183300.0,1.0,flag(needs_mapping),RUB,https://smart-lab.ru/q/CHMF/f/y/
CHMF,2025,ocf,CFO_,124200.0,124200.0,1.0,flag(needs_mapping),RUB,https://smart-lab.ru/q/CHMF/f/y/
CHMF,2024,capex,CAPEX_,118500.0,118500.0,1.0,flag(needs_mapping),RUB,https://smart-lab.ru/q/CHMF/f/y/
CHMF,2025,capex,CAPEX_,173500.0,173500.0,1.0,flag(needs_mapping),RUB,https://smart-lab.ru/q/CHMF/f/y/
CHMF,2024,fcf,FCF,64800.0,96800.0,1.494,flag(needs_mapping),RUB,https://smart-lab.ru/q/CHMF/f/y/
CHMF,2025,fcf,FCF,-30500.0,-30500.0,1.0,flag(needs_mapping),RUB,https://smart-lab.ru/q/CHMF/f/y/
CNRU,2024,revenue,revenue_mln,12987.0,13000.0,1.001,match,RUB,https://smart-lab.ru/q/CNRU/f/y/
CNRU,2025,revenue,revenue_mln,15200.0,15200.0,1.0,match,RUB,https://smart-lab.ru/q/CNRU/f/y/
CNRU,2024,net_income,net_profit_mln,2464.0,1700.0,0.69,FLAG_DIVERGENCE,RUB,https://smart-lab.ru/q/CNRU/f/y/
CNRU,2025,net_income,net_profit_mln,,2660.0,,skip(col_diverged),RUB,https://smart-lab.ru/q/CNRU/f/y/
CNRU,2024,ebitda,ebitda_mln,2977.0,3210.0,1.078,flag(needs_mapping),RUB,https://smart-lab.ru/q/CNRU/f/y/
CNRU,2025,ebitda,ebitda_mln,,3930.0,,skip_empty(needs_mapping),RUB,https://smart-lab.ru/q/CNRU/f/y/
CNRU,2024,assets,assets_mln,13045.0,13100.0,1.004,match,RUB,https://smart-lab.ru/q/CNRU/f/y/
CNRU,2025,assets,assets_mln,10100.0,10100.0,1.0,match,RUB,https://smart-lab.ru/q/CNRU/f/y/
CNRU,2024,net_assets,equity_mln,10009.0,5940.0,0.593,flag(needs_mapping),RUB,https://smart-lab.ru/q/CNRU/f/y/
CNRU,2025,net_assets,equity_mln,,5220.0,,skip_empty(needs_mapping),RUB,https://smart-lab.ru/q/CNRU/f/y/
CNRU,2024,debt,total_debt_mln,,0.0,,skip_empty(needs_mapping),RUB,https://smart-lab.ru/q/CNRU/f/y/
CNRU,2025,debt,total_debt_mln,,0.0,,skip_empty(needs_mapping),RUB,https://smart-lab.ru/q/CNRU/f/y/
CNRU,2024,net_debt,net_debt_mln,-9141.0,-9220.0,1.009,flag(needs_mapping),RUB,https://smart-lab.ru/q/CNRU/f/y/
CNRU,2025,net_debt,net_debt_mln,,-6120.0,,skip_empty(needs_mapping),RUB,https://smart-lab.ru/q/CNRU/f/y/
CNRU,2024,ocf,CFO_,2813.0,2810.0,0.999,flag(needs_mapping),RUB,https://smart-lab.ru/q/CNRU/f/y/
CNRU,2025,ocf,CFO_,,4330.0,,skip_empty(needs_mapping),RUB,https://smart-lab.ru/q/CNRU/f/y/
CNRU,2024,capex,CAPEX_,159.0,444.0,2.792,flag(needs_mapping),RUB,https://smart-lab.ru/q/CNRU/f/y/
CNRU,2025,capex,CAPEX_,,181.0,,skip_empty(needs_mapping),RUB,https://smart-lab.ru/q/CNRU/f/y/
CNRU,2024,fcf,FCF,2654.0,2340.0,0.882,flag(needs_mapping),RUB,https://smart-lab.ru/q/CNRU/f/y/
CNRU,2025,fcf,FCF,,4130.0,,skip_empty(needs_mapping),RUB,https://smart-lab.ru/q/CNRU/f/y/
CNTL,2024,revenue,revenue_mln,1271.2,1270.0,0.999,match,RUB,https://smart-lab.ru/q/CNTL/f/y/
CNTL,2025,revenue,revenue_mln,1190.0,1190.0,1.0,match,RUB,https://smart-lab.ru/q/CNTL/f/y/
CNTL,2024,net_income,net_profit_mln,110.5,111.0,1.004,match,RUB,https://smart-lab.ru/q/CNTL/f/y/
CNTL,2025,net_income,net_profit_mln,-355.0,-355.0,1.0,match,RUB,https://smart-lab.ru/q/CNTL/f/y/
CNTL,2024,ebitda,ebitda_mln,282.0,185.0,0.656,flag(needs_mapping),RUB,https://smart-lab.ru/q/CNTL/f/y/
CNTL,2025,ebitda,ebitda_mln,,-391.0,,skip_empty(needs_mapping),RUB,https://smart-lab.ru/q/CNTL/f/y/
CNTL,2024,assets,assets_mln,1296.6,1300.0,1.003,match,RUB,https://smart-lab.ru/q/CNTL/f/y/
CNTL,2025,assets,assets_mln,858.0,858.0,1.0,match,RUB,https://smart-lab.ru/q/CNTL/f/y/
CNTL,2024,net_assets,equity_mln,949.1,949.0,1.0,flag(needs_mapping),RUB,https://smart-lab.ru/q/CNTL/f/y/
CNTL,2025,net_assets,equity_mln,,586.0,,skip_empty(needs_mapping),RUB,https://smart-lab.ru/q/CNTL/f/y/
CNTL,2024,net_debt,net_debt_mln,-590.3,-620.0,1.05,flag(needs_mapping),RUB,https://smart-lab.ru/q/CNTL/f/y/
CNTL,2025,net_debt,net_debt_mln,,-610.0,,skip_empty(needs_mapping),RUB,https://smart-lab.ru/q/CNTL/f/y/
CNTL,2024,ocf,CFO_,12.7,13.0,1.026,flag(needs_mapping),RUB,https://smart-lab.ru/q/CNTL/f/y/
CNTL,2025,ocf,CFO_,,84.0,,skip_empty(needs_mapping),RUB,https://smart-lab.ru/q/CNTL/f/y/
CNTL,2024,capex,CAPEX_,100.1,100.0,0.999,flag(needs_mapping),RUB,https://smart-lab.ru/q/CNTL/f/y/
CNTL,2025,capex,CAPEX_,,79.0,,skip_empty(needs_mapping),RUB,https://smart-lab.ru/q/CNTL/f/y/
CNTL,2024,fcf,FCF,-87.4,-31.0,0.355,flag(needs_mapping),RUB,https://smart-lab.ru/q/CNTL/f/y/
CNTL,2025,fcf,FCF,,-3.0,,skip_empty(needs_mapping),RUB,https://smart-lab.ru/q/CNTL/f/y/
CNTLP,2024,revenue,revenue_mln,1271.2,1270.0,0.999,match,RUB,https://smart-lab.ru/q/CNTL/f/y/ (←CNTL)
CNTLP,2025,revenue,revenue_mln,,1190.0,,FILL,RUB,https://smart-lab.ru/q/CNTL/f/y/ (←CNTL)
CNTLP,2024,net_income,net_profit_mln,110.5,111.0,1.004,match,RUB,https://smart-lab.ru/q/CNTL/f/y/ (←CNTL)
CNTLP,2025,net_income,net_profit_mln,,-355.0,,FILL,RUB,https://smart-lab.ru/q/CNTL/f/y/ (←CNTL)
CNTLP,2024,ebitda,ebitda_mln,282.0,185.0,0.656,flag(needs_mapping),RUB,https://smart-lab.ru/q/CNTL/f/y/ (←CNTL)
CNTLP,2025,ebitda,ebitda_mln,,-391.0,,skip_empty(needs_mapping),RUB,https://smart-lab.ru/q/CNTL/f/y/ (←CNTL)
CNTLP,2024,assets,assets_mln,1296.6,1300.0,1.003,match,RUB,https://smart-lab.ru/q/CNTL/f/y/ (←CNTL)
CNTLP,2025,assets,assets_mln,,858.0,,FILL,RUB,https://smart-lab.ru/q/CNTL/f/y/ (←CNTL)
CNTLP,2024,net_assets,equity_mln,949.1,949.0,1.0,flag(needs_mapping),RUB,https://smart-lab.ru/q/CNTL/f/y/ (←CNTL)
CNTLP,2025,net_assets,equity_mln,,586.0,,skip_empty(needs_mapping),RUB,https://smart-lab.ru/q/CNTL/f/y/ (←CNTL)
CNTLP,2024,net_debt,net_debt_mln,-590.3,-620.0,1.05,flag(needs_mapping),RUB,https://smart-lab.ru/q/CNTL/f/y/ (←CNTL)
CNTLP,2025,net_debt,net_debt_mln,,-610.0,,skip_empty(needs_mapping),RUB,https://smart-lab.ru/q/CNTL/f/y/ (←CNTL)
CNTLP,2024,ocf,CFO_,12.7,13.0,1.026,flag(needs_mapping),RUB,https://smart-lab.ru/q/CNTL/f/y/ (←CNTL)
CNTLP,2025,ocf,CFO_,,84.0,,skip_empty(needs_mapping),RUB,https://smart-lab.ru/q/CNTL/f/y/ (←CNTL)
CNTLP,2024,capex,CAPEX_,100.1,100.0,0.999,flag(needs_mapping),RUB,https://smart-lab.ru/q/CNTL/f/y/ (←CNTL)
CNTLP,2025,capex,CAPEX_,,79.0,,skip_empty(needs_mapping),RUB,https://smart-lab.ru/q/CNTL/f/y/ (←CNTL)
CNTLP,2024,fcf,FCF,-87.4,-31.0,0.355,flag(needs_mapping),RUB,https://smart-lab.ru/q/CNTL/f/y/ (←CNTL)
CNTLP,2025,fcf,FCF,,-3.0,,skip_empty(needs_mapping),RUB,https://smart-lab.ru/q/CNTL/f/y/ (←CNTL)
DATA,2024,revenue,revenue_mln,6014.7,6020.0,1.001,match,RUB,https://smart-lab.ru/q/DATA/f/y/
DATA,2025,revenue,revenue_mln,8750.0,8750.0,1.0,match,RUB,https://smart-lab.ru/q/DATA/f/y/
DATA,2024,net_income,net_profit_mln,1938.4,1950.0,1.006,match,RUB,https://smart-lab.ru/q/DATA/f/y/
DATA,2025,net_income,net_profit_mln,2670.0,2670.0,1.0,match,RUB,https://smart-lab.ru/q/DATA/f/y/
DATA,2024,ebitda,ebitda_mln,1989.7,2190.0,1.101,flag(needs_mapping),RUB,https://smart-lab.ru/q/DATA/f/y/
DATA,2025,ebitda,ebitda_mln,,3160.0,,skip_empty(needs_mapping),RUB,https://smart-lab.ru/q/DATA/f/y/
DATA,2024,assets,assets_mln,4433.4,4430.0,0.999,match,RUB,https://smart-lab.ru/q/DATA/f/y/
DATA,2025,assets,assets_mln,8960.0,8960.0,1.0,match,RUB,https://smart-lab.ru/q/DATA/f/y/
DATA,2024,net_assets,equity_mln,2384.4,2390.0,1.002,flag(needs_mapping),RUB,https://smart-lab.ru/q/DATA/f/y/
DATA,2025,net_assets,equity_mln,,5410.0,,skip_empty(needs_mapping),RUB,https://smart-lab.ru/q/DATA/f/y/
DATA,2024,debt,total_debt_mln,77.0,77.0,1.0,flag(needs_mapping),RUB,https://smart-lab.ru/q/DATA/f/y/
DATA,2025,debt,total_debt_mln,,73.0,,skip_empty(needs_mapping),RUB,https://smart-lab.ru/q/DATA/f/y/
DATA,2024,net_debt,net_debt_mln,-1151.0,-1290.0,1.121,flag(needs_mapping),RUB,https://smart-lab.ru/q/DATA/f/y/
DATA,2025,net_debt,net_debt_mln,,-3000.0,,skip_empty(needs_mapping),RUB,https://smart-lab.ru/q/DATA/f/y/
DATA,2024,ocf,CFO_,1690.0,1690.0,1.0,flag(needs_mapping),RUB,https://smart-lab.ru/q/DATA/f/y/
DATA,2025,ocf,CFO_,,3280.0,,skip_empty(needs_mapping),RUB,https://smart-lab.ru/q/DATA/f/y/
DATA,2024,capex,CAPEX_,66.0,66.0,1.0,flag(needs_mapping),RUB,https://smart-lab.ru/q/DATA/f/y/
DATA,2025,capex,CAPEX_,,373.0,,skip_empty(needs_mapping),RUB,https://smart-lab.ru/q/DATA/f/y/
DATA,2024,fcf,FCF,1624.0,1600.0,0.985,flag(needs_mapping),RUB,https://smart-lab.ru/q/DATA/f/y/
DATA,2025,fcf,FCF,,2890.0,,skip_empty(needs_mapping),RUB,https://smart-lab.ru/q/DATA/f/y/
DELI,2024,revenue,revenue_mln,27897.0,27900.0,1.0,match,RUB,https://smart-lab.ru/q/DELI/f/y/
DELI,2025,revenue,revenue_mln,30800.0,30800.0,1.0,match,RUB,https://smart-lab.ru/q/DELI/f/y/
DELI,2024,net_income,net_profit_mln,8.0,8.0,1.0,match,RUB,https://smart-lab.ru/q/DELI/f/y/
DELI,2025,net_income,net_profit_mln,-3700.0,-3730.0,1.008,match,RUB,https://smart-lab.ru/q/DELI/f/y/
DELI,2024,ebitda,ebitda_mln,5561.0,5790.0,1.041,flag(needs_mapping),RUB,https://smart-lab.ru/q/DELI/f/y/
DELI,2025,ebitda,ebitda_mln,6200.0,6200.0,1.0,flag(needs_mapping),RUB,https://smart-lab.ru/q/DELI/f/y/
DELI,2024,assets,assets_mln,39858.0,39900.0,1.001,match,RUB,https://smart-lab.ru/q/DELI/f/y/
DELI,2025,assets,assets_mln,36000.0,36000.0,1.0,match,RUB,https://smart-lab.ru/q/DELI/f/y/
DELI,2024,net_assets,equity_mln,6188.0,6190.0,1.0,flag(needs_mapping),RUB,https://smart-lab.ru/q/DELI/f/y/
DELI,2025,net_assets,equity_mln,18900.0,2450.0,0.13,flag(needs_mapping),RUB,https://smart-lab.ru/q/DELI/f/y/
DELI,2024,debt,total_debt_mln,29800.0,31400.0,1.054,flag(needs_mapping),RUB,https://smart-lab.ru/q/DELI/f/y/
DELI,2025,debt,total_debt_mln,,31200.0,,skip_empty(needs_mapping),RUB,https://smart-lab.ru/q/DELI/f/y/
DELI,2024,net_debt,net_debt_mln,29699.0,29700.0,1.0,flag(needs_mapping),RUB,https://smart-lab.ru/q/DELI/f/y/
DELI,2025,net_debt,net_debt_mln,0.0,30000.0,,flag(needs_mapping),RUB,https://smart-lab.ru/q/DELI/f/y/
DELI,2024,ocf,CFO_,5381.0,5380.0,1.0,flag(needs_mapping),RUB,https://smart-lab.ru/q/DELI/f/y/
DELI,2025,ocf,CFO_,,6130.0,,skip_empty(needs_mapping),RUB,https://smart-lab.ru/q/DELI/f/y/
DELI,2024,capex,CAPEX_,621.0,620.0,0.998,flag(needs_mapping),RUB,https://smart-lab.ru/q/DELI/f/y/
DELI,2025,capex,CAPEX_,,555.0,,skip_empty(needs_mapping),RUB,https://smart-lab.ru/q/DELI/f/y/
DELI,2024,fcf,FCF,4760.0,-6940.0,-1.458,flag(needs_mapping),RUB,https://smart-lab.ru/q/DELI/f/y/
DELI,2025,fcf,FCF,,-5630.0,,skip_empty(needs_mapping),RUB,https://smart-lab.ru/q/DELI/f/y/
DIAS,2024,revenue,revenue_mln,9139.7,10100.0,1.105,FLAG_DIVERGENCE,RUB,https://smart-lab.ru/q/DIAS/f/y/
DIAS,2024,net_income,net_profit_mln,3058.3,2390.0,0.781,FLAG_DIVERGENCE,RUB,https://smart-lab.ru/q/DIAS/f/y/
DIAS,2024,ebitda,ebitda_mln,3624.9,2950.0,0.814,flag(needs_mapping),RUB,https://smart-lab.ru/q/DIAS/f/y/
DIAS,2024,assets,assets_mln,8616.0,8550.0,0.992,match,RUB,https://smart-lab.ru/q/DIAS/f/y/
DIAS,2024,net_assets,equity_mln,6082.2,6660.0,1.095,flag(needs_mapping),RUB,https://smart-lab.ru/q/DIAS/f/y/
DIAS,2024,debt,total_debt_mln,0.0,0.0,,flag(needs_mapping),RUB,https://smart-lab.ru/q/DIAS/f/y/
DIAS,2024,net_debt,net_debt_mln,-2953.1,-790.0,0.268,flag(needs_mapping),RUB,https://smart-lab.ru/q/DIAS/f/y/
DIAS,2025,net_debt,net_debt_mln,,0.0,,skip_empty(needs_mapping),RUB,https://smart-lab.ru/q/DIAS/f/y/
DIAS,2024,ocf,CFO_,1620.0,1620.0,1.0,flag(needs_mapping),RUB,https://smart-lab.ru/q/DIAS/f/y/
DIAS,2024,capex,CAPEX_,86.4,1610.0,18.627,flag(needs_mapping),RUB,https://smart-lab.ru/q/DIAS/f/y/
DIAS,2024,fcf,FCF,2764.2,286.0,0.103,flag(needs_mapping),RUB,https://smart-lab.ru/q/DIAS/f/y/
DIOD,2024,revenue,revenue_mln,510.5,511.0,1.001,match,RUB,https://smart-lab.ru/q/DIOD/f/y/
DIOD,2025,revenue,revenue_mln,521.0,521.0,1.0,match,RUB,https://smart-lab.ru/q/DIOD/f/y/
DIOD,2024,net_income,net_profit_mln,-260.6,-248.0,0.951,match,RUB,https://smart-lab.ru/q/DIOD/f/y/
DIOD,2025,net_income,net_profit_mln,-71.0,-71.0,1.0,match,RUB,https://smart-lab.ru/q/DIOD/f/y/
DIOD,2024,ebitda,ebitda_mln,-276.3,-266.0,0.963,flag(needs_mapping),RUB,https://smart-lab.ru/q/DIOD/f/y/
DIOD,2025,ebitda,ebitda_mln,,-28.0,,skip_empty(needs_mapping),RUB,https://smart-lab.ru/q/DIOD/f/y/
DIOD,2024,assets,assets_mln,1016.4,1020.0,1.004,match,RUB,https://smart-lab.ru/q/DIOD/f/y/
DIOD,2025,assets,assets_mln,970.0,970.0,1.0,match,RUB,https://smart-lab.ru/q/DIOD/f/y/
DIOD,2024,net_assets,equity_mln,794.0,755.0,0.951,flag(needs_mapping),RUB,https://smart-lab.ru/q/DIOD/f/y/
DIOD,2025,net_assets,equity_mln,,640.0,,skip_empty(needs_mapping),RUB,https://smart-lab.ru/q/DIOD/f/y/
DIOD,2024,debt,total_debt_mln,,0.0,,skip_empty(needs_mapping),RUB,https://smart-lab.ru/q/DIOD/f/y/
DIOD,2025,debt,total_debt_mln,,0.0,,skip_empty(needs_mapping),RUB,https://smart-lab.ru/q/DIOD/f/y/
DIOD,2024,net_debt,net_debt_mln,-21.4,-20.0,0.935,flag(needs_mapping),RUB,https://smart-lab.ru/q/DIOD/f/y/
DIOD,2025,net_debt,net_debt_mln,,-10.0,,skip_empty(needs_mapping),RUB,https://smart-lab.ru/q/DIOD/f/y/
DIOD,2024,ocf,CFO_,64.5,65.0,1.008,flag(needs_mapping),RUB,https://smart-lab.ru/q/DIOD/f/y/
DIOD,2025,ocf,CFO_,,60.0,,skip_empty(needs_mapping),RUB,https://smart-lab.ru/q/DIOD/f/y/
DIOD,2024,capex,CAPEX_,32.1,32.0,0.997,flag(needs_mapping),RUB,https://smart-lab.ru/q/DIOD/f/y/
DIOD,2025,capex,CAPEX_,,1.0,,skip_empty(needs_mapping),RUB,https://smart-lab.ru/q/DIOD/f/y/
DIOD,2024,fcf,FCF,32.4,58.0,1.79,flag(needs_mapping),RUB,https://smart-lab.ru/q/DIOD/f/y/
DIOD,2025,fcf,FCF,,66.0,,skip_empty(needs_mapping),RUB,https://smart-lab.ru/q/DIOD/f/y/
DOMRF,2024,net_income,net_profit_mln,65750.0,65600.0,0.998,match,RUB,https://smart-lab.ru/q/DOMRF/f/y/
DOMRF,2025,net_income,net_profit_mln,88700.0,88700.0,1.0,match,RUB,https://smart-lab.ru/q/DOMRF/f/y/
DOMRF,2024,ocf,CFO_,-7036.0,-7040.0,1.001,flag(needs_mapping),RUB,https://smart-lab.ru/q/DOMRF/f/y/
DOMRF,2025,ocf,CFO_,-607000.0,-607000.0,1.0,flag(needs_mapping),RUB,https://smart-lab.ru/q/DOMRF/f/y/
DVEC,2024,revenue,revenue_mln,183510.0,183500.0,1.0,match,RUB,https://smart-lab.ru/q/DVEC/f/y/
DVEC,2025,revenue,revenue_mln,179200.0,179200.0,1.0,match,RUB,https://smart-lab.ru/q/DVEC/f/y/
DVEC,2024,net_income,net_profit_mln,3050.0,2760.0,0.905,FLAG_DIVERGENCE,RUB,https://smart-lab.ru/q/DVEC/f/y/
DVEC,2025,net_income,net_profit_mln,,5290.0,,skip(col_diverged),RUB,https://smart-lab.ru/q/DVEC/f/y/
DVEC,2024,ebitda,ebitda_mln,7569.0,10900.0,1.44,flag(needs_mapping),RUB,https://smart-lab.ru/q/DVEC/f/y/
DVEC,2025,ebitda,ebitda_mln,,14800.0,,skip_empty(needs_mapping),RUB,https://smart-lab.ru/q/DVEC/f/y/
DVEC,2024,assets,assets_mln,97044.0,97000.0,1.0,match,RUB,https://smart-lab.ru/q/DVEC/f/y/
DVEC,2025,assets,assets_mln,111800.0,111800.0,1.0,match,RUB,https://smart-lab.ru/q/DVEC/f/y/
DVEC,2024,net_assets,equity_mln,34995.0,26700.0,0.763,flag(needs_mapping),RUB,https://smart-lab.ru/q/DVEC/f/y/
DVEC,2025,net_assets,equity_mln,,32000.0,,skip_empty(needs_mapping),RUB,https://smart-lab.ru/q/DVEC/f/y/
DVEC,2024,debt,total_debt_mln,21200.0,21200.0,1.0,flag(needs_mapping),RUB,https://smart-lab.ru/q/DVEC/f/y/
DVEC,2025,debt,total_debt_mln,,19200.0,,skip_empty(needs_mapping),RUB,https://smart-lab.ru/q/DVEC/f/y/
DVEC,2024,net_debt,net_debt_mln,11820.0,11800.0,0.998,flag(needs_mapping),RUB,https://smart-lab.ru/q/DVEC/f/y/
DVEC,2025,net_debt,net_debt_mln,,9230.0,,skip_empty(needs_mapping),RUB,https://smart-lab.ru/q/DVEC/f/y/
DVEC,2024,ocf,CFO_,16800.0,13200.0,0.786,flag(needs_mapping),RUB,https://smart-lab.ru/q/DVEC/f/y/
DVEC,2025,ocf,CFO_,,15900.0,,skip_empty(needs_mapping),RUB,https://smart-lab.ru/q/DVEC/f/y/
DVEC,2024,capex,CAPEX_,14700.0,11100.0,0.755,flag(needs_mapping),RUB,https://smart-lab.ru/q/DVEC/f/y/
DVEC,2025,capex,CAPEX_,,14300.0,,skip_empty(needs_mapping),RUB,https://smart-lab.ru/q/DVEC/f/y/
DVEC,2024,fcf,FCF,2100.0,1720.0,0.819,flag(needs_mapping),RUB,https://smart-lab.ru/q/DVEC/f/y/
DVEC,2025,fcf,FCF,,1720.0,,skip_empty(needs_mapping),RUB,https://smart-lab.ru/q/DVEC/f/y/
DZRD,2024,revenue,revenue_mln,3265.1,3270.0,1.001,match,RUB,https://smart-lab.ru/q/DZRD/f/y/
DZRD,2025,revenue,revenue_mln,1780.0,1780.0,1.0,match,RUB,https://smart-lab.ru/q/DZRD/f/y/
DZRD,2024,net_income,net_profit_mln,-891.2,-1210.0,1.358,FLAG_DIVERGENCE,RUB,https://smart-lab.ru/q/DZRD/f/y/
DZRD,2025,net_income,net_profit_mln,,-1310.0,,skip(col_diverged),RUB,https://smart-lab.ru/q/DZRD/f/y/
DZRD,2024,ebitda,ebitda_mln,-496.5,-402.0,0.81,flag(needs_mapping),RUB,https://smart-lab.ru/q/DZRD/f/y/
DZRD,2025,ebitda,ebitda_mln,,1390.0,,skip_empty(needs_mapping),RUB,https://smart-lab.ru/q/DZRD/f/y/
DZRD,2024,assets,assets_mln,5079.3,5080.0,1.0,match,RUB,https://smart-lab.ru/q/DZRD/f/y/
DZRD,2025,assets,assets_mln,4000.0,4000.0,1.0,match,RUB,https://smart-lab.ru/q/DZRD/f/y/
DZRD,2024,net_assets,equity_mln,3578.6,3580.0,1.0,flag(needs_mapping),RUB,https://smart-lab.ru/q/DZRD/f/y/
DZRD,2025,net_assets,equity_mln,,2270.0,,skip_empty(needs_mapping),RUB,https://smart-lab.ru/q/DZRD/f/y/
DZRD,2024,debt,total_debt_mln,,364.0,,skip_empty(needs_mapping),RUB,https://smart-lab.ru/q/DZRD/f/y/
DZRD,2025,debt,total_debt_mln,,605.0,,skip_empty(needs_mapping),RUB,https://smart-lab.ru/q/DZRD/f/y/
DZRD,2024,net_debt,net_debt_mln,309.3,310.0,1.002,flag(needs_mapping),RUB,https://smart-lab.ru/q/DZRD/f/y/
DZRD,2025,net_debt,net_debt_mln,,570.0,,skip_empty(needs_mapping),RUB,https://smart-lab.ru/q/DZRD/f/y/
DZRD,2024,ocf,CFO_,248.2,248.0,0.999,flag(needs_mapping),RUB,https://smart-lab.ru/q/DZRD/f/y/
DZRD,2025,ocf,CFO_,,2050.0,,skip_empty(needs_mapping),RUB,https://smart-lab.ru/q/DZRD/f/y/
DZRD,2024,capex,CAPEX_,195.4,195.0,0.998,flag(needs_mapping),RUB,https://smart-lab.ru/q/DZRD/f/y/
DZRD,2025,capex,CAPEX_,,2430.0,,skip_empty(needs_mapping),RUB,https://smart-lab.ru/q/DZRD/f/y/
DZRD,2024,fcf,FCF,52.8,53.0,1.005,flag(needs_mapping),RUB,https://smart-lab.ru/q/DZRD/f/y/
DZRD,2025,fcf,FCF,,-378.0,,skip_empty(needs_mapping),RUB,https://smart-lab.ru/q/DZRD/f/y/
DZRDP,2024,revenue,revenue_mln,3265.1,3270.0,1.001,match,RUB,https://smart-lab.ru/q/DZRD/f/y/ (←DZRD)
DZRDP,2025,revenue,revenue_mln,,1780.0,,FILL,RUB,https://smart-lab.ru/q/DZRD/f/y/ (←DZRD)
DZRDP,2024,net_income,net_profit_mln,-891.2,-1210.0,1.358,FLAG_DIVERGENCE,RUB,https://smart-lab.ru/q/DZRD/f/y/ (←DZRD)
DZRDP,2025,net_income,net_profit_mln,,-1310.0,,skip(col_diverged),RUB,https://smart-lab.ru/q/DZRD/f/y/ (←DZRD)
DZRDP,2024,ebitda,ebitda_mln,-496.5,-402.0,0.81,flag(needs_mapping),RUB,https://smart-lab.ru/q/DZRD/f/y/ (←DZRD)
DZRDP,2025,ebitda,ebitda_mln,,1390.0,,skip_empty(needs_mapping),RUB,https://smart-lab.ru/q/DZRD/f/y/ (←DZRD)
DZRDP,2024,assets,assets_mln,5079.3,5080.0,1.0,match,RUB,https://smart-lab.ru/q/DZRD/f/y/ (←DZRD)
DZRDP,2025,assets,assets_mln,,4000.0,,FILL,RUB,https://smart-lab.ru/q/DZRD/f/y/ (←DZRD)
DZRDP,2024,net_assets,equity_mln,3578.6,3580.0,1.0,flag(needs_mapping),RUB,https://smart-lab.ru/q/DZRD/f/y/ (←DZRD)
DZRDP,2025,net_assets,equity_mln,,2270.0,,skip_empty(needs_mapping),RUB,https://smart-lab.ru/q/DZRD/f/y/ (←DZRD)
DZRDP,2024,debt,total_debt_mln,,364.0,,skip_empty(needs_mapping),RUB,https://smart-lab.ru/q/DZRD/f/y/ (←DZRD)
DZRDP,2025,debt,total_debt_mln,,605.0,,skip_empty(needs_mapping),RUB,https://smart-lab.ru/q/DZRD/f/y/ (←DZRD)
DZRDP,2024,net_debt,net_debt_mln,309.3,310.0,1.002,flag(needs_mapping),RUB,https://smart-lab.ru/q/DZRD/f/y/ (←DZRD)
DZRDP,2025,net_debt,net_debt_mln,,570.0,,skip_empty(needs_mapping),RUB,https://smart-lab.ru/q/DZRD/f/y/ (←DZRD)
DZRDP,2024,ocf,CFO_,248.2,248.0,0.999,flag(needs_mapping),RUB,https://smart-lab.ru/q/DZRD/f/y/ (←DZRD)
DZRDP,2025,ocf,CFO_,,2050.0,,skip_empty(needs_mapping),RUB,https://smart-lab.ru/q/DZRD/f/y/ (←DZRD)
DZRDP,2024,capex,CAPEX_,195.4,195.0,0.998,flag(needs_mapping),RUB,https://smart-lab.ru/q/DZRD/f/y/ (←DZRD)
DZRDP,2025,capex,CAPEX_,,2430.0,,skip_empty(needs_mapping),RUB,https://smart-lab.ru/q/DZRD/f/y/ (←DZRD)
DZRDP,2024,fcf,FCF,52.8,53.0,1.005,flag(needs_mapping),RUB,https://smart-lab.ru/q/DZRD/f/y/ (←DZRD)
DZRDP,2025,fcf,FCF,,-378.0,,skip_empty(needs_mapping),RUB,https://smart-lab.ru/q/DZRD/f/y/ (←DZRD)
EELT,2024,revenue,revenue_mln,6951.3,6950.0,1.0,match,RUB,https://smart-lab.ru/q/EELT/f/y/
EELT,2025,revenue,revenue_mln,9900.0,9900.0,1.0,match,RUB,https://smart-lab.ru/q/EELT/f/y/
EELT,2024,net_income,net_profit_mln,704.8,705.0,1.0,match,RUB,https://smart-lab.ru/q/EELT/f/y/
EELT,2025,net_income,net_profit_mln,812.0,812.0,1.0,match,RUB,https://smart-lab.ru/q/EELT/f/y/
EELT,2024,ebitda,ebitda_mln,1201.1,1200.0,0.999,flag(needs_mapping),RUB,https://smart-lab.ru/q/EELT/f/y/
EELT,2025,ebitda,ebitda_mln,,1460.0,,skip_empty(needs_mapping),RUB,https://smart-lab.ru/q/EELT/f/y/
EELT,2024,assets,assets_mln,5920.7,5920.0,1.0,match,RUB,https://smart-lab.ru/q/EELT/f/y/
EELT,2025,assets,assets_mln,9040.0,9040.0,1.0,match,RUB,https://smart-lab.ru/q/EELT/f/y/
EELT,2024,net_assets,equity_mln,2690.7,2690.0,1.0,flag(needs_mapping),RUB,https://smart-lab.ru/q/EELT/f/y/
EELT,2025,net_assets,equity_mln,,3230.0,,skip_empty(needs_mapping),RUB,https://smart-lab.ru/q/EELT/f/y/
EELT,2024,debt,total_debt_mln,,766.0,,skip_empty(needs_mapping),RUB,https://smart-lab.ru/q/EELT/f/y/
EELT,2025,debt,total_debt_mln,,751.0,,skip_empty(needs_mapping),RUB,https://smart-lab.ru/q/EELT/f/y/
EELT,2024,net_debt,net_debt_mln,850.3,570.0,0.67,flag(needs_mapping),RUB,https://smart-lab.ru/q/EELT/f/y/
EELT,2025,net_debt,net_debt_mln,,70.0,,skip_empty(needs_mapping),RUB,https://smart-lab.ru/q/EELT/f/y/
EELT,2024,ocf,CFO_,-650.0,-650.0,1.0,flag(needs_mapping),RUB,https://smart-lab.ru/q/EELT/f/y/
EELT,2025,ocf,CFO_,,1060.0,,skip_empty(needs_mapping),RUB,https://smart-lab.ru/q/EELT/f/y/
EELT,2024,capex,CAPEX_,10.0,10.0,1.0,flag(needs_mapping),RUB,https://smart-lab.ru/q/EELT/f/y/
EELT,2025,capex,CAPEX_,,262.0,,skip_empty(needs_mapping),RUB,https://smart-lab.ru/q/EELT/f/y/
EELT,2024,fcf,FCF,-660.0,-812.0,1.23,flag(needs_mapping),RUB,https://smart-lab.ru/q/EELT/f/y/
EELT,2025,fcf,FCF,,639.0,,skip_empty(needs_mapping),RUB,https://smart-lab.ru/q/EELT/f/y/
ELFV,2024,revenue,revenue_mln,68556.7,68600.0,1.001,match,RUB,https://smart-lab.ru/q/ELFV/f/y/
ELFV,2025,revenue,revenue_mln,81100.0,81100.0,1.0,match,RUB,https://smart-lab.ru/q/ELFV/f/y/
ELFV,2024,net_income,net_profit_mln,4542.5,4540.0,0.999,match,RUB,https://smart-lab.ru/q/ELFV/f/y/
ELFV,2025,net_income,net_profit_mln,10700.0,10700.0,1.0,match,RUB,https://smart-lab.ru/q/ELFV/f/y/
ELFV,2024,ebitda,ebitda_mln,12652.5,13500.0,1.067,flag(needs_mapping),RUB,https://smart-lab.ru/q/ELFV/f/y/
ELFV,2025,ebitda,ebitda_mln,,23900.0,,skip_empty(needs_mapping),RUB,https://smart-lab.ru/q/ELFV/f/y/
ELFV,2024,assets,assets_mln,73740.8,73700.0,0.999,match,RUB,https://smart-lab.ru/q/ELFV/f/y/
ELFV,2025,assets,assets_mln,81300.0,81300.0,1.0,match,RUB,https://smart-lab.ru/q/ELFV/f/y/
ELFV,2024,net_assets,equity_mln,34032.7,34200.0,1.005,flag(needs_mapping),RUB,https://smart-lab.ru/q/ELFV/f/y/
ELFV,2025,net_assets,equity_mln,17500.0,45000.0,2.571,flag(needs_mapping),RUB,https://smart-lab.ru/q/ELFV/f/y/
ELFV,2024,debt,total_debt_mln,30800.0,30800.0,1.0,flag(needs_mapping),RUB,https://smart-lab.ru/q/ELFV/f/y/
ELFV,2025,debt,total_debt_mln,,23100.0,,skip_empty(needs_mapping),RUB,https://smart-lab.ru/q/ELFV/f/y/
ELFV,2024,net_debt,net_debt_mln,25353.0,25400.0,1.002,flag(needs_mapping),RUB,https://smart-lab.ru/q/ELFV/f/y/
ELFV,2025,net_debt,net_debt_mln,0.0,19400.0,,flag(needs_mapping),RUB,https://smart-lab.ru/q/ELFV/f/y/
ELFV,2024,ocf,CFO_,13994.2,14000.0,1.0,flag(needs_mapping),RUB,https://smart-lab.ru/q/ELFV/f/y/
ELFV,2025,ocf,CFO_,,20400.0,,skip_empty(needs_mapping),RUB,https://smart-lab.ru/q/ELFV/f/y/
ELFV,2024,capex,CAPEX_,6789.9,6790.0,1.0,flag(needs_mapping),RUB,https://smart-lab.ru/q/ELFV/f/y/
ELFV,2025,capex,CAPEX_,,8110.0,,skip_empty(needs_mapping),RUB,https://smart-lab.ru/q/ELFV/f/y/
ELFV,2024,fcf,FCF,7204.3,3800.0,0.527,flag(needs_mapping),RUB,https://smart-lab.ru/q/ELFV/f/y/
ELFV,2025,fcf,FCF,,7200.0,,skip_empty(needs_mapping),RUB,https://smart-lab.ru/q/ELFV/f/y/
ELMT,2024,revenue,revenue_mln,44004.0,44000.0,1.0,match,RUB,https://smart-lab.ru/q/ELMT/f/y/
ELMT,2025,revenue,revenue_mln,38600.0,38600.0,1.0,match,RUB,https://smart-lab.ru/q/ELMT/f/y/
ELMT,2024,net_income,net_profit_mln,8273.0,7240.0,0.875,FLAG_DIVERGENCE,RUB,https://smart-lab.ru/q/ELMT/f/y/
ELMT,2025,net_income,net_profit_mln,,-2170.0,,skip(col_diverged),RUB,https://smart-lab.ru/q/ELMT/f/y/
ELMT,2024,ebitda,ebitda_mln,11092.0,11100.0,1.001,flag(needs_mapping),RUB,https://smart-lab.ru/q/ELMT/f/y/
ELMT,2025,ebitda,ebitda_mln,,4920.0,,skip_empty(needs_mapping),RUB,https://smart-lab.ru/q/ELMT/f/y/
ELMT,2024,assets,assets_mln,114091.0,114100.0,1.0,match,RUB,https://smart-lab.ru/q/ELMT/f/y/
ELMT,2025,assets,assets_mln,106500.0,106500.0,1.0,match,RUB,https://smart-lab.ru/q/ELMT/f/y/
ELMT,2024,net_assets,equity_mln,42822.0,39600.0,0.925,flag(needs_mapping),RUB,https://smart-lab.ru/q/ELMT/f/y/
ELMT,2025,net_assets,equity_mln,,34900.0,,skip_empty(needs_mapping),RUB,https://smart-lab.ru/q/ELMT/f/y/
ELMT,2024,debt,total_debt_mln,20200.0,20200.0,1.0,flag(needs_mapping),RUB,https://smart-lab.ru/q/ELMT/f/y/
ELMT,2025,debt,total_debt_mln,,20900.0,,skip_empty(needs_mapping),RUB,https://smart-lab.ru/q/ELMT/f/y/
ELMT,2024,net_debt,net_debt_mln,-14441.0,9440.0,-0.654,flag(needs_mapping),RUB,https://smart-lab.ru/q/ELMT/f/y/
ELMT,2025,net_debt,net_debt_mln,,11900.0,,skip_empty(needs_mapping),RUB,https://smart-lab.ru/q/ELMT/f/y/
ELMT,2024,ocf,CFO_,-1880.0,-1880.0,1.0,flag(needs_mapping),RUB,https://smart-lab.ru/q/ELMT/f/y/
ELMT,2025,ocf,CFO_,,-48.0,,skip_empty(needs_mapping),RUB,https://smart-lab.ru/q/ELMT/f/y/
ELMT,2024,capex,CAPEX_,13301.0,13300.0,1.0,flag(needs_mapping),RUB,https://smart-lab.ru/q/ELMT/f/y/
ELMT,2025,capex,CAPEX_,,8830.0,,skip_empty(needs_mapping),RUB,https://smart-lab.ru/q/ELMT/f/y/
ELMT,2024,fcf,FCF,-15181.0,-12300.0,0.81,flag(needs_mapping),RUB,https://smart-lab.ru/q/ELMT/f/y/
ELMT,2025,fcf,FCF,,-7790.0,,skip_empty(needs_mapping),RUB,https://smart-lab.ru/q/ELMT/f/y/
ENPG,2024,revenue,revenue_mln,14649.0,16043.7,1.095,FLAG_DIVERGENCE,RUB,https://smart-lab.ru/q/ENPG/f/y/
ENPG,2025,revenue,revenue_mln,,17786.3,,skip(col_diverged),RUB,https://smart-lab.ru/q/ENPG/f/y/
ENPG,2024,net_income,net_profit_mln,1348.0,1091.2,0.81,FLAG_DIVERGENCE,RUB,https://smart-lab.ru/q/ENPG/f/y/
ENPG,2025,net_income,net_profit_mln,,430.2,,skip(col_diverged),RUB,https://smart-lab.ru/q/ENPG/f/y/
ENPG,2024,ebitda,ebitda_mln,2822.0,3205.1,1.136,flag(needs_mapping),RUB,https://smart-lab.ru/q/ENPG/f/y/
ENPG,2025,ebitda,ebitda_mln,,2713.6,,skip_empty(needs_mapping),RUB,https://smart-lab.ru/q/ENPG/f/y/
ENPG,2024,assets,assets_mln,27473.0,30080.5,1.095,FLAG_DIVERGENCE,RUB,https://smart-lab.ru/q/ENPG/f/y/
ENPG,2025,assets,assets_mln,,30861.7,,skip(col_diverged),RUB,https://smart-lab.ru/q/ENPG/f/y/
ENPG,2024,net_assets,equity_mln,12281.0,8259.8,0.673,flag(needs_mapping),RUB,https://smart-lab.ru/q/ENPG/f/y/
ENPG,2025,net_assets,equity_mln,,8501.4,,skip_empty(needs_mapping),RUB,https://smart-lab.ru/q/ENPG/f/y/
ENPG,2024,debt,total_debt_mln,980800.0,11787.0,0.012,flag(needs_mapping),RUB,https://smart-lab.ru/q/ENPG/f/y/
ENPG,2025,debt,total_debt_mln,,12426.4,,skip_empty(needs_mapping),RUB,https://smart-lab.ru/q/ENPG/f/y/
ENPG,2024,net_debt,net_debt_mln,8881.0,9720.0,1.094,flag(needs_mapping),RUB,https://smart-lab.ru/q/ENPG/f/y/
ENPG,2025,net_debt,net_debt_mln,,10225.9,,skip_empty(needs_mapping),RUB,https://smart-lab.ru/q/ENPG/f/y/
ENPG,2024,ocf,CFO_,1658.0,1815.9,1.095,flag(needs_mapping),RUB,https://smart-lab.ru/q/ENPG/f/y/
ENPG,2025,ocf,CFO_,,2964.8,,skip_empty(needs_mapping),RUB,https://smart-lab.ru/q/ENPG/f/y/
ENPG,2024,capex,CAPEX_,1878.0,2056.2,1.095,flag(needs_mapping),RUB,https://smart-lab.ru/q/ENPG/f/y/
ENPG,2025,capex,CAPEX_,,2193.2,,skip_empty(needs_mapping),RUB,https://smart-lab.ru/q/ENPG/f/y/
ENPG,2024,fcf,FCF,-220.0,-1098.4,4.993,flag(needs_mapping),RUB,https://smart-lab.ru/q/ENPG/f/y/
ENPG,2025,fcf,FCF,,-389.4,,skip_empty(needs_mapping),RUB,https://smart-lab.ru/q/ENPG/f/y/
ETLN,2024,revenue,revenue_mln,130946.0,131000.0,1.0,match,RUB,https://smart-lab.ru/q/ETLN/f/y/
ETLN,2025,revenue,revenue_mln,153600.0,153600.0,1.0,match,RUB,https://smart-lab.ru/q/ETLN/f/y/
ETLN,2024,net_income,net_profit_mln,-6914.0,-2000.0,0.289,FLAG_DIVERGENCE,RUB,https://smart-lab.ru/q/ETLN/f/y/
ETLN,2025,net_income,net_profit_mln,,-22300.0,,skip(col_diverged),RUB,https://smart-lab.ru/q/ETLN/f/y/
ETLN,2024,ebitda,ebitda_mln,19641.0,28700.0,1.461,flag(needs_mapping),RUB,https://smart-lab.ru/q/ETLN/f/y/
ETLN,2025,ebitda,ebitda_mln,,29800.0,,skip_empty(needs_mapping),RUB,https://smart-lab.ru/q/ETLN/f/y/
ETLN,2024,assets,assets_mln,323330.0,336400.0,1.04,match,RUB,https://smart-lab.ru/q/ETLN/f/y/
ETLN,2025,assets,assets_mln,380200.0,380200.0,1.0,match,RUB,https://smart-lab.ru/q/ETLN/f/y/
ETLN,2024,net_assets,equity_mln,64785.0,64000.0,0.988,flag(needs_mapping),RUB,https://smart-lab.ru/q/ETLN/f/y/
ETLN,2025,net_assets,equity_mln,14800.0,28600.0,1.932,flag(needs_mapping),RUB,https://smart-lab.ru/q/ETLN/f/y/
ETLN,2024,debt,total_debt_mln,176600.0,176600.0,1.0,flag(needs_mapping),RUB,https://smart-lab.ru/q/ETLN/f/y/
ETLN,2025,debt,total_debt_mln,,222500.0,,skip_empty(needs_mapping),RUB,https://smart-lab.ru/q/ETLN/f/y/
ETLN,2024,net_debt,net_debt_mln,172273.0,60000.0,0.348,flag(needs_mapping),RUB,https://smart-lab.ru/q/ETLN/f/y/
ETLN,2025,net_debt,net_debt_mln,0.0,113300.0,,flag(needs_mapping),RUB,https://smart-lab.ru/q/ETLN/f/y/
ETLN,2024,ocf,CFO_,-76700.0,-89600.0,1.168,flag(needs_mapping),RUB,https://smart-lab.ru/q/ETLN/f/y/
ETLN,2025,ocf,CFO_,,-81700.0,,skip_empty(needs_mapping),RUB,https://smart-lab.ru/q/ETLN/f/y/
ETLN,2024,capex,CAPEX_,6470.0,6470.0,1.0,flag(needs_mapping),RUB,https://smart-lab.ru/q/ETLN/f/y/
ETLN,2025,capex,CAPEX_,,3300.0,,skip_empty(needs_mapping),RUB,https://smart-lab.ru/q/ETLN/f/y/
ETLN,2024,fcf,FCF,-83170.0,-97000.0,1.166,flag(needs_mapping),RUB,https://smart-lab.ru/q/ETLN/f/y/
ETLN,2025,fcf,FCF,,-85300.0,,skip_empty(needs_mapping),RUB,https://smart-lab.ru/q/ETLN/f/y/
EUTR,2024,revenue,revenue_mln,186195.1,186200.0,1.0,match,RUB,https://smart-lab.ru/q/EUTR/f/y/
EUTR,2025,revenue,revenue_mln,265800.0,265800.0,1.0,match,RUB,https://smart-lab.ru/q/EUTR/f/y/
EUTR,2024,net_income,net_profit_mln,5538.5,5510.0,0.995,match,RUB,https://smart-lab.ru/q/EUTR/f/y/
EUTR,2025,net_income,net_profit_mln,4760.0,4760.0,1.0,match,RUB,https://smart-lab.ru/q/EUTR/f/y/
EUTR,2024,ebitda,ebitda_mln,16539.2,17000.0,1.028,flag(needs_mapping),RUB,https://smart-lab.ru/q/EUTR/f/y/
EUTR,2025,ebitda,ebitda_mln,,21000.0,,skip_empty(needs_mapping),RUB,https://smart-lab.ru/q/EUTR/f/y/
EUTR,2024,assets,assets_mln,103873.4,103900.0,1.0,match,RUB,https://smart-lab.ru/q/EUTR/f/y/
EUTR,2025,assets,assets_mln,141100.0,141100.0,1.0,match,RUB,https://smart-lab.ru/q/EUTR/f/y/
EUTR,2024,net_assets,equity_mln,32645.9,32300.0,0.989,flag(needs_mapping),RUB,https://smart-lab.ru/q/EUTR/f/y/
EUTR,2025,net_assets,equity_mln,,34000.0,,skip_empty(needs_mapping),RUB,https://smart-lab.ru/q/EUTR/f/y/
EUTR,2024,debt,total_debt_mln,48800.0,48800.0,1.0,flag(needs_mapping),RUB,https://smart-lab.ru/q/EUTR/f/y/
EUTR,2025,debt,total_debt_mln,,66800.0,,skip_empty(needs_mapping),RUB,https://smart-lab.ru/q/EUTR/f/y/
EUTR,2024,net_debt,net_debt_mln,26964.4,48600.0,1.802,flag(needs_mapping),RUB,https://smart-lab.ru/q/EUTR/f/y/
EUTR,2025,net_debt,net_debt_mln,,66600.0,,skip_empty(needs_mapping),RUB,https://smart-lab.ru/q/EUTR/f/y/
EUTR,2024,ocf,CFO_,17979.0,18000.0,1.001,flag(needs_mapping),RUB,https://smart-lab.ru/q/EUTR/f/y/
EUTR,2025,ocf,CFO_,,7830.0,,skip_empty(needs_mapping),RUB,https://smart-lab.ru/q/EUTR/f/y/
EUTR,2024,capex,CAPEX_,14420.2,14400.0,0.999,flag(needs_mapping),RUB,https://smart-lab.ru/q/EUTR/f/y/
EUTR,2025,capex,CAPEX_,,14700.0,,skip_empty(needs_mapping),RUB,https://smart-lab.ru/q/EUTR/f/y/
EUTR,2024,fcf,FCF,3558.8,-5290.0,-1.486,flag(needs_mapping),RUB,https://smart-lab.ru/q/EUTR/f/y/
EUTR,2025,fcf,FCF,,-19800.0,,skip_empty(needs_mapping),RUB,https://smart-lab.ru/q/EUTR/f/y/
FEES,2024,revenue,revenue_mln,1505655.0,1506000.0,1.0,match,RUB,https://smart-lab.ru/q/FEES/f/y/
FEES,2025,revenue,revenue_mln,1834000.0,1834000.0,1.0,match,RUB,https://smart-lab.ru/q/FEES/f/y/
FEES,2024,net_income,net_profit_mln,-116863.0,-149500.0,1.279,FLAG_DIVERGENCE,RUB,https://smart-lab.ru/q/FEES/f/y/
FEES,2025,net_income,net_profit_mln,,141400.0,,skip(col_diverged),RUB,https://smart-lab.ru/q/FEES/f/y/
FEES,2024,ebitda,ebitda_mln,85818.0,519400.0,6.052,flag(needs_mapping),RUB,https://smart-lab.ru/q/FEES/f/y/
FEES,2025,ebitda,ebitda_mln,,668200.0,,skip_empty(needs_mapping),RUB,https://smart-lab.ru/q/FEES/f/y/
FEES,2024,assets,assets_mln,3445757.0,3446000.0,1.0,match,RUB,https://smart-lab.ru/q/FEES/f/y/
FEES,2025,assets,assets_mln,3928000.0,3928000.0,1.0,match,RUB,https://smart-lab.ru/q/FEES/f/y/
FEES,2024,net_assets,equity_mln,1723366.0,1416000.0,0.822,flag(needs_mapping),RUB,https://smart-lab.ru/q/FEES/f/y/
FEES,2025,net_assets,equity_mln,,1551000.0,,skip_empty(needs_mapping),RUB,https://smart-lab.ru/q/FEES/f/y/
FEES,2024,debt,total_debt_mln,741800.0,741800.0,1.0,flag(needs_mapping),RUB,https://smart-lab.ru/q/FEES/f/y/
FEES,2025,debt,total_debt_mln,,829600.0,,skip_empty(needs_mapping),RUB,https://smart-lab.ru/q/FEES/f/y/
FEES,2024,net_debt,net_debt_mln,514920.0,508500.0,0.988,flag(needs_mapping),RUB,https://smart-lab.ru/q/FEES/f/y/
FEES,2025,net_debt,net_debt_mln,,517800.0,,skip_empty(needs_mapping),RUB,https://smart-lab.ru/q/FEES/f/y/
FEES,2024,ocf,CFO_,462100.0,462100.0,1.0,flag(needs_mapping),RUB,https://smart-lab.ru/q/FEES/f/y/
FEES,2025,ocf,CFO_,,581500.0,,skip_empty(needs_mapping),RUB,https://smart-lab.ru/q/FEES/f/y/
FEES,2024,capex,CAPEX_,553700.0,553700.0,1.0,flag(needs_mapping),RUB,https://smart-lab.ru/q/FEES/f/y/
FEES,2025,capex,CAPEX_,,598500.0,,skip_empty(needs_mapping),RUB,https://smart-lab.ru/q/FEES/f/y/
FEES,2024,fcf,FCF,-91600.0,-49100.0,0.536,flag(needs_mapping),RUB,https://smart-lab.ru/q/FEES/f/y/
FEES,2025,fcf,FCF,,43300.0,,skip_empty(needs_mapping),RUB,https://smart-lab.ru/q/FEES/f/y/
FESH,2024,revenue,revenue_mln,184978.0,185000.0,1.0,match,RUB,https://smart-lab.ru/q/FESH/f/y/
FESH,2025,revenue,revenue_mln,171600.0,171600.0,1.0,match,RUB,https://smart-lab.ru/q/FESH/f/y/
FESH,2024,net_income,net_profit_mln,25408.0,26800.0,1.055,match,RUB,https://smart-lab.ru/q/FESH/f/y/
FESH,2025,net_income,net_profit_mln,-2330.0,-2330.0,1.0,match,RUB,https://smart-lab.ru/q/FESH/f/y/
FESH,2024,ebitda,ebitda_mln,49067.0,54500.0,1.111,flag(needs_mapping),RUB,https://smart-lab.ru/q/FESH/f/y/
FESH,2025,ebitda,ebitda_mln,,30700.0,,skip_empty(needs_mapping),RUB,https://smart-lab.ru/q/FESH/f/y/
FESH,2024,assets,assets_mln,278453.0,278500.0,1.0,match,RUB,https://smart-lab.ru/q/FESH/f/y/
FESH,2025,assets,assets_mln,236300.0,236300.0,1.0,match,RUB,https://smart-lab.ru/q/FESH/f/y/
FESH,2024,net_assets,equity_mln,168580.0,167300.0,0.992,flag(needs_mapping),RUB,https://smart-lab.ru/q/FESH/f/y/
FESH,2025,net_assets,equity_mln,,153700.0,,skip_empty(needs_mapping),RUB,https://smart-lab.ru/q/FESH/f/y/
FESH,2024,debt,total_debt_mln,32500.0,32500.0,1.0,flag(needs_mapping),RUB,https://smart-lab.ru/q/FESH/f/y/
FESH,2025,debt,total_debt_mln,,26000.0,,skip_empty(needs_mapping),RUB,https://smart-lab.ru/q/FESH/f/y/
FESH,2024,net_debt,net_debt_mln,32220.0,12200.0,0.379,flag(needs_mapping),RUB,https://smart-lab.ru/q/FESH/f/y/
FESH,2025,net_debt,net_debt_mln,,10500.0,,skip_empty(needs_mapping),RUB,https://smart-lab.ru/q/FESH/f/y/
FESH,2024,ocf,CFO_,40200.0,40200.0,1.0,flag(needs_mapping),RUB,https://smart-lab.ru/q/FESH/f/y/
FESH,2025,ocf,CFO_,,25200.0,,skip_empty(needs_mapping),RUB,https://smart-lab.ru/q/FESH/f/y/
FESH,2024,capex,CAPEX_,21000.0,21000.0,1.0,flag(needs_mapping),RUB,https://smart-lab.ru/q/FESH/f/y/
FESH,2025,capex,CAPEX_,,7910.0,,skip_empty(needs_mapping),RUB,https://smart-lab.ru/q/FESH/f/y/
FESH,2024,fcf,FCF,19200.0,9740.0,0.507,flag(needs_mapping),RUB,https://smart-lab.ru/q/FESH/f/y/
FESH,2025,fcf,FCF,,6130.0,,skip_empty(needs_mapping),RUB,https://smart-lab.ru/q/FESH/f/y/
FIXR,2024,revenue,revenue_mln,314938.0,300300.0,0.954,match,RUB,https://smart-lab.ru/q/FIXR/f/y/
FIXR,2025,revenue,revenue_mln,313300.0,313300.0,1.0,match,RUB,https://smart-lab.ru/q/FIXR/f/y/
FIXR,2024,net_income,net_profit_mln,22200.0,21400.0,0.964,match,RUB,https://smart-lab.ru/q/FIXR/f/y/
FIXR,2025,net_income,net_profit_mln,11100.0,11100.0,1.0,match,RUB,https://smart-lab.ru/q/FIXR/f/y/
FIXR,2024,ebitda,ebitda_mln,53268.0,33300.0,0.625,flag(needs_mapping),RUB,https://smart-lab.ru/q/FIXR/f/y/
FIXR,2025,ebitda,ebitda_mln,,23300.0,,skip_empty(needs_mapping),RUB,https://smart-lab.ru/q/FIXR/f/y/
FIXR,2024,assets,assets_mln,136708.0,123600.0,0.904,FLAG_DIVERGENCE,RUB,https://smart-lab.ru/q/FIXR/f/y/
FIXR,2025,assets,assets_mln,,142600.0,,skip(col_diverged),RUB,https://smart-lab.ru/q/FIXR/f/y/
FIXR,2024,net_assets,equity_mln,48777.0,49700.0,1.019,flag(needs_mapping),RUB,https://smart-lab.ru/q/FIXR/f/y/
FIXR,2025,net_assets,equity_mln,,60900.0,,skip_empty(needs_mapping),RUB,https://smart-lab.ru/q/FIXR/f/y/
FIXR,2024,debt,total_debt_mln,,18300.0,,skip_empty(needs_mapping),RUB,https://smart-lab.ru/q/FIXR/f/y/
FIXR,2025,debt,total_debt_mln,,12600.0,,skip_empty(needs_mapping),RUB,https://smart-lab.ru/q/FIXR/f/y/
FIXR,2024,net_debt,net_debt_mln,14160.0,11800.0,0.833,flag(needs_mapping),RUB,https://smart-lab.ru/q/FIXR/f/y/
FIXR,2025,net_debt,net_debt_mln,,3070.0,,skip_empty(needs_mapping),RUB,https://smart-lab.ru/q/FIXR/f/y/
FIXR,2024,ocf,CFO_,29805.0,29500.0,0.99,flag(needs_mapping),RUB,https://smart-lab.ru/q/FIXR/f/y/
FIXR,2025,ocf,CFO_,,31700.0,,skip_empty(needs_mapping),RUB,https://smart-lab.ru/q/FIXR/f/y/
FIXR,2024,capex,CAPEX_,8763.0,8270.0,0.944,flag(needs_mapping),RUB,https://smart-lab.ru/q/FIXR/f/y/
FIXR,2025,capex,CAPEX_,,10100.0,,skip_empty(needs_mapping),RUB,https://smart-lab.ru/q/FIXR/f/y/
FIXR,2024,fcf,FCF,21042.0,10300.0,0.489,flag(needs_mapping),RUB,https://smart-lab.ru/q/FIXR/f/y/
FIXR,2025,fcf,FCF,,9400.0,,skip_empty(needs_mapping),RUB,https://smart-lab.ru/q/FIXR/f/y/
FLOT,2024,revenue,revenue_mln,172951.7,141500.0,0.818,FLAG_DIVERGENCE,RUB,https://smart-lab.ru/q/FLOT/f/y/
FLOT,2025,revenue,revenue_mln,,88500.0,,skip(col_diverged),RUB,https://smart-lab.ru/q/FLOT/f/y/
FLOT,2024,net_income,net_profit_mln,39261.5,46200.0,1.177,FLAG_DIVERGENCE,RUB,https://smart-lab.ru/q/FLOT/f/y/
FLOT,2025,net_income,net_profit_mln,,-52000.0,,skip(col_diverged),RUB,https://smart-lab.ru/q/FLOT/f/y/
FLOT,2024,ebitda,ebitda_mln,90814.9,102100.0,1.124,flag(needs_mapping),RUB,https://smart-lab.ru/q/FLOT/f/y/
FLOT,2025,ebitda,ebitda_mln,,43100.0,,skip_empty(needs_mapping),RUB,https://smart-lab.ru/q/FLOT/f/y/
FLOT,2024,assets,assets_mln,618321.9,679700.0,1.099,FLAG_DIVERGENCE,RUB,https://smart-lab.ru/q/FLOT/f/y/
FLOT,2025,assets,assets_mln,,542500.0,,skip(col_diverged),RUB,https://smart-lab.ru/q/FLOT/f/y/
FLOT,2024,net_assets,equity_mln,464870.3,500000.0,1.076,flag(needs_mapping),RUB,https://smart-lab.ru/q/FLOT/f/y/
FLOT,2025,net_assets,equity_mln,,354500.0,,skip_empty(needs_mapping),RUB,https://smart-lab.ru/q/FLOT/f/y/
FLOT,2024,debt,total_debt_mln,12533750.0,135500.0,0.011,flag(needs_mapping),RUB,https://smart-lab.ru/q/FLOT/f/y/
FLOT,2025,debt,total_debt_mln,,145300.0,,skip_empty(needs_mapping),RUB,https://smart-lab.ru/q/FLOT/f/y/
FLOT,2024,net_debt,net_debt_mln,-67255.8,1030.0,-0.015,flag(needs_mapping),RUB,https://smart-lab.ru/q/FLOT/f/y/
FLOT,2025,net_debt,net_debt_mln,,26300.0,,skip_empty(needs_mapping),RUB,https://smart-lab.ru/q/FLOT/f/y/
FLOT,2024,ocf,CFO_,99300.0,89600.0,0.902,flag(needs_mapping),RUB,https://smart-lab.ru/q/FLOT/f/y/
FLOT,2025,ocf,CFO_,,32500.0,,skip_empty(needs_mapping),RUB,https://smart-lab.ru/q/FLOT/f/y/
FLOT,2024,capex,CAPEX_,219.7,19500.0,88.762,flag(needs_mapping),RUB,https://smart-lab.ru/q/FLOT/f/y/
FLOT,2025,capex,CAPEX_,,38400.0,,skip_empty(needs_mapping),RUB,https://smart-lab.ru/q/FLOT/f/y/
FLOT,2024,fcf,FCF,79800.0,72700.0,0.911,flag(needs_mapping),RUB,https://smart-lab.ru/q/FLOT/f/y/
FLOT,2025,fcf,FCF,,-1060.0,,skip_empty(needs_mapping),RUB,https://smart-lab.ru/q/FLOT/f/y/
GAZP,2024,revenue,revenue_mln,10714686.0,10715000.0,1.0,match,RUB,https://smart-lab.ru/q/GAZP/f/y/
GAZP,2025,revenue,revenue_mln,9771000.0,9771000.0,1.0,match,RUB,https://smart-lab.ru/q/GAZP/f/y/
GAZP,2024,net_income,net_profit_mln,1318710.0,1461000.0,1.108,FLAG_DIVERGENCE,RUB,https://smart-lab.ru/q/GAZP/f/y/
GAZP,2025,net_income,net_profit_mln,,1074000.0,,skip(col_diverged),RUB,https://smart-lab.ru/q/GAZP/f/y/
GAZP,2024,ebitda,ebitda_mln,3076172.0,3108000.0,1.01,flag(needs_mapping),RUB,https://smart-lab.ru/q/GAZP/f/y/
GAZP,2025,ebitda,ebitda_mln,,2918000.0,,skip_empty(needs_mapping),RUB,https://smart-lab.ru/q/GAZP/f/y/
GAZP,2024,assets,assets_mln,30698255.0,30698000.0,1.0,match,RUB,https://smart-lab.ru/q/GAZP/f/y/
GAZP,2025,assets,assets_mln,31891000.0,31891000.0,1.0,match,RUB,https://smart-lab.ru/q/GAZP/f/y/
GAZP,2024,net_assets,equity_mln,17660962.0,16711000.0,0.946,flag(needs_mapping),RUB,https://smart-lab.ru/q/GAZP/f/y/
GAZP,2025,net_assets,equity_mln,,18092000.0,,skip_empty(needs_mapping),RUB,https://smart-lab.ru/q/GAZP/f/y/
GAZP,2024,debt,total_debt_mln,6657480.0,6715000.0,1.009,flag(needs_mapping),RUB,https://smart-lab.ru/q/GAZP/f/y/
GAZP,2025,debt,total_debt_mln,,6738000.0,,skip_empty(needs_mapping),RUB,https://smart-lab.ru/q/GAZP/f/y/
GAZP,2024,net_debt,net_debt_mln,5397387.0,5723000.0,1.06,flag(needs_mapping),RUB,https://smart-lab.ru/q/GAZP/f/y/
GAZP,2025,net_debt,net_debt_mln,,6105000.0,,skip_empty(needs_mapping),RUB,https://smart-lab.ru/q/GAZP/f/y/
GAZP,2024,ocf,CFO_,2496000.0,2496000.0,1.0,flag(needs_mapping),RUB,https://smart-lab.ru/q/GAZP/f/y/
GAZP,2025,ocf,CFO_,,2867000.0,,skip_empty(needs_mapping),RUB,https://smart-lab.ru/q/GAZP/f/y/
GAZP,2024,capex,CAPEX_,2872000.0,2872000.0,1.0,flag(needs_mapping),RUB,https://smart-lab.ru/q/GAZP/f/y/
GAZP,2025,capex,CAPEX_,,3277000.0,,skip_empty(needs_mapping),RUB,https://smart-lab.ru/q/GAZP/f/y/
GAZP,2024,fcf,FCF,-376000.0,-701000.0,1.864,flag(needs_mapping),RUB,https://smart-lab.ru/q/GAZP/f/y/
GAZP,2025,fcf,FCF,,-536000.0,,skip_empty(needs_mapping),RUB,https://smart-lab.ru/q/GAZP/f/y/
GCHE,2024,revenue,revenue_mln,259786.0,259300.0,0.998,match,RUB,https://smart-lab.ru/q/GCHE/f/y/
GCHE,2025,revenue,revenue_mln,288700.0,288700.0,1.0,match,RUB,https://smart-lab.ru/q/GCHE/f/y/
GCHE,2024,net_income,net_profit_mln,19933.0,20400.0,1.023,match,RUB,https://smart-lab.ru/q/GCHE/f/y/
GCHE,2025,net_income,net_profit_mln,19500.0,19500.0,1.0,match,RUB,https://smart-lab.ru/q/GCHE/f/y/
GCHE,2024,ebitda,ebitda_mln,46896.0,46400.0,0.989,flag(needs_mapping),RUB,https://smart-lab.ru/q/GCHE/f/y/
GCHE,2025,ebitda,ebitda_mln,56500.0,56500.0,1.0,flag(needs_mapping),RUB,https://smart-lab.ru/q/GCHE/f/y/
GCHE,2024,assets,assets_mln,327475.0,327500.0,1.0,match,RUB,https://smart-lab.ru/q/GCHE/f/y/
GCHE,2025,assets,assets_mln,360700.0,360700.0,1.0,match,RUB,https://smart-lab.ru/q/GCHE/f/y/
GCHE,2024,net_assets,equity_mln,125146.0,124900.0,0.998,flag(needs_mapping),RUB,https://smart-lab.ru/q/GCHE/f/y/
GCHE,2025,net_assets,equity_mln,140300.0,150500.0,1.073,flag(needs_mapping),RUB,https://smart-lab.ru/q/GCHE/f/y/
GCHE,2024,debt,total_debt_mln,143200.0,143200.0,1.0,flag(needs_mapping),RUB,https://smart-lab.ru/q/GCHE/f/y/
GCHE,2025,debt,total_debt_mln,156500.0,156500.0,1.0,flag(needs_mapping),RUB,https://smart-lab.ru/q/GCHE/f/y/
GCHE,2024,net_debt,net_debt_mln,140620.0,132800.0,0.944,flag(needs_mapping),RUB,https://smart-lab.ru/q/GCHE/f/y/
GCHE,2025,net_debt,net_debt_mln,133200.0,133200.0,1.0,flag(needs_mapping),RUB,https://smart-lab.ru/q/GCHE/f/y/
GCHE,2024,ocf,CFO_,31520.0,31500.0,0.999,flag(needs_mapping),RUB,https://smart-lab.ru/q/GCHE/f/y/
GCHE,2025,ocf,CFO_,31800.0,31800.0,1.0,flag(needs_mapping),RUB,https://smart-lab.ru/q/GCHE/f/y/
GCHE,2024,capex,CAPEX_,36884.0,36900.0,1.0,flag(needs_mapping),RUB,https://smart-lab.ru/q/GCHE/f/y/
GCHE,2025,capex,CAPEX_,24300.0,24300.0,1.0,flag(needs_mapping),RUB,https://smart-lab.ru/q/GCHE/f/y/
GCHE,2024,fcf,FCF,-5364.0,-7370.0,1.374,flag(needs_mapping),RUB,https://smart-lab.ru/q/GCHE/f/y/
GCHE,2025,fcf,FCF,4860.0,4860.0,1.0,flag(needs_mapping),RUB,https://smart-lab.ru/q/GCHE/f/y/
GEMC,2024,revenue,revenue_mln,253.7,25400.0,100.11,flag(unit_mismatch),RUB,https://smart-lab.ru/q/GEMC/f/y/
GEMC,2025,revenue,revenue_mln,,27300.0,,"skip(unit:cur=RUB,med=100.11)",RUB,https://smart-lab.ru/q/GEMC/f/y/
GEMC,2024,net_income,net_profit_mln,104.1,10400.0,99.901,flag(unit_mismatch),RUB,https://smart-lab.ru/q/GEMC/f/y/
GEMC,2025,net_income,net_profit_mln,,10700.0,,"skip(unit:cur=RUB,med=100.11)",RUB,https://smart-lab.ru/q/GEMC/f/y/
GEMC,2024,ebitda,ebitda_mln,113.6,11500.0,101.225,flag(unit_mismatch),RUB,https://smart-lab.ru/q/GEMC/f/y/
GEMC,2025,ebitda,ebitda_mln,,11200.0,,skip_empty(needs_mapping),RUB,https://smart-lab.ru/q/GEMC/f/y/
GEMC,2024,assets,assets_mln,365.4,38800.0,106.197,flag(unit_mismatch),RUB,https://smart-lab.ru/q/GEMC/f/y/
GEMC,2025,assets,assets_mln,,61600.0,,"skip(unit:cur=RUB,med=100.11)",RUB,https://smart-lab.ru/q/GEMC/f/y/
GEMC,2024,net_assets,equity_mln,263.4,28000.0,106.313,flag(unit_mismatch),RUB,https://smart-lab.ru/q/GEMC/f/y/
GEMC,2025,net_assets,equity_mln,,35800.0,,skip_empty(needs_mapping),RUB,https://smart-lab.ru/q/GEMC/f/y/
GEMC,2024,debt,total_debt_mln,5540.0,5540.0,1.0,flag(unit_mismatch),RUB,https://smart-lab.ru/q/GEMC/f/y/
GEMC,2025,debt,total_debt_mln,,12100.0,,skip_empty(needs_mapping),RUB,https://smart-lab.ru/q/GEMC/f/y/
GEMC,2024,net_debt,net_debt_mln,-43.3,-7400.0,170.873,flag(unit_mismatch),RUB,https://smart-lab.ru/q/GEMC/f/y/
GEMC,2025,net_debt,net_debt_mln,,-5750.0,,skip_empty(needs_mapping),RUB,https://smart-lab.ru/q/GEMC/f/y/
GEMC,2024,ocf,CFO_,120.6,12100.0,100.352,flag(unit_mismatch),RUB,https://smart-lab.ru/q/GEMC/f/y/
GEMC,2025,ocf,CFO_,,12900.0,,skip_empty(needs_mapping),RUB,https://smart-lab.ru/q/GEMC/f/y/
GEMC,2024,capex,CAPEX_,7.7,770.0,100.313,flag(unit_mismatch),RUB,https://smart-lab.ru/q/GEMC/f/y/
GEMC,2025,capex,CAPEX_,,1130.0,,skip_empty(needs_mapping),RUB,https://smart-lab.ru/q/GEMC/f/y/
GEMC,2024,fcf,FCF,112.9,11200.0,99.204,flag(unit_mismatch),RUB,https://smart-lab.ru/q/GEMC/f/y/
GEMC,2025,fcf,FCF,,11400.0,,skip_empty(needs_mapping),RUB,https://smart-lab.ru/q/GEMC/f/y/
GLRX,2024,revenue,revenue_mln,32616.3,32600.0,0.999,match,RUB,https://smart-lab.ru/q/GLRX/f/y/
GLRX,2025,revenue,revenue_mln,41300.0,41300.0,1.0,match,RUB,https://smart-lab.ru/q/GLRX/f/y/
GLRX,2024,net_income,net_profit_mln,1221.2,1250.0,1.024,match,RUB,https://smart-lab.ru/q/GLRX/f/y/
GLRX,2025,net_income,net_profit_mln,3070.0,3070.0,1.0,match,RUB,https://smart-lab.ru/q/GLRX/f/y/
GLRX,2024,ebitda,ebitda_mln,8894.4,10300.0,1.158,flag(needs_mapping),RUB,https://smart-lab.ru/q/GLRX/f/y/
GLRX,2025,ebitda,ebitda_mln,,14100.0,,skip_empty(needs_mapping),RUB,https://smart-lab.ru/q/GLRX/f/y/
GLRX,2024,assets,assets_mln,75214.9,75200.0,1.0,match,RUB,https://smart-lab.ru/q/GLRX/f/y/
GLRX,2025,assets,assets_mln,110000.0,110000.0,1.0,match,RUB,https://smart-lab.ru/q/GLRX/f/y/
GLRX,2024,net_assets,equity_mln,2277.3,2280.0,1.001,flag(needs_mapping),RUB,https://smart-lab.ru/q/GLRX/f/y/
GLRX,2025,net_assets,equity_mln,0.0,7160.0,,flag(needs_mapping),RUB,https://smart-lab.ru/q/GLRX/f/y/
GLRX,2024,debt,total_debt_mln,,52400.0,,skip_empty(needs_mapping),RUB,https://smart-lab.ru/q/GLRX/f/y/
GLRX,2025,debt,total_debt_mln,,89900.0,,skip_empty(needs_mapping),RUB,https://smart-lab.ru/q/GLRX/f/y/
GLRX,2024,net_debt,net_debt_mln,29269.2,33700.0,1.151,flag(needs_mapping),RUB,https://smart-lab.ru/q/GLRX/f/y/
GLRX,2025,net_debt,net_debt_mln,0.0,48900.0,,flag(needs_mapping),RUB,https://smart-lab.ru/q/GLRX/f/y/
GLRX,2024,ocf,CFO_,-784.7,-784.0,0.999,flag(needs_mapping),RUB,https://smart-lab.ru/q/GLRX/f/y/
GLRX,2025,ocf,CFO_,,-19000.0,,skip_empty(needs_mapping),RUB,https://smart-lab.ru/q/GLRX/f/y/
GLRX,2024,capex,CAPEX_,387.6,388.0,1.001,flag(needs_mapping),RUB,https://smart-lab.ru/q/GLRX/f/y/
GLRX,2025,capex,CAPEX_,,458.0,,skip_empty(needs_mapping),RUB,https://smart-lab.ru/q/GLRX/f/y/
GLRX,2024,fcf,FCF,-1172.3,-3260.0,2.781,flag(needs_mapping),RUB,https://smart-lab.ru/q/GLRX/f/y/
GLRX,2025,fcf,FCF,,-21000.0,,skip_empty(needs_mapping),RUB,https://smart-lab.ru/q/GLRX/f/y/
GMKN,2024,revenue,revenue_mln,1166169.0,1166000.0,1.0,match,RUB,https://smart-lab.ru/q/GMKN/f/y/
GMKN,2025,revenue,revenue_mln,1147000.0,1147000.0,1.0,match,RUB,https://smart-lab.ru/q/GMKN/f/y/
GMKN,2024,net_income,net_profit_mln,168977.0,122400.0,0.724,FLAG_DIVERGENCE,RUB,https://smart-lab.ru/q/GMKN/f/y/
GMKN,2025,net_income,net_profit_mln,164100.0,164100.0,1.0,match,RUB,https://smart-lab.ru/q/GMKN/f/y/
GMKN,2024,ebitda,ebitda_mln,416481.0,481800.0,1.157,flag(needs_mapping),RUB,https://smart-lab.ru/q/GMKN/f/y/
GMKN,2025,ebitda,ebitda_mln,475100.0,475100.0,1.0,flag(needs_mapping),RUB,https://smart-lab.ru/q/GMKN/f/y/
GMKN,2024,assets,assets_mln,2355804.0,2356000.0,1.0,match,RUB,https://smart-lab.ru/q/GMKN/f/y/
GMKN,2025,assets,assets_mln,2445000.0,2445000.0,1.0,match,RUB,https://smart-lab.ru/q/GMKN/f/y/
GMKN,2024,net_assets,equity_mln,823098.0,699300.0,0.85,flag(needs_mapping),RUB,https://smart-lab.ru/q/GMKN/f/y/
GMKN,2025,net_assets,equity_mln,2278000.0,885400.0,0.389,flag(needs_mapping),RUB,https://smart-lab.ru/q/GMKN/f/y/
GMKN,2024,debt,total_debt_mln,469806.7,1011000.0,2.152,flag(needs_mapping),RUB,https://smart-lab.ru/q/GMKN/f/y/
GMKN,2025,debt,total_debt_mln,836700.0,836700.0,1.0,flag(needs_mapping),RUB,https://smart-lab.ru/q/GMKN/f/y/
GMKN,2024,net_debt,net_debt_mln,873024.0,826100.0,0.946,flag(needs_mapping),RUB,https://smart-lab.ru/q/GMKN/f/y/
GMKN,2025,net_debt,net_debt_mln,672000.0,672000.0,1.0,flag(needs_mapping),RUB,https://smart-lab.ru/q/GMKN/f/y/
GMKN,2024,ocf,CFO_,414100.0,414100.0,1.0,flag(needs_mapping),RUB,https://smart-lab.ru/q/GMKN/f/y/
GMKN,2025,ocf,CFO_,497800.0,497800.0,1.0,flag(needs_mapping),RUB,https://smart-lab.ru/q/GMKN/f/y/
GMKN,2024,capex,CAPEX_,239800.0,239800.0,1.0,flag(needs_mapping),RUB,https://smart-lab.ru/q/GMKN/f/y/
GMKN,2025,capex,CAPEX_,227600.0,227600.0,1.0,flag(needs_mapping),RUB,https://smart-lab.ru/q/GMKN/f/y/
GMKN,2024,fcf,FCF,174300.0,23400.0,0.134,flag(needs_mapping),RUB,https://smart-lab.ru/q/GMKN/f/y/
GMKN,2025,fcf,FCF,138100.0,138100.0,1.0,flag(needs_mapping),RUB,https://smart-lab.ru/q/GMKN/f/y/
GTRK,2024,revenue,revenue_mln,10660.1,10700.0,1.004,match,RUB,https://smart-lab.ru/q/GTRK/f/y/
GTRK,2025,revenue,revenue_mln,4250.0,4250.0,1.0,match,RUB,https://smart-lab.ru/q/GTRK/f/y/
GTRK,2024,net_income,net_profit_mln,-1083.5,-1080.0,0.997,match,RUB,https://smart-lab.ru/q/GTRK/f/y/
GTRK,2025,net_income,net_profit_mln,-13800.0,-13800.0,1.0,match,RUB,https://smart-lab.ru/q/GTRK/f/y/
GTRK,2024,ebitda,ebitda_mln,247.7,247.0,0.997,flag(needs_mapping),RUB,https://smart-lab.ru/q/GTRK/f/y/
GTRK,2025,ebitda,ebitda_mln,,-12300.0,,skip_empty(needs_mapping),RUB,https://smart-lab.ru/q/GTRK/f/y/
GTRK,2024,assets,assets_mln,12720.5,12700.0,0.998,match,RUB,https://smart-lab.ru/q/GTRK/f/y/
GTRK,2025,assets,assets_mln,3590.0,3590.0,1.0,match,RUB,https://smart-lab.ru/q/GTRK/f/y/
GTRK,2024,net_assets,equity_mln,5822.4,5820.0,1.0,flag(needs_mapping),RUB,https://smart-lab.ru/q/GTRK/f/y/
GTRK,2025,net_assets,equity_mln,,-8020.0,,skip_empty(needs_mapping),RUB,https://smart-lab.ru/q/GTRK/f/y/
GTRK,2024,debt,total_debt_mln,,3830.0,,skip_empty(needs_mapping),RUB,https://smart-lab.ru/q/GTRK/f/y/
GTRK,2025,debt,total_debt_mln,,4200.0,,skip_empty(needs_mapping),RUB,https://smart-lab.ru/q/GTRK/f/y/
GTRK,2024,net_debt,net_debt_mln,4575.2,3810.0,0.833,flag(needs_mapping),RUB,https://smart-lab.ru/q/GTRK/f/y/
GTRK,2025,net_debt,net_debt_mln,,4200.0,,skip_empty(needs_mapping),RUB,https://smart-lab.ru/q/GTRK/f/y/
GTRK,2024,ocf,CFO_,-1081.6,-1080.0,0.998,flag(needs_mapping),RUB,https://smart-lab.ru/q/GTRK/f/y/
GTRK,2025,ocf,CFO_,,-2000.0,,skip_empty(needs_mapping),RUB,https://smart-lab.ru/q/GTRK/f/y/
GTRK,2024,capex,CAPEX_,1024.0,1020.0,0.996,flag(needs_mapping),RUB,https://smart-lab.ru/q/GTRK/f/y/
GTRK,2025,capex,CAPEX_,,48.0,,skip_empty(needs_mapping),RUB,https://smart-lab.ru/q/GTRK/f/y/
GTRK,2024,fcf,FCF,-2105.7,-1580.0,0.75,flag(needs_mapping),RUB,https://smart-lab.ru/q/GTRK/f/y/
GTRK,2025,fcf,FCF,,-2230.0,,skip_empty(needs_mapping),RUB,https://smart-lab.ru/q/GTRK/f/y/
HEAD,2024,revenue,revenue_mln,39618.9,39600.0,1.0,match,RUB,https://smart-lab.ru/q/HEAD/f/y/
HEAD,2025,revenue,revenue_mln,41200.0,41200.0,1.0,match,RUB,https://smart-lab.ru/q/HEAD/f/y/
HEAD,2024,net_income,net_profit_mln,23881.8,24400.0,1.022,match,RUB,https://smart-lab.ru/q/HEAD/f/y/
HEAD,2025,net_income,net_profit_mln,20800.0,20800.0,1.0,match,RUB,https://smart-lab.ru/q/HEAD/f/y/
HEAD,2024,ebitda,ebitda_mln,22966.4,23200.0,1.01,flag(needs_mapping),RUB,https://smart-lab.ru/q/HEAD/f/y/
HEAD,2025,ebitda,ebitda_mln,,22800.0,,skip_empty(needs_mapping),RUB,https://smart-lab.ru/q/HEAD/f/y/
HEAD,2024,assets,assets_mln,24493.8,24500.0,1.0,match,RUB,https://smart-lab.ru/q/HEAD/f/y/
HEAD,2025,assets,assets_mln,34900.0,34900.0,1.0,match,RUB,https://smart-lab.ru/q/HEAD/f/y/
HEAD,2024,net_assets,equity_mln,4667.1,-2120.0,-0.454,flag(needs_mapping),RUB,https://smart-lab.ru/q/HEAD/f/y/
HEAD,2025,net_assets,equity_mln,,3790.0,,skip_empty(needs_mapping),RUB,https://smart-lab.ru/q/HEAD/f/y/
HEAD,2024,debt,total_debt_mln,19826.6,1500.0,0.076,flag(needs_mapping),RUB,https://smart-lab.ru/q/HEAD/f/y/
HEAD,2025,debt,total_debt_mln,,5.0,,skip_empty(needs_mapping),RUB,https://smart-lab.ru/q/HEAD/f/y/
HEAD,2024,net_debt,net_debt_mln,-1436.2,-4040.0,2.813,flag(needs_mapping),RUB,https://smart-lab.ru/q/HEAD/f/y/
HEAD,2025,net_debt,net_debt_mln,,-14700.0,,skip_empty(needs_mapping),RUB,https://smart-lab.ru/q/HEAD/f/y/
HEAD,2024,ocf,CFO_,23678.1,23700.0,1.001,flag(needs_mapping),RUB,https://smart-lab.ru/q/HEAD/f/y/
HEAD,2025,ocf,CFO_,,22100.0,,skip_empty(needs_mapping),RUB,https://smart-lab.ru/q/HEAD/f/y/
HEAD,2024,capex,CAPEX_,592.0,592.0,1.0,flag(needs_mapping),RUB,https://smart-lab.ru/q/HEAD/f/y/
HEAD,2025,capex,CAPEX_,,1590.0,,skip_empty(needs_mapping),RUB,https://smart-lab.ru/q/HEAD/f/y/
HEAD,2024,fcf,FCF,23086.1,26000.0,1.126,flag(needs_mapping),RUB,https://smart-lab.ru/q/HEAD/f/y/
HEAD,2025,fcf,FCF,,22000.0,,skip_empty(needs_mapping),RUB,https://smart-lab.ru/q/HEAD/f/y/
HIMCP,2024,revenue,revenue_mln,16287.6,16300.0,1.001,match,RUB,https://smart-lab.ru/q/HIMC/f/y/ (←HIMC)
HIMCP,2025,revenue,revenue_mln,,16100.0,,FILL,RUB,https://smart-lab.ru/q/HIMC/f/y/ (←HIMC)
HIMCP,2024,net_income,net_profit_mln,1187.4,1140.0,0.96,match,RUB,https://smart-lab.ru/q/HIMC/f/y/ (←HIMC)
HIMCP,2025,net_income,net_profit_mln,,58.0,,FILL,RUB,https://smart-lab.ru/q/HIMC/f/y/ (←HIMC)
HIMCP,2024,ebitda,ebitda_mln,2756.8,2690.0,0.976,flag(needs_mapping),RUB,https://smart-lab.ru/q/HIMC/f/y/ (←HIMC)
HIMCP,2025,ebitda,ebitda_mln,,1930.0,,skip_empty(needs_mapping),RUB,https://smart-lab.ru/q/HIMC/f/y/ (←HIMC)
HIMCP,2024,assets,assets_mln,21208.8,21100.0,0.995,match,RUB,https://smart-lab.ru/q/HIMC/f/y/ (←HIMC)
HIMCP,2025,assets,assets_mln,,21800.0,,FILL,RUB,https://smart-lab.ru/q/HIMC/f/y/ (←HIMC)
HIMCP,2024,net_assets,equity_mln,12539.3,12500.0,0.997,flag(needs_mapping),RUB,https://smart-lab.ru/q/HIMC/f/y/ (←HIMC)
HIMCP,2025,net_assets,equity_mln,,12300.0,,skip_empty(needs_mapping),RUB,https://smart-lab.ru/q/HIMC/f/y/ (←HIMC)
HIMCP,2024,debt,total_debt_mln,,5090.0,,skip_empty(needs_mapping),RUB,https://smart-lab.ru/q/HIMC/f/y/ (←HIMC)
HIMCP,2025,debt,total_debt_mln,,6030.0,,skip_empty(needs_mapping),RUB,https://smart-lab.ru/q/HIMC/f/y/ (←HIMC)
HIMCP,2024,net_debt,net_debt_mln,5026.7,4340.0,0.863,flag(needs_mapping),RUB,https://smart-lab.ru/q/HIMC/f/y/ (←HIMC)
HIMCP,2025,net_debt,net_debt_mln,,5820.0,,skip_empty(needs_mapping),RUB,https://smart-lab.ru/q/HIMC/f/y/ (←HIMC)
HIMCP,2024,ocf,CFO_,1392.7,1390.0,0.998,flag(needs_mapping),RUB,https://smart-lab.ru/q/HIMC/f/y/ (←HIMC)
HIMCP,2025,ocf,CFO_,,1250.0,,skip_empty(needs_mapping),RUB,https://smart-lab.ru/q/HIMC/f/y/ (←HIMC)
HIMCP,2024,capex,CAPEX_,2981.0,2980.0,1.0,flag(needs_mapping),RUB,https://smart-lab.ru/q/HIMC/f/y/ (←HIMC)
HIMCP,2025,capex,CAPEX_,,2540.0,,skip_empty(needs_mapping),RUB,https://smart-lab.ru/q/HIMC/f/y/ (←HIMC)
HIMCP,2024,fcf,FCF,-1588.3,-1780.0,1.121,flag(needs_mapping),RUB,https://smart-lab.ru/q/HIMC/f/y/ (←HIMC)
HIMCP,2025,fcf,FCF,,-1500.0,,skip_empty(needs_mapping),RUB,https://smart-lab.ru/q/HIMC/f/y/ (←HIMC)
HNFG,2024,revenue,revenue_mln,20840.0,20800.0,0.998,match,RUB,https://smart-lab.ru/q/HNFG/f/y/
HNFG,2025,revenue,revenue_mln,23900.0,23900.0,1.0,match,RUB,https://smart-lab.ru/q/HNFG/f/y/
HNFG,2024,net_income,net_profit_mln,3049.7,3210.0,1.053,match,RUB,https://smart-lab.ru/q/HNFG/f/y/
HNFG,2025,net_income,net_profit_mln,2290.0,2290.0,1.0,match,RUB,https://smart-lab.ru/q/HNFG/f/y/
HNFG,2024,ebitda,ebitda_mln,7613.6,5370.0,0.705,flag(needs_mapping),RUB,https://smart-lab.ru/q/HNFG/f/y/
HNFG,2025,ebitda,ebitda_mln,,5470.0,,skip_empty(needs_mapping),RUB,https://smart-lab.ru/q/HNFG/f/y/
HNFG,2024,assets,assets_mln,22564.4,22600.0,1.002,match,RUB,https://smart-lab.ru/q/HNFG/f/y/
HNFG,2025,assets,assets_mln,26500.0,26500.0,1.0,match,RUB,https://smart-lab.ru/q/HNFG/f/y/
HNFG,2024,net_assets,equity_mln,8932.2,8930.0,1.0,flag(needs_mapping),RUB,https://smart-lab.ru/q/HNFG/f/y/
HNFG,2025,net_assets,equity_mln,21000.0,9950.0,0.474,flag(needs_mapping),RUB,https://smart-lab.ru/q/HNFG/f/y/
HNFG,2024,debt,total_debt_mln,2060.0,2060.0,1.0,flag(needs_mapping),RUB,https://smart-lab.ru/q/HNFG/f/y/
HNFG,2025,debt,total_debt_mln,,2710.0,,skip_empty(needs_mapping),RUB,https://smart-lab.ru/q/HNFG/f/y/
HNFG,2024,net_debt,net_debt_mln,8978.4,500.0,0.056,flag(needs_mapping),RUB,https://smart-lab.ru/q/HNFG/f/y/
HNFG,2025,net_debt,net_debt_mln,0.0,1950.0,,flag(needs_mapping),RUB,https://smart-lab.ru/q/HNFG/f/y/
HNFG,2024,ocf,CFO_,4300.0,4300.0,1.0,flag(needs_mapping),RUB,https://smart-lab.ru/q/HNFG/f/y/
HNFG,2025,ocf,CFO_,,4780.0,,skip_empty(needs_mapping),RUB,https://smart-lab.ru/q/HNFG/f/y/
HNFG,2024,capex,CAPEX_,1930.0,1930.0,1.0,flag(needs_mapping),RUB,https://smart-lab.ru/q/HNFG/f/y/
HNFG,2025,capex,CAPEX_,,3470.0,,skip_empty(needs_mapping),RUB,https://smart-lab.ru/q/HNFG/f/y/
HNFG,2024,fcf,FCF,2370.0,1090.0,0.46,flag(needs_mapping),RUB,https://smart-lab.ru/q/HNFG/f/y/
HNFG,2025,fcf,FCF,,-81.0,,skip_empty(needs_mapping),RUB,https://smart-lab.ru/q/HNFG/f/y/
HYDR,2024,revenue,revenue_mln,579817.0,579800.0,1.0,match,RUB,https://smart-lab.ru/q/HYDR/f/y/
HYDR,2025,revenue,revenue_mln,663800.0,663800.0,1.0,match,RUB,https://smart-lab.ru/q/HYDR/f/y/
HYDR,2024,net_income,net_profit_mln,-61162.0,67400.0,-1.102,FLAG_DIVERGENCE,RUB,https://smart-lab.ru/q/HYDR/f/y/
HYDR,2025,net_income,net_profit_mln,,114100.0,,skip(col_diverged),RUB,https://smart-lab.ru/q/HYDR/f/y/
HYDR,2024,ebitda,ebitda_mln,63328.0,150800.0,2.381,flag(needs_mapping),RUB,https://smart-lab.ru/q/HYDR/f/y/
HYDR,2025,ebitda,ebitda_mln,,219900.0,,skip_empty(needs_mapping),RUB,https://smart-lab.ru/q/HYDR/f/y/
HYDR,2024,assets,assets_mln,1365732.0,1366000.0,1.0,match,RUB,https://smart-lab.ru/q/HYDR/f/y/
HYDR,2025,assets,assets_mln,1756000.0,1756000.0,1.0,match,RUB,https://smart-lab.ru/q/HYDR/f/y/
HYDR,2024,net_assets,equity_mln,585304.0,578300.0,0.988,flag(needs_mapping),RUB,https://smart-lab.ru/q/HYDR/f/y/
HYDR,2025,net_assets,equity_mln,185500.0,693700.0,3.74,flag(needs_mapping),RUB,https://smart-lab.ru/q/HYDR/f/y/
HYDR,2024,debt,total_debt_mln,567500.0,567500.0,1.0,flag(needs_mapping),RUB,https://smart-lab.ru/q/HYDR/f/y/
HYDR,2025,debt,total_debt_mln,,774500.0,,skip_empty(needs_mapping),RUB,https://smart-lab.ru/q/HYDR/f/y/
HYDR,2024,net_debt,net_debt_mln,476229.0,476200.0,1.0,flag(needs_mapping),RUB,https://smart-lab.ru/q/HYDR/f/y/
HYDR,2025,net_debt,net_debt_mln,0.0,706300.0,,flag(needs_mapping),RUB,https://smart-lab.ru/q/HYDR/f/y/
HYDR,2024,ocf,CFO_,117195.0,117200.0,1.0,flag(needs_mapping),RUB,https://smart-lab.ru/q/HYDR/f/y/
HYDR,2025,ocf,CFO_,,157300.0,,skip_empty(needs_mapping),RUB,https://smart-lab.ru/q/HYDR/f/y/
HYDR,2024,capex,CAPEX_,199349.0,199300.0,1.0,flag(needs_mapping),RUB,https://smart-lab.ru/q/HYDR/f/y/
HYDR,2025,capex,CAPEX_,,270900.0,,skip_empty(needs_mapping),RUB,https://smart-lab.ru/q/HYDR/f/y/
HYDR,2024,fcf,FCF,-82154.0,-144000.0,1.753,flag(needs_mapping),RUB,https://smart-lab.ru/q/HYDR/f/y/
HYDR,2025,fcf,FCF,,-217200.0,,skip_empty(needs_mapping),RUB,https://smart-lab.ru/q/HYDR/f/y/
IGST,2024,revenue,revenue_mln,33365.6,33400.0,1.001,match,RUB,https://smart-lab.ru/q/IGST/f/y/
IGST,2025,revenue,revenue_mln,28800.0,28800.0,1.0,match,RUB,https://smart-lab.ru/q/IGST/f/y/
IGST,2024,net_income,net_profit_mln,3016.1,3020.0,1.001,match,RUB,https://smart-lab.ru/q/IGST/f/y/
IGST,2025,net_income,net_profit_mln,1190.0,1190.0,1.0,match,RUB,https://smart-lab.ru/q/IGST/f/y/
IGST,2024,ebitda,ebitda_mln,4544.3,4850.0,1.067,flag(needs_mapping),RUB,https://smart-lab.ru/q/IGST/f/y/
IGST,2025,ebitda,ebitda_mln,,2230.0,,skip_empty(needs_mapping),RUB,https://smart-lab.ru/q/IGST/f/y/
IGST,2024,assets,assets_mln,20591.7,20600.0,1.0,match,RUB,https://smart-lab.ru/q/IGST/f/y/
IGST,2025,assets,assets_mln,22900.0,22900.0,1.0,match,RUB,https://smart-lab.ru/q/IGST/f/y/
IGST,2024,net_assets,equity_mln,6834.2,6830.0,0.999,flag(needs_mapping),RUB,https://smart-lab.ru/q/IGST/f/y/
IGST,2025,net_assets,equity_mln,,8950.0,,skip_empty(needs_mapping),RUB,https://smart-lab.ru/q/IGST/f/y/
IGST,2024,debt,total_debt_mln,,6120.0,,skip_empty(needs_mapping),RUB,https://smart-lab.ru/q/IGST/f/y/
IGST,2025,debt,total_debt_mln,,8220.0,,skip_empty(needs_mapping),RUB,https://smart-lab.ru/q/IGST/f/y/
IGST,2024,net_debt,net_debt_mln,6053.0,6050.0,0.999,flag(needs_mapping),RUB,https://smart-lab.ru/q/IGST/f/y/
IGST,2025,net_debt,net_debt_mln,,8110.0,,skip_empty(needs_mapping),RUB,https://smart-lab.ru/q/IGST/f/y/
IGST,2024,ocf,CFO_,1260.9,1260.0,0.999,flag(needs_mapping),RUB,https://smart-lab.ru/q/IGST/f/y/
IGST,2025,ocf,CFO_,,-2590.0,,skip_empty(needs_mapping),RUB,https://smart-lab.ru/q/IGST/f/y/
IGST,2024,capex,CAPEX_,211.4,211.0,0.998,flag(needs_mapping),RUB,https://smart-lab.ru/q/IGST/f/y/
IGST,2025,capex,CAPEX_,,143.0,,skip_empty(needs_mapping),RUB,https://smart-lab.ru/q/IGST/f/y/
IGST,2024,fcf,FCF,1049.5,1040.0,0.991,flag(needs_mapping),RUB,https://smart-lab.ru/q/IGST/f/y/
IGST,2025,fcf,FCF,,-3260.0,,skip_empty(needs_mapping),RUB,https://smart-lab.ru/q/IGST/f/y/
IGSTP,2024,revenue,revenue_mln,33365.6,33400.0,1.001,match,RUB,https://smart-lab.ru/q/IGST/f/y/ (←IGST)
IGSTP,2025,revenue,revenue_mln,,28800.0,,FILL,RUB,https://smart-lab.ru/q/IGST/f/y/ (←IGST)
IGSTP,2024,net_income,net_profit_mln,3016.1,3020.0,1.001,match,RUB,https://smart-lab.ru/q/IGST/f/y/ (←IGST)
IGSTP,2025,net_income,net_profit_mln,,1190.0,,FILL,RUB,https://smart-lab.ru/q/IGST/f/y/ (←IGST)
IGSTP,2024,ebitda,ebitda_mln,4544.3,4850.0,1.067,flag(needs_mapping),RUB,https://smart-lab.ru/q/IGST/f/y/ (←IGST)
IGSTP,2025,ebitda,ebitda_mln,,2230.0,,skip_empty(needs_mapping),RUB,https://smart-lab.ru/q/IGST/f/y/ (←IGST)
IGSTP,2024,assets,assets_mln,20591.7,20600.0,1.0,match,RUB,https://smart-lab.ru/q/IGST/f/y/ (←IGST)
IGSTP,2025,assets,assets_mln,,22900.0,,FILL,RUB,https://smart-lab.ru/q/IGST/f/y/ (←IGST)
IGSTP,2024,net_assets,equity_mln,6834.2,6830.0,0.999,flag(needs_mapping),RUB,https://smart-lab.ru/q/IGST/f/y/ (←IGST)
IGSTP,2025,net_assets,equity_mln,,8950.0,,skip_empty(needs_mapping),RUB,https://smart-lab.ru/q/IGST/f/y/ (←IGST)
IGSTP,2024,debt,total_debt_mln,,6120.0,,skip_empty(needs_mapping),RUB,https://smart-lab.ru/q/IGST/f/y/ (←IGST)
IGSTP,2025,debt,total_debt_mln,,8220.0,,skip_empty(needs_mapping),RUB,https://smart-lab.ru/q/IGST/f/y/ (←IGST)
IGSTP,2024,net_debt,net_debt_mln,6053.0,6050.0,0.999,flag(needs_mapping),RUB,https://smart-lab.ru/q/IGST/f/y/ (←IGST)
IGSTP,2025,net_debt,net_debt_mln,,8110.0,,skip_empty(needs_mapping),RUB,https://smart-lab.ru/q/IGST/f/y/ (←IGST)
IGSTP,2024,ocf,CFO_,1260.9,1260.0,0.999,flag(needs_mapping),RUB,https://smart-lab.ru/q/IGST/f/y/ (←IGST)
IGSTP,2025,ocf,CFO_,,-2590.0,,skip_empty(needs_mapping),RUB,https://smart-lab.ru/q/IGST/f/y/ (←IGST)
IGSTP,2024,capex,CAPEX_,211.4,211.0,0.998,flag(needs_mapping),RUB,https://smart-lab.ru/q/IGST/f/y/ (←IGST)
IGSTP,2025,capex,CAPEX_,,143.0,,skip_empty(needs_mapping),RUB,https://smart-lab.ru/q/IGST/f/y/ (←IGST)
IGSTP,2024,fcf,FCF,1049.5,1040.0,0.991,flag(needs_mapping),RUB,https://smart-lab.ru/q/IGST/f/y/ (←IGST)
IGSTP,2025,fcf,FCF,,-3260.0,,skip_empty(needs_mapping),RUB,https://smart-lab.ru/q/IGST/f/y/ (←IGST)
IRAO,2024,revenue,revenue_mln,1558301.0,1548000.0,0.993,match,RUB,https://smart-lab.ru/q/IRAO/f/y/
IRAO,2025,revenue,revenue_mln,1761000.0,1761000.0,1.0,match,RUB,https://smart-lab.ru/q/IRAO/f/y/
IRAO,2024,net_income,net_profit_mln,147462.0,144200.0,0.978,match,RUB,https://smart-lab.ru/q/IRAO/f/y/
IRAO,2025,net_income,net_profit_mln,131000.0,131000.0,1.0,match,RUB,https://smart-lab.ru/q/IRAO/f/y/
IRAO,2024,ebitda,ebitda_mln,147848.0,173300.0,1.172,flag(needs_mapping),RUB,https://smart-lab.ru/q/IRAO/f/y/
IRAO,2025,ebitda,ebitda_mln,181500.0,181500.0,1.0,flag(needs_mapping),RUB,https://smart-lab.ru/q/IRAO/f/y/
IRAO,2024,assets,assets_mln,1460989.0,1461000.0,1.0,match,RUB,https://smart-lab.ru/q/IRAO/f/y/
IRAO,2025,assets,assets_mln,1577000.0,1577000.0,1.0,match,RUB,https://smart-lab.ru/q/IRAO/f/y/
IRAO,2024,net_assets,equity_mln,1039136.0,1024000.0,0.985,flag(needs_mapping),RUB,https://smart-lab.ru/q/IRAO/f/y/
IRAO,2025,net_assets,equity_mln,324900.0,1123000.0,3.456,flag(needs_mapping),RUB,https://smart-lab.ru/q/IRAO/f/y/
IRAO,2024,debt,total_debt_mln,11100.0,11100.0,1.0,flag(needs_mapping),RUB,https://smart-lab.ru/q/IRAO/f/y/
IRAO,2025,debt,total_debt_mln,5560.0,5560.0,1.0,flag(needs_mapping),RUB,https://smart-lab.ru/q/IRAO/f/y/
IRAO,2024,net_debt,net_debt_mln,-213805.0,-512200.0,2.396,flag(needs_mapping),RUB,https://smart-lab.ru/q/IRAO/f/y/
IRAO,2025,net_debt,net_debt_mln,-450100.0,-450100.0,1.0,flag(needs_mapping),RUB,https://smart-lab.ru/q/IRAO/f/y/
IRAO,2024,ocf,CFO_,115500.0,115500.0,1.0,flag(needs_mapping),RUB,https://smart-lab.ru/q/IRAO/f/y/
IRAO,2025,ocf,CFO_,99400.0,99400.0,1.0,flag(needs_mapping),RUB,https://smart-lab.ru/q/IRAO/f/y/
IRAO,2024,capex,CAPEX_,115000.0,115000.0,1.0,flag(needs_mapping),RUB,https://smart-lab.ru/q/IRAO/f/y/
IRAO,2025,capex,CAPEX_,189900.0,189900.0,1.0,flag(needs_mapping),RUB,https://smart-lab.ru/q/IRAO/f/y/
IRAO,2024,fcf,FCF,500.0,51200.0,102.4,flag(needs_mapping),RUB,https://smart-lab.ru/q/IRAO/f/y/
IRAO,2025,fcf,FCF,-36200.0,-36200.0,1.0,flag(needs_mapping),RUB,https://smart-lab.ru/q/IRAO/f/y/
IRKT,2024,net_income,net_profit_mln,11400.0,11400.0,1.0,match,RUB,https://smart-lab.ru/q/IRKT/f/y/
IRKT,2025,net_income,net_profit_mln,6350.0,11300.0,1.78,FLAG_DIVERGENCE,RUB,https://smart-lab.ru/q/IRKT/f/y/
IRKT,2024,assets,assets_mln,632976.0,633000.0,1.0,match,RUB,https://smart-lab.ru/q/IRKT/f/y/
IRKT,2025,assets,assets_mln,802000.0,626000.0,0.781,FLAG_DIVERGENCE,RUB,https://smart-lab.ru/q/IRKT/f/y/
IRKT,2024,net_assets,equity_mln,98246.0,97800.0,0.995,flag(needs_mapping),RUB,https://smart-lab.ru/q/IRKT/f/y/
IRKT,2025,net_assets,equity_mln,312400.0,122300.0,0.391,flag(needs_mapping),RUB,https://smart-lab.ru/q/IRKT/f/y/
IRKT,2024,net_debt,net_debt_mln,80333.3,0.0,,flag(needs_mapping),RUB,https://smart-lab.ru/q/IRKT/f/y/
IRKT,2025,net_debt,net_debt_mln,0.0,0.0,,flag(needs_mapping),RUB,https://smart-lab.ru/q/IRKT/f/y/
IVAT,2024,revenue,revenue_mln,3326.8,3330.0,1.001,match,RUB,https://smart-lab.ru/q/IVAT/f/y/
IVAT,2025,revenue,revenue_mln,3200.0,3200.0,1.0,match,RUB,https://smart-lab.ru/q/IVAT/f/y/
IVAT,2024,net_income,net_profit_mln,1897.9,1900.0,1.001,match,RUB,https://smart-lab.ru/q/IVAT/f/y/
IVAT,2025,net_income,net_profit_mln,1420.0,1420.0,1.0,match,RUB,https://smart-lab.ru/q/IVAT/f/y/
IVAT,2024,ebitda,ebitda_mln,2217.6,2330.0,1.051,flag(needs_mapping),RUB,https://smart-lab.ru/q/IVAT/f/y/
IVAT,2025,ebitda,ebitda_mln,,2200.0,,skip_empty(needs_mapping),RUB,https://smart-lab.ru/q/IVAT/f/y/
IVAT,2024,assets,assets_mln,6994.9,6990.0,0.999,match,RUB,https://smart-lab.ru/q/IVAT/f/y/
IVAT,2025,assets,assets_mln,8590.0,8590.0,1.0,match,RUB,https://smart-lab.ru/q/IVAT/f/y/
IVAT,2024,net_assets,equity_mln,5100.6,5100.0,1.0,flag(needs_mapping),RUB,https://smart-lab.ru/q/IVAT/f/y/
IVAT,2025,net_assets,equity_mln,,6520.0,,skip_empty(needs_mapping),RUB,https://smart-lab.ru/q/IVAT/f/y/
IVAT,2024,debt,total_debt_mln,510.0,510.0,1.0,flag(needs_mapping),RUB,https://smart-lab.ru/q/IVAT/f/y/
IVAT,2025,debt,total_debt_mln,,508.0,,skip_empty(needs_mapping),RUB,https://smart-lab.ru/q/IVAT/f/y/
IVAT,2024,net_debt,net_debt_mln,469.7,270.0,0.575,flag(needs_mapping),RUB,https://smart-lab.ru/q/IVAT/f/y/
IVAT,2025,net_debt,net_debt_mln,,500.0,,skip_empty(needs_mapping),RUB,https://smart-lab.ru/q/IVAT/f/y/
IVAT,2024,ocf,CFO_,1712.8,1710.0,0.998,flag(needs_mapping),RUB,https://smart-lab.ru/q/IVAT/f/y/
IVAT,2025,ocf,CFO_,,1670.0,,skip_empty(needs_mapping),RUB,https://smart-lab.ru/q/IVAT/f/y/
IVAT,2024,capex,CAPEX_,1506.9,1500.0,0.995,flag(needs_mapping),RUB,https://smart-lab.ru/q/IVAT/f/y/
IVAT,2025,capex,CAPEX_,,1820.0,,skip_empty(needs_mapping),RUB,https://smart-lab.ru/q/IVAT/f/y/
IVAT,2024,fcf,FCF,205.9,185.0,0.898,flag(needs_mapping),RUB,https://smart-lab.ru/q/IVAT/f/y/
IVAT,2025,fcf,FCF,,-231.0,,skip_empty(needs_mapping),RUB,https://smart-lab.ru/q/IVAT/f/y/
JNOS,2024,revenue,revenue_mln,46816.0,46800.0,1.0,match,RUB,https://smart-lab.ru/q/JNOS/f/y/
JNOS,2024,net_income,net_profit_mln,6259.0,6260.0,1.0,match,RUB,https://smart-lab.ru/q/JNOS/f/y/
JNOS,2024,ebitda,ebitda_mln,20225.0,26500.0,1.31,flag(needs_mapping),RUB,https://smart-lab.ru/q/JNOS/f/y/
JNOS,2024,assets,assets_mln,186851.0,186900.0,1.0,match,RUB,https://smart-lab.ru/q/JNOS/f/y/
JNOS,2024,net_assets,equity_mln,99702.0,99700.0,1.0,flag(needs_mapping),RUB,https://smart-lab.ru/q/JNOS/f/y/
JNOS,2024,net_debt,net_debt_mln,,0.0,,skip_empty(needs_mapping),RUB,https://smart-lab.ru/q/JNOS/f/y/
JNOS,2025,net_debt,net_debt_mln,,0.0,,skip_empty(needs_mapping),RUB,https://smart-lab.ru/q/JNOS/f/y/
JNOS,2024,ocf,CFO_,34500.0,34500.0,1.0,flag(needs_mapping),RUB,https://smart-lab.ru/q/JNOS/f/y/
JNOS,2024,capex,CAPEX_,20100.0,20100.0,1.0,flag(needs_mapping),RUB,https://smart-lab.ru/q/JNOS/f/y/
JNOS,2024,fcf,FCF,14400.0,3880.0,0.269,flag(needs_mapping),RUB,https://smart-lab.ru/q/JNOS/f/y/
JNOSP,2024,revenue,revenue_mln,46816.0,46800.0,1.0,match,RUB,https://smart-lab.ru/q/JNOS/f/y/ (←JNOS)
JNOSP,2024,net_income,net_profit_mln,6259.0,6260.0,1.0,match,RUB,https://smart-lab.ru/q/JNOS/f/y/ (←JNOS)
JNOSP,2024,ebitda,ebitda_mln,20225.0,26500.0,1.31,flag(needs_mapping),RUB,https://smart-lab.ru/q/JNOS/f/y/ (←JNOS)
JNOSP,2024,assets,assets_mln,186851.0,186900.0,1.0,match,RUB,https://smart-lab.ru/q/JNOS/f/y/ (←JNOS)
JNOSP,2024,net_assets,equity_mln,99702.0,99700.0,1.0,flag(needs_mapping),RUB,https://smart-lab.ru/q/JNOS/f/y/ (←JNOS)
JNOSP,2024,net_debt,net_debt_mln,,0.0,,skip_empty(needs_mapping),RUB,https://smart-lab.ru/q/JNOS/f/y/ (←JNOS)
JNOSP,2025,net_debt,net_debt_mln,,0.0,,skip_empty(needs_mapping),RUB,https://smart-lab.ru/q/JNOS/f/y/ (←JNOS)
JNOSP,2024,ocf,CFO_,34500.0,34500.0,1.0,flag(needs_mapping),RUB,https://smart-lab.ru/q/JNOS/f/y/ (←JNOS)
JNOSP,2024,capex,CAPEX_,20082.0,20100.0,1.001,flag(needs_mapping),RUB,https://smart-lab.ru/q/JNOS/f/y/ (←JNOS)
JNOSP,2024,fcf,FCF,14418.0,3880.0,0.269,flag(needs_mapping),RUB,https://smart-lab.ru/q/JNOS/f/y/ (←JNOS)
KAZT,2024,revenue,revenue_mln,81004.0,81000.0,1.0,match,RUB,https://smart-lab.ru/q/KAZT/f/y/
KAZT,2025,revenue,revenue_mln,84300.0,84300.0,1.0,match,RUB,https://smart-lab.ru/q/KAZT/f/y/
KAZT,2024,net_income,net_profit_mln,12446.0,12500.0,1.004,match,RUB,https://smart-lab.ru/q/KAZT/f/y/
KAZT,2025,net_income,net_profit_mln,5720.0,5720.0,1.0,match,RUB,https://smart-lab.ru/q/KAZT/f/y/
KAZT,2024,ebitda,ebitda_mln,18474.0,16800.0,0.909,flag(needs_mapping),RUB,https://smart-lab.ru/q/KAZT/f/y/
KAZT,2025,ebitda,ebitda_mln,,16400.0,,skip_empty(needs_mapping),RUB,https://smart-lab.ru/q/KAZT/f/y/
KAZT,2024,assets,assets_mln,160758.0,160800.0,1.0,match,RUB,https://smart-lab.ru/q/KAZT/f/y/
KAZT,2025,assets,assets_mln,143500.0,143500.0,1.0,match,RUB,https://smart-lab.ru/q/KAZT/f/y/
KAZT,2024,net_assets,equity_mln,94455.0,94000.0,0.995,flag(needs_mapping),RUB,https://smart-lab.ru/q/KAZT/f/y/
KAZT,2025,net_assets,equity_mln,,98000.0,,skip_empty(needs_mapping),RUB,https://smart-lab.ru/q/KAZT/f/y/
KAZT,2024,debt,total_debt_mln,41300.0,41300.0,1.0,flag(needs_mapping),RUB,https://smart-lab.ru/q/KAZT/f/y/
KAZT,2025,debt,total_debt_mln,,21900.0,,skip_empty(needs_mapping),RUB,https://smart-lab.ru/q/KAZT/f/y/
KAZT,2024,net_debt,net_debt_mln,21210.0,19500.0,0.919,flag(needs_mapping),RUB,https://smart-lab.ru/q/KAZT/f/y/
KAZT,2025,net_debt,net_debt_mln,,8940.0,,skip_empty(needs_mapping),RUB,https://smart-lab.ru/q/KAZT/f/y/
KAZT,2024,ocf,CFO_,9350.0,9350.0,1.0,flag(needs_mapping),RUB,https://smart-lab.ru/q/KAZT/f/y/
KAZT,2025,ocf,CFO_,,19700.0,,skip_empty(needs_mapping),RUB,https://smart-lab.ru/q/KAZT/f/y/
KAZT,2024,capex,CAPEX_,9500.0,9500.0,1.0,flag(needs_mapping),RUB,https://smart-lab.ru/q/KAZT/f/y/
KAZT,2025,capex,CAPEX_,,7250.0,,skip_empty(needs_mapping),RUB,https://smart-lab.ru/q/KAZT/f/y/
KAZT,2024,fcf,FCF,-150.0,-100.0,0.667,flag(needs_mapping),RUB,https://smart-lab.ru/q/KAZT/f/y/
KAZT,2025,fcf,FCF,,12600.0,,skip_empty(needs_mapping),RUB,https://smart-lab.ru/q/KAZT/f/y/
KAZTP,2024,revenue,revenue_mln,81004.0,81000.0,1.0,match,RUB,https://smart-lab.ru/q/KAZT/f/y/ (←KAZT)
KAZTP,2025,revenue,revenue_mln,,84300.0,,FILL,RUB,https://smart-lab.ru/q/KAZT/f/y/ (←KAZT)
KAZTP,2024,net_income,net_profit_mln,12446.0,12500.0,1.004,match,RUB,https://smart-lab.ru/q/KAZT/f/y/ (←KAZT)
KAZTP,2025,net_income,net_profit_mln,,5720.0,,FILL,RUB,https://smart-lab.ru/q/KAZT/f/y/ (←KAZT)
KAZTP,2024,ebitda,ebitda_mln,18474.0,16800.0,0.909,flag(needs_mapping),RUB,https://smart-lab.ru/q/KAZT/f/y/ (←KAZT)
KAZTP,2025,ebitda,ebitda_mln,,16400.0,,skip_empty(needs_mapping),RUB,https://smart-lab.ru/q/KAZT/f/y/ (←KAZT)
KAZTP,2024,assets,assets_mln,160758.0,160800.0,1.0,match,RUB,https://smart-lab.ru/q/KAZT/f/y/ (←KAZT)
KAZTP,2025,assets,assets_mln,,143500.0,,FILL,RUB,https://smart-lab.ru/q/KAZT/f/y/ (←KAZT)
KAZTP,2024,net_assets,equity_mln,94455.0,94000.0,0.995,flag(needs_mapping),RUB,https://smart-lab.ru/q/KAZT/f/y/ (←KAZT)
KAZTP,2025,net_assets,equity_mln,,98000.0,,skip_empty(needs_mapping),RUB,https://smart-lab.ru/q/KAZT/f/y/ (←KAZT)
KAZTP,2024,debt,total_debt_mln,,41300.0,,skip_empty(needs_mapping),RUB,https://smart-lab.ru/q/KAZT/f/y/ (←KAZT)
KAZTP,2025,debt,total_debt_mln,,21900.0,,skip_empty(needs_mapping),RUB,https://smart-lab.ru/q/KAZT/f/y/ (←KAZT)
KAZTP,2024,net_debt,net_debt_mln,21210.0,19500.0,0.919,flag(needs_mapping),RUB,https://smart-lab.ru/q/KAZT/f/y/ (←KAZT)
KAZTP,2025,net_debt,net_debt_mln,,8940.0,,skip_empty(needs_mapping),RUB,https://smart-lab.ru/q/KAZT/f/y/ (←KAZT)
KAZTP,2024,ocf,CFO_,9350.0,9350.0,1.0,flag(needs_mapping),RUB,https://smart-lab.ru/q/KAZT/f/y/ (←KAZT)
KAZTP,2025,ocf,CFO_,,19700.0,,skip_empty(needs_mapping),RUB,https://smart-lab.ru/q/KAZT/f/y/ (←KAZT)
KAZTP,2024,capex,CAPEX_,9500.0,9500.0,1.0,flag(needs_mapping),RUB,https://smart-lab.ru/q/KAZT/f/y/ (←KAZT)
KAZTP,2025,capex,CAPEX_,,7250.0,,skip_empty(needs_mapping),RUB,https://smart-lab.ru/q/KAZT/f/y/ (←KAZT)
KAZTP,2024,fcf,FCF,-150.0,-100.0,0.667,flag(needs_mapping),RUB,https://smart-lab.ru/q/KAZT/f/y/ (←KAZT)
KAZTP,2025,fcf,FCF,,12600.0,,skip_empty(needs_mapping),RUB,https://smart-lab.ru/q/KAZT/f/y/ (←KAZT)
KBSB,2024,revenue,revenue_mln,75008.1,75000.0,1.0,match,RUB,https://smart-lab.ru/q/KBSB/f/y/
KBSB,2025,revenue,revenue_mln,84800.0,84800.0,1.0,match,RUB,https://smart-lab.ru/q/KBSB/f/y/
KBSB,2024,net_income,net_profit_mln,2524.5,2530.0,1.002,match,RUB,https://smart-lab.ru/q/KBSB/f/y/
KBSB,2025,net_income,net_profit_mln,5370.0,5370.0,1.0,match,RUB,https://smart-lab.ru/q/KBSB/f/y/
KBSB,2024,ebitda,ebitda_mln,1880.3,1670.0,0.888,flag(needs_mapping),RUB,https://smart-lab.ru/q/KBSB/f/y/
KBSB,2025,ebitda,ebitda_mln,,5610.0,,skip_empty(needs_mapping),RUB,https://smart-lab.ru/q/KBSB/f/y/
KBSB,2024,assets,assets_mln,18335.6,18300.0,0.998,match,RUB,https://smart-lab.ru/q/KBSB/f/y/
KBSB,2025,assets,assets_mln,26100.0,26100.0,1.0,match,RUB,https://smart-lab.ru/q/KBSB/f/y/
KBSB,2024,net_assets,equity_mln,7648.0,7650.0,1.0,flag(needs_mapping),RUB,https://smart-lab.ru/q/KBSB/f/y/
KBSB,2025,net_assets,equity_mln,,13100.0,,skip_empty(needs_mapping),RUB,https://smart-lab.ru/q/KBSB/f/y/
KBSB,2024,debt,total_debt_mln,,0.0,,skip_empty(needs_mapping),RUB,https://smart-lab.ru/q/KBSB/f/y/
KBSB,2025,debt,total_debt_mln,,0.0,,skip_empty(needs_mapping),RUB,https://smart-lab.ru/q/KBSB/f/y/
KBSB,2024,net_debt,net_debt_mln,-4332.2,-4330.0,0.999,flag(needs_mapping),RUB,https://smart-lab.ru/q/KBSB/f/y/
KBSB,2025,net_debt,net_debt_mln,,-9430.0,,skip_empty(needs_mapping),RUB,https://smart-lab.ru/q/KBSB/f/y/
KBSB,2024,ocf,CFO_,3157.0,3160.0,1.001,flag(needs_mapping),RUB,https://smart-lab.ru/q/KBSB/f/y/
KBSB,2025,ocf,CFO_,,3730.0,,skip_empty(needs_mapping),RUB,https://smart-lab.ru/q/KBSB/f/y/
KBSB,2024,capex,CAPEX_,352.4,352.0,0.999,flag(needs_mapping),RUB,https://smart-lab.ru/q/KBSB/f/y/
KBSB,2025,capex,CAPEX_,,494.0,,skip_empty(needs_mapping),RUB,https://smart-lab.ru/q/KBSB/f/y/
KBSB,2024,fcf,FCF,2804.7,2460.0,0.877,flag(needs_mapping),RUB,https://smart-lab.ru/q/KBSB/f/y/
KBSB,2025,fcf,FCF,,5990.0,,skip_empty(needs_mapping),RUB,https://smart-lab.ru/q/KBSB/f/y/
KCHE,2024,revenue,revenue_mln,21915.0,21900.0,0.999,match,RUB,https://smart-lab.ru/q/KCHE/f/y/
KCHE,2025,revenue,revenue_mln,22300.0,22300.0,1.0,match,RUB,https://smart-lab.ru/q/KCHE/f/y/
KCHE,2024,net_income,net_profit_mln,-819.0,-819.0,1.0,match,RUB,https://smart-lab.ru/q/KCHE/f/y/
KCHE,2025,net_income,net_profit_mln,-30.0,-30.0,1.0,match,RUB,https://smart-lab.ru/q/KCHE/f/y/
KCHE,2024,ebitda,ebitda_mln,2005.0,2010.0,1.002,flag(needs_mapping),RUB,https://smart-lab.ru/q/KCHE/f/y/
KCHE,2025,ebitda,ebitda_mln,,4610.0,,skip_empty(needs_mapping),RUB,https://smart-lab.ru/q/KCHE/f/y/
KCHE,2024,assets,assets_mln,46868.0,45900.0,0.979,match,RUB,https://smart-lab.ru/q/KCHE/f/y/
KCHE,2025,assets,assets_mln,49500.0,49500.0,1.0,match,RUB,https://smart-lab.ru/q/KCHE/f/y/
KCHE,2024,net_assets,equity_mln,14516.0,14500.0,0.999,flag(needs_mapping),RUB,https://smart-lab.ru/q/KCHE/f/y/
KCHE,2025,net_assets,equity_mln,,14600.0,,skip_empty(needs_mapping),RUB,https://smart-lab.ru/q/KCHE/f/y/
KCHE,2024,debt,total_debt_mln,17900.0,17900.0,1.0,flag(needs_mapping),RUB,https://smart-lab.ru/q/KCHE/f/y/
KCHE,2025,debt,total_debt_mln,,20500.0,,skip_empty(needs_mapping),RUB,https://smart-lab.ru/q/KCHE/f/y/
KCHE,2024,net_debt,net_debt_mln,15411.0,15400.0,0.999,flag(needs_mapping),RUB,https://smart-lab.ru/q/KCHE/f/y/
KCHE,2025,net_debt,net_debt_mln,,18800.0,,skip_empty(needs_mapping),RUB,https://smart-lab.ru/q/KCHE/f/y/
KCHE,2024,ocf,CFO_,5831.0,5830.0,1.0,flag(needs_mapping),RUB,https://smart-lab.ru/q/KCHE/f/y/
KCHE,2025,ocf,CFO_,,7320.0,,skip_empty(needs_mapping),RUB,https://smart-lab.ru/q/KCHE/f/y/
KCHE,2024,capex,CAPEX_,5308.0,5310.0,1.0,flag(needs_mapping),RUB,https://smart-lab.ru/q/KCHE/f/y/
KCHE,2025,capex,CAPEX_,,5020.0,,skip_empty(needs_mapping),RUB,https://smart-lab.ru/q/KCHE/f/y/
KCHE,2024,fcf,FCF,523.0,-1210.0,-2.314,flag(needs_mapping),RUB,https://smart-lab.ru/q/KCHE/f/y/
KCHE,2025,fcf,FCF,,-447.0,,skip_empty(needs_mapping),RUB,https://smart-lab.ru/q/KCHE/f/y/
KCHEP,2024,revenue,revenue_mln,21915.0,21900.0,0.999,match,RUB,https://smart-lab.ru/q/KCHE/f/y/ (←KCHE)
KCHEP,2025,revenue,revenue_mln,,22300.0,,FILL,RUB,https://smart-lab.ru/q/KCHE/f/y/ (←KCHE)
KCHEP,2024,net_income,net_profit_mln,-819.0,-819.0,1.0,match,RUB,https://smart-lab.ru/q/KCHE/f/y/ (←KCHE)
KCHEP,2025,net_income,net_profit_mln,,-30.0,,FILL,RUB,https://smart-lab.ru/q/KCHE/f/y/ (←KCHE)
KCHEP,2024,ebitda,ebitda_mln,2005.0,2010.0,1.002,flag(needs_mapping),RUB,https://smart-lab.ru/q/KCHE/f/y/ (←KCHE)
KCHEP,2025,ebitda,ebitda_mln,,4610.0,,skip_empty(needs_mapping),RUB,https://smart-lab.ru/q/KCHE/f/y/ (←KCHE)
KCHEP,2024,assets,assets_mln,46868.0,45900.0,0.979,match,RUB,https://smart-lab.ru/q/KCHE/f/y/ (←KCHE)
KCHEP,2025,assets,assets_mln,,49500.0,,FILL,RUB,https://smart-lab.ru/q/KCHE/f/y/ (←KCHE)
KCHEP,2024,net_assets,equity_mln,14516.0,14500.0,0.999,flag(needs_mapping),RUB,https://smart-lab.ru/q/KCHE/f/y/ (←KCHE)
KCHEP,2025,net_assets,equity_mln,,14600.0,,skip_empty(needs_mapping),RUB,https://smart-lab.ru/q/KCHE/f/y/ (←KCHE)
KCHEP,2024,debt,total_debt_mln,,17900.0,,skip_empty(needs_mapping),RUB,https://smart-lab.ru/q/KCHE/f/y/ (←KCHE)
KCHEP,2025,debt,total_debt_mln,,20500.0,,skip_empty(needs_mapping),RUB,https://smart-lab.ru/q/KCHE/f/y/ (←KCHE)
KCHEP,2024,net_debt,net_debt_mln,15411.0,15400.0,0.999,flag(needs_mapping),RUB,https://smart-lab.ru/q/KCHE/f/y/ (←KCHE)
KCHEP,2025,net_debt,net_debt_mln,,18800.0,,skip_empty(needs_mapping),RUB,https://smart-lab.ru/q/KCHE/f/y/ (←KCHE)
KCHEP,2024,ocf,CFO_,5831.0,5830.0,1.0,flag(needs_mapping),RUB,https://smart-lab.ru/q/KCHE/f/y/ (←KCHE)
KCHEP,2025,ocf,CFO_,,7320.0,,skip_empty(needs_mapping),RUB,https://smart-lab.ru/q/KCHE/f/y/ (←KCHE)
KCHEP,2024,capex,CAPEX_,5308.0,5310.0,1.0,flag(needs_mapping),RUB,https://smart-lab.ru/q/KCHE/f/y/ (←KCHE)
KCHEP,2025,capex,CAPEX_,,5020.0,,skip_empty(needs_mapping),RUB,https://smart-lab.ru/q/KCHE/f/y/ (←KCHE)
KCHEP,2024,fcf,FCF,523.0,-1210.0,-2.314,flag(needs_mapping),RUB,https://smart-lab.ru/q/KCHE/f/y/ (←KCHE)
KCHEP,2025,fcf,FCF,,-447.0,,skip_empty(needs_mapping),RUB,https://smart-lab.ru/q/KCHE/f/y/ (←KCHE)
KGKC,2024,revenue,revenue_mln,10567.8,10600.0,1.003,match,RUB,https://smart-lab.ru/q/KGKC/f/y/
KGKC,2025,revenue,revenue_mln,11100.0,11100.0,1.0,match,RUB,https://smart-lab.ru/q/KGKC/f/y/
KGKC,2024,net_income,net_profit_mln,153.6,125.0,0.814,FLAG_DIVERGENCE,RUB,https://smart-lab.ru/q/KGKC/f/y/
KGKC,2025,net_income,net_profit_mln,,-277.0,,skip(col_diverged),RUB,https://smart-lab.ru/q/KGKC/f/y/
KGKC,2024,ebitda,ebitda_mln,1351.2,1500.0,1.11,flag(needs_mapping),RUB,https://smart-lab.ru/q/KGKC/f/y/
KGKC,2025,ebitda,ebitda_mln,,775.0,,skip_empty(needs_mapping),RUB,https://smart-lab.ru/q/KGKC/f/y/
KGKC,2024,assets,assets_mln,14314.2,14200.0,0.992,match,RUB,https://smart-lab.ru/q/KGKC/f/y/
KGKC,2025,assets,assets_mln,14700.0,14700.0,1.0,match,RUB,https://smart-lab.ru/q/KGKC/f/y/
KGKC,2024,net_assets,equity_mln,7896.1,7900.0,1.0,flag(needs_mapping),RUB,https://smart-lab.ru/q/KGKC/f/y/
KGKC,2025,net_assets,equity_mln,,7880.0,,skip_empty(needs_mapping),RUB,https://smart-lab.ru/q/KGKC/f/y/
KGKC,2024,debt,total_debt_mln,,1590.0,,skip_empty(needs_mapping),RUB,https://smart-lab.ru/q/KGKC/f/y/
KGKC,2025,debt,total_debt_mln,,1870.0,,skip_empty(needs_mapping),RUB,https://smart-lab.ru/q/KGKC/f/y/
KGKC,2024,net_debt,net_debt_mln,1840.4,1550.0,0.842,flag(needs_mapping),RUB,https://smart-lab.ru/q/KGKC/f/y/
KGKC,2025,net_debt,net_debt_mln,,1280.0,,skip_empty(needs_mapping),RUB,https://smart-lab.ru/q/KGKC/f/y/
KGKC,2024,ocf,CFO_,1329.6,1330.0,1.0,flag(needs_mapping),RUB,https://smart-lab.ru/q/KGKC/f/y/
KGKC,2025,ocf,CFO_,,1900.0,,skip_empty(needs_mapping),RUB,https://smart-lab.ru/q/KGKC/f/y/
KGKC,2024,capex,CAPEX_,800.7,800.0,0.999,flag(needs_mapping),RUB,https://smart-lab.ru/q/KGKC/f/y/
KGKC,2025,capex,CAPEX_,,1190.0,,skip_empty(needs_mapping),RUB,https://smart-lab.ru/q/KGKC/f/y/
KGKC,2024,fcf,FCF,528.9,334.0,0.631,flag(needs_mapping),RUB,https://smart-lab.ru/q/KGKC/f/y/
KGKC,2025,fcf,FCF,,442.0,,skip_empty(needs_mapping),RUB,https://smart-lab.ru/q/KGKC/f/y/
KGKCP,2024,revenue,revenue_mln,10567.8,10600.0,1.003,match,RUB,https://smart-lab.ru/q/KGKC/f/y/ (←KGKC)
KGKCP,2025,revenue,revenue_mln,,11100.0,,FILL,RUB,https://smart-lab.ru/q/KGKC/f/y/ (←KGKC)
KGKCP,2024,net_income,net_profit_mln,153.6,125.0,0.814,FLAG_DIVERGENCE,RUB,https://smart-lab.ru/q/KGKC/f/y/ (←KGKC)
KGKCP,2025,net_income,net_profit_mln,,-277.0,,skip(col_diverged),RUB,https://smart-lab.ru/q/KGKC/f/y/ (←KGKC)
KGKCP,2024,ebitda,ebitda_mln,1351.2,1500.0,1.11,flag(needs_mapping),RUB,https://smart-lab.ru/q/KGKC/f/y/ (←KGKC)
KGKCP,2025,ebitda,ebitda_mln,,775.0,,skip_empty(needs_mapping),RUB,https://smart-lab.ru/q/KGKC/f/y/ (←KGKC)
KGKCP,2024,assets,assets_mln,14314.2,14200.0,0.992,match,RUB,https://smart-lab.ru/q/KGKC/f/y/ (←KGKC)
KGKCP,2025,assets,assets_mln,,14700.0,,FILL,RUB,https://smart-lab.ru/q/KGKC/f/y/ (←KGKC)
KGKCP,2024,net_assets,equity_mln,7896.1,7900.0,1.0,flag(needs_mapping),RUB,https://smart-lab.ru/q/KGKC/f/y/ (←KGKC)
KGKCP,2025,net_assets,equity_mln,,7880.0,,skip_empty(needs_mapping),RUB,https://smart-lab.ru/q/KGKC/f/y/ (←KGKC)
KGKCP,2024,debt,total_debt_mln,,1590.0,,skip_empty(needs_mapping),RUB,https://smart-lab.ru/q/KGKC/f/y/ (←KGKC)
KGKCP,2025,debt,total_debt_mln,,1870.0,,skip_empty(needs_mapping),RUB,https://smart-lab.ru/q/KGKC/f/y/ (←KGKC)
KGKCP,2024,net_debt,net_debt_mln,1840.4,1550.0,0.842,flag(needs_mapping),RUB,https://smart-lab.ru/q/KGKC/f/y/ (←KGKC)
KGKCP,2025,net_debt,net_debt_mln,,1280.0,,skip_empty(needs_mapping),RUB,https://smart-lab.ru/q/KGKC/f/y/ (←KGKC)
KGKCP,2024,ocf,CFO_,1329.6,1330.0,1.0,flag(needs_mapping),RUB,https://smart-lab.ru/q/KGKC/f/y/ (←KGKC)
KGKCP,2025,ocf,CFO_,,1900.0,,skip_empty(needs_mapping),RUB,https://smart-lab.ru/q/KGKC/f/y/ (←KGKC)
KGKCP,2024,capex,CAPEX_,800.7,800.0,0.999,flag(needs_mapping),RUB,https://smart-lab.ru/q/KGKC/f/y/ (←KGKC)
KGKCP,2025,capex,CAPEX_,,1190.0,,skip_empty(needs_mapping),RUB,https://smart-lab.ru/q/KGKC/f/y/ (←KGKC)
KGKCP,2024,fcf,FCF,528.9,334.0,0.631,flag(needs_mapping),RUB,https://smart-lab.ru/q/KGKC/f/y/ (←KGKC)
KGKCP,2025,fcf,FCF,,442.0,,skip_empty(needs_mapping),RUB,https://smart-lab.ru/q/KGKC/f/y/ (←KGKC)
KLSB,2024,revenue,revenue_mln,29953.7,30000.0,1.002,match,RUB,https://smart-lab.ru/q/KLSB/f/y/
KLSB,2025,revenue,revenue_mln,35000.0,35000.0,1.0,match,RUB,https://smart-lab.ru/q/KLSB/f/y/
KLSB,2024,net_income,net_profit_mln,124.0,124.0,1.0,match,RUB,https://smart-lab.ru/q/KLSB/f/y/
KLSB,2025,net_income,net_profit_mln,84.0,84.0,1.0,match,RUB,https://smart-lab.ru/q/KLSB/f/y/
KLSB,2024,ebitda,ebitda_mln,1287.6,1400.0,1.087,flag(needs_mapping),RUB,https://smart-lab.ru/q/KLSB/f/y/
KLSB,2025,ebitda,ebitda_mln,,979.0,,skip_empty(needs_mapping),RUB,https://smart-lab.ru/q/KLSB/f/y/
KLSB,2024,assets,assets_mln,7188.8,7190.0,1.0,match,RUB,https://smart-lab.ru/q/KLSB/f/y/
KLSB,2025,assets,assets_mln,6790.0,6790.0,1.0,match,RUB,https://smart-lab.ru/q/KLSB/f/y/
KLSB,2024,net_assets,equity_mln,1335.8,1340.0,1.003,flag(needs_mapping),RUB,https://smart-lab.ru/q/KLSB/f/y/
KLSB,2025,net_assets,equity_mln,,1430.0,,skip_empty(needs_mapping),RUB,https://smart-lab.ru/q/KLSB/f/y/
KLSB,2024,debt,total_debt_mln,,3820.0,,skip_empty(needs_mapping),RUB,https://smart-lab.ru/q/KLSB/f/y/
KLSB,2025,debt,total_debt_mln,,2610.0,,skip_empty(needs_mapping),RUB,https://smart-lab.ru/q/KLSB/f/y/
KLSB,2024,net_debt,net_debt_mln,3239.9,3240.0,1.0,flag(needs_mapping),RUB,https://smart-lab.ru/q/KLSB/f/y/
KLSB,2025,net_debt,net_debt_mln,,1880.0,,skip_empty(needs_mapping),RUB,https://smart-lab.ru/q/KLSB/f/y/
KLSB,2024,ocf,CFO_,495.6,496.0,1.001,flag(needs_mapping),RUB,https://smart-lab.ru/q/KLSB/f/y/
KLSB,2025,ocf,CFO_,,1080.0,,skip_empty(needs_mapping),RUB,https://smart-lab.ru/q/KLSB/f/y/
KLSB,2024,capex,CAPEX_,402.3,402.0,0.999,flag(needs_mapping),RUB,https://smart-lab.ru/q/KLSB/f/y/
KLSB,2025,capex,CAPEX_,,313.0,,skip_empty(needs_mapping),RUB,https://smart-lab.ru/q/KLSB/f/y/
KLSB,2024,fcf,FCF,93.3,261.0,2.797,flag(needs_mapping),RUB,https://smart-lab.ru/q/KLSB/f/y/
KLSB,2025,fcf,FCF,,1060.0,,skip_empty(needs_mapping),RUB,https://smart-lab.ru/q/KLSB/f/y/
KLVZ,2024,revenue,revenue_mln,3573.3,3570.0,0.999,match,RUB,https://smart-lab.ru/q/KLVZ/f/y/
KLVZ,2025,revenue,revenue_mln,4920.0,4920.0,1.0,match,RUB,https://smart-lab.ru/q/KLVZ/f/y/
KLVZ,2024,net_income,net_profit_mln,104.3,104.0,0.997,match,RUB,https://smart-lab.ru/q/KLVZ/f/y/
KLVZ,2025,net_income,net_profit_mln,-13.0,-13.0,1.0,match,RUB,https://smart-lab.ru/q/KLVZ/f/y/
KLVZ,2024,ebitda,ebitda_mln,473.4,-86.0,-0.182,flag(needs_mapping),RUB,https://smart-lab.ru/q/KLVZ/f/y/
KLVZ,2025,ebitda,ebitda_mln,,-311.0,,skip_empty(needs_mapping),RUB,https://smart-lab.ru/q/KLVZ/f/y/
KLVZ,2024,assets,assets_mln,5355.9,5360.0,1.001,match,RUB,https://smart-lab.ru/q/KLVZ/f/y/
KLVZ,2025,assets,assets_mln,7030.0,7030.0,1.0,match,RUB,https://smart-lab.ru/q/KLVZ/f/y/
KLVZ,2024,net_assets,equity_mln,2233.3,2230.0,0.999,flag(needs_mapping),RUB,https://smart-lab.ru/q/KLVZ/f/y/
KLVZ,2025,net_assets,equity_mln,,2190.0,,skip_empty(needs_mapping),RUB,https://smart-lab.ru/q/KLVZ/f/y/
KLVZ,2024,debt,total_debt_mln,,1330.0,,skip_empty(needs_mapping),RUB,https://smart-lab.ru/q/KLVZ/f/y/
KLVZ,2025,debt,total_debt_mln,,1840.0,,skip_empty(needs_mapping),RUB,https://smart-lab.ru/q/KLVZ/f/y/
KLVZ,2024,net_debt,net_debt_mln,1481.4,1310.0,0.884,flag(needs_mapping),RUB,https://smart-lab.ru/q/KLVZ/f/y/
KLVZ,2025,net_debt,net_debt_mln,,1800.0,,skip_empty(needs_mapping),RUB,https://smart-lab.ru/q/KLVZ/f/y/
KLVZ,2024,ocf,CFO_,-334.6,-335.0,1.001,flag(needs_mapping),RUB,https://smart-lab.ru/q/KLVZ/f/y/
KLVZ,2025,ocf,CFO_,,336.0,,skip_empty(needs_mapping),RUB,https://smart-lab.ru/q/KLVZ/f/y/
KLVZ,2024,capex,CAPEX_,558.0,558.0,1.0,flag(needs_mapping),RUB,https://smart-lab.ru/q/KLVZ/f/y/
KLVZ,2025,capex,CAPEX_,,271.0,,skip_empty(needs_mapping),RUB,https://smart-lab.ru/q/KLVZ/f/y/
KLVZ,2024,fcf,FCF,-892.6,-1200.0,1.344,flag(needs_mapping),RUB,https://smart-lab.ru/q/KLVZ/f/y/
KLVZ,2025,fcf,FCF,,-477.0,,skip_empty(needs_mapping),RUB,https://smart-lab.ru/q/KLVZ/f/y/
KMAZ,2024,revenue,revenue_mln,394167.0,393700.0,0.999,match,RUB,https://smart-lab.ru/q/KMAZ/f/y/
KMAZ,2025,revenue,revenue_mln,315200.0,382100.0,1.212,FLAG_DIVERGENCE,RUB,https://smart-lab.ru/q/KMAZ/f/y/
KMAZ,2024,net_income,net_profit_mln,731.0,-178.0,-0.244,FLAG_DIVERGENCE,RUB,https://smart-lab.ru/q/KMAZ/f/y/
KMAZ,2025,net_income,net_profit_mln,-37000.0,-42700.0,1.154,FLAG_DIVERGENCE,RUB,https://smart-lab.ru/q/KMAZ/f/y/
KMAZ,2024,ebitda,ebitda_mln,33610.0,33100.0,0.985,flag(needs_mapping),RUB,https://smart-lab.ru/q/KMAZ/f/y/
KMAZ,2025,ebitda,ebitda_mln,,-4040.0,,skip_empty(needs_mapping),RUB,https://smart-lab.ru/q/KMAZ/f/y/
KMAZ,2024,assets,assets_mln,556462.0,556500.0,1.0,match,RUB,https://smart-lab.ru/q/KMAZ/f/y/
KMAZ,2025,assets,assets_mln,482800.0,523800.0,1.085,FLAG_DIVERGENCE,RUB,https://smart-lab.ru/q/KMAZ/f/y/
KMAZ,2024,net_assets,equity_mln,123495.0,118600.0,0.96,flag(needs_mapping),RUB,https://smart-lab.ru/q/KMAZ/f/y/
KMAZ,2025,net_assets,equity_mln,59800.0,74900.0,1.253,flag(needs_mapping),RUB,https://smart-lab.ru/q/KMAZ/f/y/
KMAZ,2024,debt,total_debt_mln,225600.0,225600.0,1.0,flag(needs_mapping),RUB,https://smart-lab.ru/q/KMAZ/f/y/
KMAZ,2025,debt,total_debt_mln,268900.0,277400.0,1.032,flag(needs_mapping),RUB,https://smart-lab.ru/q/KMAZ/f/y/
KMAZ,2024,net_debt,net_debt_mln,188912.0,160200.0,0.848,flag(needs_mapping),RUB,https://smart-lab.ru/q/KMAZ/f/y/
KMAZ,2025,net_debt,net_debt_mln,216800.0,216600.0,0.999,flag(needs_mapping),RUB,https://smart-lab.ru/q/KMAZ/f/y/
KMAZ,2024,ocf,CFO_,-53800.0,-53800.0,1.0,flag(needs_mapping),RUB,https://smart-lab.ru/q/KMAZ/f/y/
KMAZ,2025,ocf,CFO_,-46600.0,9310.0,-0.2,flag(needs_mapping),RUB,https://smart-lab.ru/q/KMAZ/f/y/
KMAZ,2024,capex,CAPEX_,29000.0,29000.0,1.0,flag(needs_mapping),RUB,https://smart-lab.ru/q/KMAZ/f/y/
KMAZ,2025,capex,CAPEX_,10700.0,25700.0,2.402,flag(needs_mapping),RUB,https://smart-lab.ru/q/KMAZ/f/y/
KMAZ,2024,fcf,FCF,-82800.0,-100400.0,1.213,flag(needs_mapping),RUB,https://smart-lab.ru/q/KMAZ/f/y/
KMAZ,2025,fcf,FCF,,-49200.0,,skip_empty(needs_mapping),RUB,https://smart-lab.ru/q/KMAZ/f/y/
KMEZ,2024,revenue,revenue_mln,3959.6,3960.0,1.0,match,RUB,https://smart-lab.ru/q/KMEZ/f/y/
KMEZ,2025,revenue,revenue_mln,10200.0,10200.0,1.0,match,RUB,https://smart-lab.ru/q/KMEZ/f/y/
KMEZ,2024,net_income,net_profit_mln,622.8,623.0,1.0,match,RUB,https://smart-lab.ru/q/KMEZ/f/y/
KMEZ,2025,net_income,net_profit_mln,870.0,870.0,1.0,match,RUB,https://smart-lab.ru/q/KMEZ/f/y/
KMEZ,2024,ebitda,ebitda_mln,750.6,750.0,0.999,flag(needs_mapping),RUB,https://smart-lab.ru/q/KMEZ/f/y/
KMEZ,2025,ebitda,ebitda_mln,,1320.0,,skip_empty(needs_mapping),RUB,https://smart-lab.ru/q/KMEZ/f/y/
KMEZ,2024,assets,assets_mln,7436.2,7440.0,1.001,match,RUB,https://smart-lab.ru/q/KMEZ/f/y/
KMEZ,2025,assets,assets_mln,8600.0,8600.0,1.0,match,RUB,https://smart-lab.ru/q/KMEZ/f/y/
KMEZ,2024,net_assets,equity_mln,4868.7,4870.0,1.0,flag(needs_mapping),RUB,https://smart-lab.ru/q/KMEZ/f/y/
KMEZ,2025,net_assets,equity_mln,,5760.0,,skip_empty(needs_mapping),RUB,https://smart-lab.ru/q/KMEZ/f/y/
KMEZ,2024,debt,total_debt_mln,,546.0,,skip_empty(needs_mapping),RUB,https://smart-lab.ru/q/KMEZ/f/y/
KMEZ,2025,debt,total_debt_mln,,626.0,,skip_empty(needs_mapping),RUB,https://smart-lab.ru/q/KMEZ/f/y/
KMEZ,2024,net_debt,net_debt_mln,-288.9,-300.0,1.038,flag(needs_mapping),RUB,https://smart-lab.ru/q/KMEZ/f/y/
KMEZ,2025,net_debt,net_debt_mln,,290.0,,skip_empty(needs_mapping),RUB,https://smart-lab.ru/q/KMEZ/f/y/
KMEZ,2024,ocf,CFO_,820.4,820.0,1.0,flag(needs_mapping),RUB,https://smart-lab.ru/q/KMEZ/f/y/
KMEZ,2025,ocf,CFO_,,1700.0,,skip_empty(needs_mapping),RUB,https://smart-lab.ru/q/KMEZ/f/y/
KMEZ,2024,capex,CAPEX_,2503.6,2500.0,0.999,flag(needs_mapping),RUB,https://smart-lab.ru/q/KMEZ/f/y/
KMEZ,2025,capex,CAPEX_,,1940.0,,skip_empty(needs_mapping),RUB,https://smart-lab.ru/q/KMEZ/f/y/
KMEZ,2024,fcf,FCF,-1683.2,-1040.0,0.618,flag(needs_mapping),RUB,https://smart-lab.ru/q/KMEZ/f/y/
KMEZ,2025,fcf,FCF,,-559.0,,skip_empty(needs_mapping),RUB,https://smart-lab.ru/q/KMEZ/f/y/
KOGK,2024,revenue,revenue_mln,13774.2,13800.0,1.002,match,RUB,https://smart-lab.ru/q/KOGK/f/y/
KOGK,2025,revenue,revenue_mln,13200.0,13200.0,1.0,match,RUB,https://smart-lab.ru/q/KOGK/f/y/
KOGK,2024,net_income,net_profit_mln,3333.1,3330.0,0.999,match,RUB,https://smart-lab.ru/q/KOGK/f/y/
KOGK,2025,net_income,net_profit_mln,-1470.0,-1470.0,1.0,match,RUB,https://smart-lab.ru/q/KOGK/f/y/
KOGK,2024,ebitda,ebitda_mln,-3025.2,-3020.0,0.998,flag(needs_mapping),RUB,https://smart-lab.ru/q/KOGK/f/y/
KOGK,2025,ebitda,ebitda_mln,,-3940.0,,skip_empty(needs_mapping),RUB,https://smart-lab.ru/q/KOGK/f/y/
KOGK,2024,assets,assets_mln,65288.1,65300.0,1.0,match,RUB,https://smart-lab.ru/q/KOGK/f/y/
KOGK,2025,assets,assets_mln,55400.0,55400.0,1.0,match,RUB,https://smart-lab.ru/q/KOGK/f/y/
KOGK,2024,net_assets,equity_mln,48916.1,48900.0,1.0,flag(needs_mapping),RUB,https://smart-lab.ru/q/KOGK/f/y/
KOGK,2025,net_assets,equity_mln,,47400.0,,skip_empty(needs_mapping),RUB,https://smart-lab.ru/q/KOGK/f/y/
KOGK,2024,debt,total_debt_mln,,0.0,,skip_empty(needs_mapping),RUB,https://smart-lab.ru/q/KOGK/f/y/
KOGK,2025,debt,total_debt_mln,,0.0,,skip_empty(needs_mapping),RUB,https://smart-lab.ru/q/KOGK/f/y/
KOGK,2024,net_debt,net_debt_mln,320.1,0.0,,flag(needs_mapping),RUB,https://smart-lab.ru/q/KOGK/f/y/
KOGK,2025,net_debt,net_debt_mln,,0.0,,skip_empty(needs_mapping),RUB,https://smart-lab.ru/q/KOGK/f/y/
KOGK,2024,ocf,CFO_,615.6,616.0,1.001,flag(needs_mapping),RUB,https://smart-lab.ru/q/KOGK/f/y/
KOGK,2025,ocf,CFO_,,-23500.0,,skip_empty(needs_mapping),RUB,https://smart-lab.ru/q/KOGK/f/y/
KOGK,2024,capex,CAPEX_,412.2,412.0,1.0,flag(needs_mapping),RUB,https://smart-lab.ru/q/KOGK/f/y/
KOGK,2025,capex,CAPEX_,,401.0,,skip_empty(needs_mapping),RUB,https://smart-lab.ru/q/KOGK/f/y/
KOGK,2024,fcf,FCF,203.5,0.0,,flag(needs_mapping),RUB,https://smart-lab.ru/q/KOGK/f/y/
KOGK,2025,fcf,FCF,,-18.0,,skip_empty(needs_mapping),RUB,https://smart-lab.ru/q/KOGK/f/y/
KRKN,2024,revenue,revenue_mln,13787.9,13800.0,1.001,match,RUB,https://smart-lab.ru/q/KRKN/f/y/
KRKN,2024,net_income,net_profit_mln,51.3,51.0,0.994,match,RUB,https://smart-lab.ru/q/KRKN/f/y/
KRKN,2024,ebitda,ebitda_mln,3363.2,3460.0,1.029,flag(needs_mapping),RUB,https://smart-lab.ru/q/KRKN/f/y/
KRKN,2024,assets,assets_mln,58325.1,58300.0,1.0,match,RUB,https://smart-lab.ru/q/KRKN/f/y/
KRKN,2024,net_assets,equity_mln,47721.7,47700.0,1.0,flag(needs_mapping),RUB,https://smart-lab.ru/q/KRKN/f/y/
KRKN,2024,net_debt,net_debt_mln,,0.0,,skip_empty(needs_mapping),RUB,https://smart-lab.ru/q/KRKN/f/y/
KRKN,2025,net_debt,net_debt_mln,,0.0,,skip_empty(needs_mapping),RUB,https://smart-lab.ru/q/KRKN/f/y/
KRKN,2024,ocf,CFO_,4320.0,4320.0,1.0,flag(needs_mapping),RUB,https://smart-lab.ru/q/KRKN/f/y/
KRKN,2024,capex,CAPEX_,4200.0,4200.0,1.0,flag(needs_mapping),RUB,https://smart-lab.ru/q/KRKN/f/y/
KRKN,2024,fcf,FCF,120.0,122.0,1.017,flag(needs_mapping),RUB,https://smart-lab.ru/q/KRKN/f/y/
KRKNP,2024,revenue,revenue_mln,13787.9,13800.0,1.001,match,RUB,https://smart-lab.ru/q/KRKN/f/y/ (←KRKN)
KRKNP,2024,net_income,net_profit_mln,51.3,51.0,0.994,match,RUB,https://smart-lab.ru/q/KRKN/f/y/ (←KRKN)
KRKNP,2024,ebitda,ebitda_mln,3363.2,3460.0,1.029,flag(needs_mapping),RUB,https://smart-lab.ru/q/KRKN/f/y/ (←KRKN)
KRKNP,2024,assets,assets_mln,58325.1,58300.0,1.0,match,RUB,https://smart-lab.ru/q/KRKN/f/y/ (←KRKN)
KRKNP,2024,net_assets,equity_mln,47721.7,47700.0,1.0,flag(needs_mapping),RUB,https://smart-lab.ru/q/KRKN/f/y/ (←KRKN)
KRKNP,2024,net_debt,net_debt_mln,,0.0,,skip_empty(needs_mapping),RUB,https://smart-lab.ru/q/KRKN/f/y/ (←KRKN)
KRKNP,2025,net_debt,net_debt_mln,,0.0,,skip_empty(needs_mapping),RUB,https://smart-lab.ru/q/KRKN/f/y/ (←KRKN)
KRKNP,2024,ocf,CFO_,4320.0,4320.0,1.0,flag(needs_mapping),RUB,https://smart-lab.ru/q/KRKN/f/y/ (←KRKN)
KRKNP,2024,capex,CAPEX_,4200.0,4200.0,1.0,flag(needs_mapping),RUB,https://smart-lab.ru/q/KRKN/f/y/ (←KRKN)
KRKNP,2024,fcf,FCF,120.0,122.0,1.017,flag(needs_mapping),RUB,https://smart-lab.ru/q/KRKN/f/y/ (←KRKN)
KRKOP,2024,revenue,revenue_mln,17640.8,17600.0,0.998,match,RUB,https://smart-lab.ru/q/KRKO/f/y/ (←KRKO)
KRKOP,2025,revenue,revenue_mln,,21100.0,,FILL,RUB,https://smart-lab.ru/q/KRKO/f/y/ (←KRKO)
KRKOP,2024,net_income,net_profit_mln,2996.3,3000.0,1.001,match,RUB,https://smart-lab.ru/q/KRKO/f/y/ (←KRKO)
KRKOP,2025,net_income,net_profit_mln,,5030.0,,FILL,RUB,https://smart-lab.ru/q/KRKO/f/y/ (←KRKO)
KRKOP,2024,ebitda,ebitda_mln,3131.9,2990.0,0.955,flag(needs_mapping),RUB,https://smart-lab.ru/q/KRKO/f/y/ (←KRKO)
KRKOP,2025,ebitda,ebitda_mln,,6110.0,,skip_empty(needs_mapping),RUB,https://smart-lab.ru/q/KRKO/f/y/ (←KRKO)
KRKOP,2024,assets,assets_mln,25832.2,25800.0,0.999,match,RUB,https://smart-lab.ru/q/KRKO/f/y/ (←KRKO)
KRKOP,2025,assets,assets_mln,,27300.0,,FILL,RUB,https://smart-lab.ru/q/KRKO/f/y/ (←KRKO)
KRKOP,2024,net_assets,equity_mln,7266.1,7270.0,1.001,flag(needs_mapping),RUB,https://smart-lab.ru/q/KRKO/f/y/ (←KRKO)
KRKOP,2025,net_assets,equity_mln,,12200.0,,skip_empty(needs_mapping),RUB,https://smart-lab.ru/q/KRKO/f/y/ (←KRKO)
KRKOP,2024,debt,total_debt_mln,,0.0,,skip_empty(needs_mapping),RUB,https://smart-lab.ru/q/KRKO/f/y/ (←KRKO)
KRKOP,2025,debt,total_debt_mln,,0.0,,skip_empty(needs_mapping),RUB,https://smart-lab.ru/q/KRKO/f/y/ (←KRKO)
KRKOP,2024,net_debt,net_debt_mln,-2969.7,-2970.0,1.0,flag(needs_mapping),RUB,https://smart-lab.ru/q/KRKO/f/y/ (←KRKO)
KRKOP,2025,net_debt,net_debt_mln,,-550.0,,skip_empty(needs_mapping),RUB,https://smart-lab.ru/q/KRKO/f/y/ (←KRKO)
KRKOP,2024,ocf,CFO_,2648.3,2650.0,1.001,flag(needs_mapping),RUB,https://smart-lab.ru/q/KRKO/f/y/ (←KRKO)
KRKOP,2025,ocf,CFO_,,1740.0,,skip_empty(needs_mapping),RUB,https://smart-lab.ru/q/KRKO/f/y/ (←KRKO)
KRKOP,2024,capex,CAPEX_,887.5,888.0,1.001,flag(needs_mapping),RUB,https://smart-lab.ru/q/KRKO/f/y/ (←KRKO)
KRKOP,2025,capex,CAPEX_,,1150.0,,skip_empty(needs_mapping),RUB,https://smart-lab.ru/q/KRKO/f/y/ (←KRKO)
KRKOP,2024,fcf,FCF,1760.7,1840.0,1.045,flag(needs_mapping),RUB,https://smart-lab.ru/q/KRKO/f/y/ (←KRKO)
KRKOP,2025,fcf,FCF,,-2380.0,,skip_empty(needs_mapping),RUB,https://smart-lab.ru/q/KRKO/f/y/ (←KRKO)
KROT,2024,revenue,revenue_mln,24247.3,24300.0,1.002,match,RUB,https://smart-lab.ru/q/KROT/f/y/
KROT,2025,revenue,revenue_mln,24300.0,24300.0,1.0,match,RUB,https://smart-lab.ru/q/KROT/f/y/
KROT,2024,net_income,net_profit_mln,46.2,4.0,0.087,FLAG_DIVERGENCE,RUB,https://smart-lab.ru/q/KROT/f/y/
KROT,2025,net_income,net_profit_mln,,93.0,,skip(col_diverged),RUB,https://smart-lab.ru/q/KROT/f/y/
KROT,2024,ebitda,ebitda_mln,-576.4,-479.0,0.831,flag(needs_mapping),RUB,https://smart-lab.ru/q/KROT/f/y/
KROT,2025,ebitda,ebitda_mln,,161.0,,skip_empty(needs_mapping),RUB,https://smart-lab.ru/q/KROT/f/y/
KROT,2024,assets,assets_mln,21190.2,21200.0,1.0,match,RUB,https://smart-lab.ru/q/KROT/f/y/
KROT,2025,assets,assets_mln,24700.0,24700.0,1.0,match,RUB,https://smart-lab.ru/q/KROT/f/y/
KROT,2024,net_assets,equity_mln,11891.5,11000.0,0.925,flag(needs_mapping),RUB,https://smart-lab.ru/q/KROT/f/y/
KROT,2025,net_assets,equity_mln,,10700.0,,skip_empty(needs_mapping),RUB,https://smart-lab.ru/q/KROT/f/y/
KROT,2024,debt,total_debt_mln,,2610.0,,skip_empty(needs_mapping),RUB,https://smart-lab.ru/q/KROT/f/y/
KROT,2025,debt,total_debt_mln,,3010.0,,skip_empty(needs_mapping),RUB,https://smart-lab.ru/q/KROT/f/y/
KROT,2024,net_debt,net_debt_mln,2563.0,2560.0,0.999,flag(needs_mapping),RUB,https://smart-lab.ru/q/KROT/f/y/
KROT,2025,net_debt,net_debt_mln,,2980.0,,skip_empty(needs_mapping),RUB,https://smart-lab.ru/q/KROT/f/y/
KROT,2024,ocf,CFO_,-1330.0,-1330.0,1.0,flag(needs_mapping),RUB,https://smart-lab.ru/q/KROT/f/y/
KROT,2025,ocf,CFO_,,413.0,,skip_empty(needs_mapping),RUB,https://smart-lab.ru/q/KROT/f/y/
KROT,2024,capex,CAPEX_,114.0,114.0,1.0,flag(needs_mapping),RUB,https://smart-lab.ru/q/KROT/f/y/
KROT,2025,capex,CAPEX_,,188.0,,skip_empty(needs_mapping),RUB,https://smart-lab.ru/q/KROT/f/y/
KROT,2024,fcf,FCF,-1444.0,-823.0,0.57,flag(needs_mapping),RUB,https://smart-lab.ru/q/KROT/f/y/
KROT,2025,fcf,FCF,,46.0,,skip_empty(needs_mapping),RUB,https://smart-lab.ru/q/KROT/f/y/
KROTP,2024,revenue,revenue_mln,24247.3,24300.0,1.002,match,RUB,https://smart-lab.ru/q/KROT/f/y/ (←KROT)
KROTP,2025,revenue,revenue_mln,,24300.0,,FILL,RUB,https://smart-lab.ru/q/KROT/f/y/ (←KROT)
KROTP,2024,net_income,net_profit_mln,46.2,4.0,0.087,FLAG_DIVERGENCE,RUB,https://smart-lab.ru/q/KROT/f/y/ (←KROT)
KROTP,2025,net_income,net_profit_mln,,93.0,,skip(col_diverged),RUB,https://smart-lab.ru/q/KROT/f/y/ (←KROT)
KROTP,2024,ebitda,ebitda_mln,-576.4,-479.0,0.831,flag(needs_mapping),RUB,https://smart-lab.ru/q/KROT/f/y/ (←KROT)
KROTP,2025,ebitda,ebitda_mln,,161.0,,skip_empty(needs_mapping),RUB,https://smart-lab.ru/q/KROT/f/y/ (←KROT)
KROTP,2024,assets,assets_mln,21190.2,21200.0,1.0,match,RUB,https://smart-lab.ru/q/KROT/f/y/ (←KROT)
KROTP,2025,assets,assets_mln,,24700.0,,FILL,RUB,https://smart-lab.ru/q/KROT/f/y/ (←KROT)
KROTP,2024,net_assets,equity_mln,11891.5,11000.0,0.925,flag(needs_mapping),RUB,https://smart-lab.ru/q/KROT/f/y/ (←KROT)
KROTP,2025,net_assets,equity_mln,,10700.0,,skip_empty(needs_mapping),RUB,https://smart-lab.ru/q/KROT/f/y/ (←KROT)
KROTP,2024,debt,total_debt_mln,,2610.0,,skip_empty(needs_mapping),RUB,https://smart-lab.ru/q/KROT/f/y/ (←KROT)
KROTP,2025,debt,total_debt_mln,,3010.0,,skip_empty(needs_mapping),RUB,https://smart-lab.ru/q/KROT/f/y/ (←KROT)
KROTP,2024,net_debt,net_debt_mln,2563.0,2560.0,0.999,flag(needs_mapping),RUB,https://smart-lab.ru/q/KROT/f/y/ (←KROT)
KROTP,2025,net_debt,net_debt_mln,,2980.0,,skip_empty(needs_mapping),RUB,https://smart-lab.ru/q/KROT/f/y/ (←KROT)
KROTP,2024,ocf,CFO_,-1330.0,-1330.0,1.0,flag(needs_mapping),RUB,https://smart-lab.ru/q/KROT/f/y/ (←KROT)
KROTP,2025,ocf,CFO_,,413.0,,skip_empty(needs_mapping),RUB,https://smart-lab.ru/q/KROT/f/y/ (←KROT)
KROTP,2024,capex,CAPEX_,114.0,114.0,1.0,flag(needs_mapping),RUB,https://smart-lab.ru/q/KROT/f/y/ (←KROT)
KROTP,2025,capex,CAPEX_,,188.0,,skip_empty(needs_mapping),RUB,https://smart-lab.ru/q/KROT/f/y/ (←KROT)
KROTP,2024,fcf,FCF,-1444.0,-823.0,0.57,flag(needs_mapping),RUB,https://smart-lab.ru/q/KROT/f/y/ (←KROT)
KROTP,2025,fcf,FCF,,46.0,,skip_empty(needs_mapping),RUB,https://smart-lab.ru/q/KROT/f/y/ (←KROT)
KRSB,2024,revenue,revenue_mln,43049.0,43100.0,1.001,match,RUB,https://smart-lab.ru/q/KRSB/f/y/
KRSB,2025,revenue,revenue_mln,49200.0,49200.0,1.0,match,RUB,https://smart-lab.ru/q/KRSB/f/y/
KRSB,2024,net_income,net_profit_mln,2536.0,2540.0,1.002,match,RUB,https://smart-lab.ru/q/KRSB/f/y/
KRSB,2025,net_income,net_profit_mln,2290.0,2290.0,1.0,match,RUB,https://smart-lab.ru/q/KRSB/f/y/
KRSB,2024,ebitda,ebitda_mln,2770.0,2770.0,1.0,flag(needs_mapping),RUB,https://smart-lab.ru/q/KRSB/f/y/
KRSB,2025,ebitda,ebitda_mln,,2630.0,,skip_empty(needs_mapping),RUB,https://smart-lab.ru/q/KRSB/f/y/
KRSB,2024,assets,assets_mln,10468.0,10500.0,1.003,match,RUB,https://smart-lab.ru/q/KRSB/f/y/
KRSB,2025,assets,assets_mln,11800.0,11800.0,1.0,match,RUB,https://smart-lab.ru/q/KRSB/f/y/
KRSB,2024,net_assets,equity_mln,5593.0,5590.0,0.999,flag(needs_mapping),RUB,https://smart-lab.ru/q/KRSB/f/y/
KRSB,2025,net_assets,equity_mln,,6140.0,,skip_empty(needs_mapping),RUB,https://smart-lab.ru/q/KRSB/f/y/
KRSB,2024,debt,total_debt_mln,0.0,0.0,,flag(needs_mapping),RUB,https://smart-lab.ru/q/KRSB/f/y/
KRSB,2025,debt,total_debt_mln,,0.0,,skip_empty(needs_mapping),RUB,https://smart-lab.ru/q/KRSB/f/y/
KRSB,2024,net_debt,net_debt_mln,-3619.0,-3640.0,1.006,flag(needs_mapping),RUB,https://smart-lab.ru/q/KRSB/f/y/
KRSB,2025,net_debt,net_debt_mln,,-3880.0,,skip_empty(needs_mapping),RUB,https://smart-lab.ru/q/KRSB/f/y/
KRSB,2024,ocf,CFO_,1503.0,1500.0,0.998,flag(needs_mapping),RUB,https://smart-lab.ru/q/KRSB/f/y/
KRSB,2025,ocf,CFO_,,2010.0,,skip_empty(needs_mapping),RUB,https://smart-lab.ru/q/KRSB/f/y/
KRSB,2024,capex,CAPEX_,373.0,373.0,1.0,flag(needs_mapping),RUB,https://smart-lab.ru/q/KRSB/f/y/
KRSB,2025,capex,CAPEX_,,842.0,,skip_empty(needs_mapping),RUB,https://smart-lab.ru/q/KRSB/f/y/
KRSB,2024,fcf,FCF,1130.0,1640.0,1.451,flag(needs_mapping),RUB,https://smart-lab.ru/q/KRSB/f/y/
KRSB,2025,fcf,FCF,,1960.0,,skip_empty(needs_mapping),RUB,https://smart-lab.ru/q/KRSB/f/y/
KRSBP,2024,revenue,revenue_mln,43049.0,43100.0,1.001,match,RUB,https://smart-lab.ru/q/KRSB/f/y/ (←KRSB)
KRSBP,2025,revenue,revenue_mln,,49200.0,,FILL,RUB,https://smart-lab.ru/q/KRSB/f/y/ (←KRSB)
KRSBP,2024,net_income,net_profit_mln,2536.0,2540.0,1.002,match,RUB,https://smart-lab.ru/q/KRSB/f/y/ (←KRSB)
KRSBP,2025,net_income,net_profit_mln,,2290.0,,FILL,RUB,https://smart-lab.ru/q/KRSB/f/y/ (←KRSB)
KRSBP,2024,ebitda,ebitda_mln,2770.0,2770.0,1.0,flag(needs_mapping),RUB,https://smart-lab.ru/q/KRSB/f/y/ (←KRSB)
KRSBP,2025,ebitda,ebitda_mln,,2630.0,,skip_empty(needs_mapping),RUB,https://smart-lab.ru/q/KRSB/f/y/ (←KRSB)
KRSBP,2024,assets,assets_mln,10468.0,10500.0,1.003,match,RUB,https://smart-lab.ru/q/KRSB/f/y/ (←KRSB)
KRSBP,2025,assets,assets_mln,,11800.0,,FILL,RUB,https://smart-lab.ru/q/KRSB/f/y/ (←KRSB)
KRSBP,2024,net_assets,equity_mln,5593.0,5590.0,0.999,flag(needs_mapping),RUB,https://smart-lab.ru/q/KRSB/f/y/ (←KRSB)
KRSBP,2025,net_assets,equity_mln,,6140.0,,skip_empty(needs_mapping),RUB,https://smart-lab.ru/q/KRSB/f/y/ (←KRSB)
KRSBP,2024,debt,total_debt_mln,,0.0,,skip_empty(needs_mapping),RUB,https://smart-lab.ru/q/KRSB/f/y/ (←KRSB)
KRSBP,2025,debt,total_debt_mln,,0.0,,skip_empty(needs_mapping),RUB,https://smart-lab.ru/q/KRSB/f/y/ (←KRSB)
KRSBP,2024,net_debt,net_debt_mln,-3619.0,-3640.0,1.006,flag(needs_mapping),RUB,https://smart-lab.ru/q/KRSB/f/y/ (←KRSB)
KRSBP,2025,net_debt,net_debt_mln,,-3880.0,,skip_empty(needs_mapping),RUB,https://smart-lab.ru/q/KRSB/f/y/ (←KRSB)
KRSBP,2024,ocf,CFO_,1503.0,1500.0,0.998,flag(needs_mapping),RUB,https://smart-lab.ru/q/KRSB/f/y/ (←KRSB)
KRSBP,2025,ocf,CFO_,,2010.0,,skip_empty(needs_mapping),RUB,https://smart-lab.ru/q/KRSB/f/y/ (←KRSB)
KRSBP,2024,capex,CAPEX_,373.0,373.0,1.0,flag(needs_mapping),RUB,https://smart-lab.ru/q/KRSB/f/y/ (←KRSB)
KRSBP,2025,capex,CAPEX_,,842.0,,skip_empty(needs_mapping),RUB,https://smart-lab.ru/q/KRSB/f/y/ (←KRSB)
KRSBP,2024,fcf,FCF,1130.0,1640.0,1.451,flag(needs_mapping),RUB,https://smart-lab.ru/q/KRSB/f/y/ (←KRSB)
KRSBP,2025,fcf,FCF,,1960.0,,skip_empty(needs_mapping),RUB,https://smart-lab.ru/q/KRSB/f/y/ (←KRSB)
KUZB,2024,net_income,net_profit_mln,168.3,168.0,0.998,match,RUB,https://smart-lab.ru/q/KUZB/f/y/
KUZB,2025,net_income,net_profit_mln,93.0,93.0,1.0,match,RUB,https://smart-lab.ru/q/KUZB/f/y/
KZOS,2024,revenue,revenue_mln,104889.0,104900.0,1.0,match,RUB,https://smart-lab.ru/q/KZOS/f/y/
KZOS,2025,revenue,revenue_mln,100000.0,100000.0,1.0,match,RUB,https://smart-lab.ru/q/KZOS/f/y/
KZOS,2024,net_income,net_profit_mln,10612.0,10600.0,0.999,match,RUB,https://smart-lab.ru/q/KZOS/f/y/
KZOS,2025,net_income,net_profit_mln,7300.0,7300.0,1.0,match,RUB,https://smart-lab.ru/q/KZOS/f/y/
KZOS,2024,ebitda,ebitda_mln,25032.0,25900.0,1.035,flag(needs_mapping),RUB,https://smart-lab.ru/q/KZOS/f/y/
KZOS,2025,ebitda,ebitda_mln,,23500.0,,skip_empty(needs_mapping),RUB,https://smart-lab.ru/q/KZOS/f/y/
KZOS,2024,assets,assets_mln,182345.0,182300.0,1.0,match,RUB,https://smart-lab.ru/q/KZOS/f/y/
KZOS,2025,assets,assets_mln,215100.0,215100.0,1.0,match,RUB,https://smart-lab.ru/q/KZOS/f/y/
KZOS,2024,net_assets,equity_mln,140812.0,140800.0,1.0,flag(needs_mapping),RUB,https://smart-lab.ru/q/KZOS/f/y/
KZOS,2025,net_assets,equity_mln,,143800.0,,skip_empty(needs_mapping),RUB,https://smart-lab.ru/q/KZOS/f/y/
KZOS,2024,debt,total_debt_mln,11000.0,11000.0,1.0,flag(needs_mapping),RUB,https://smart-lab.ru/q/KZOS/f/y/
KZOS,2025,debt,total_debt_mln,,34100.0,,skip_empty(needs_mapping),RUB,https://smart-lab.ru/q/KZOS/f/y/
KZOS,2024,net_debt,net_debt_mln,10356.0,10400.0,1.004,flag(needs_mapping),RUB,https://smart-lab.ru/q/KZOS/f/y/
KZOS,2025,net_debt,net_debt_mln,,33400.0,,skip_empty(needs_mapping),RUB,https://smart-lab.ru/q/KZOS/f/y/
KZOS,2024,ocf,CFO_,21900.0,21900.0,1.0,flag(needs_mapping),RUB,https://smart-lab.ru/q/KZOS/f/y/
KZOS,2025,ocf,CFO_,,29700.0,,skip_empty(needs_mapping),RUB,https://smart-lab.ru/q/KZOS/f/y/
KZOS,2024,capex,CAPEX_,22100.0,22100.0,1.0,flag(needs_mapping),RUB,https://smart-lab.ru/q/KZOS/f/y/
KZOS,2025,capex,CAPEX_,,41100.0,,skip_empty(needs_mapping),RUB,https://smart-lab.ru/q/KZOS/f/y/
KZOS,2024,fcf,FCF,-200.0,-429.0,2.145,flag(needs_mapping),RUB,https://smart-lab.ru/q/KZOS/f/y/
KZOS,2025,fcf,FCF,,-15900.0,,skip_empty(needs_mapping),RUB,https://smart-lab.ru/q/KZOS/f/y/
KZOSP,2024,revenue,revenue_mln,104889.0,104900.0,1.0,match,RUB,https://smart-lab.ru/q/KZOS/f/y/ (←KZOS)
KZOSP,2025,revenue,revenue_mln,,100000.0,,FILL,RUB,https://smart-lab.ru/q/KZOS/f/y/ (←KZOS)
KZOSP,2024,net_income,net_profit_mln,10612.0,10600.0,0.999,match,RUB,https://smart-lab.ru/q/KZOS/f/y/ (←KZOS)
KZOSP,2025,net_income,net_profit_mln,,7300.0,,FILL,RUB,https://smart-lab.ru/q/KZOS/f/y/ (←KZOS)
KZOSP,2024,ebitda,ebitda_mln,25032.0,25900.0,1.035,flag(needs_mapping),RUB,https://smart-lab.ru/q/KZOS/f/y/ (←KZOS)
KZOSP,2025,ebitda,ebitda_mln,,23500.0,,skip_empty(needs_mapping),RUB,https://smart-lab.ru/q/KZOS/f/y/ (←KZOS)
KZOSP,2024,assets,assets_mln,182345.0,182300.0,1.0,match,RUB,https://smart-lab.ru/q/KZOS/f/y/ (←KZOS)
KZOSP,2025,assets,assets_mln,,215100.0,,FILL,RUB,https://smart-lab.ru/q/KZOS/f/y/ (←KZOS)
KZOSP,2024,net_assets,equity_mln,140812.0,140800.0,1.0,flag(needs_mapping),RUB,https://smart-lab.ru/q/KZOS/f/y/ (←KZOS)
KZOSP,2025,net_assets,equity_mln,,143800.0,,skip_empty(needs_mapping),RUB,https://smart-lab.ru/q/KZOS/f/y/ (←KZOS)
KZOSP,2024,debt,total_debt_mln,,11000.0,,skip_empty(needs_mapping),RUB,https://smart-lab.ru/q/KZOS/f/y/ (←KZOS)
KZOSP,2025,debt,total_debt_mln,,34100.0,,skip_empty(needs_mapping),RUB,https://smart-lab.ru/q/KZOS/f/y/ (←KZOS)
KZOSP,2024,net_debt,net_debt_mln,10356.0,10400.0,1.004,flag(needs_mapping),RUB,https://smart-lab.ru/q/KZOS/f/y/ (←KZOS)
KZOSP,2025,net_debt,net_debt_mln,,33400.0,,skip_empty(needs_mapping),RUB,https://smart-lab.ru/q/KZOS/f/y/ (←KZOS)
KZOSP,2024,ocf,CFO_,21900.0,21900.0,1.0,flag(needs_mapping),RUB,https://smart-lab.ru/q/KZOS/f/y/ (←KZOS)
KZOSP,2025,ocf,CFO_,,29700.0,,skip_empty(needs_mapping),RUB,https://smart-lab.ru/q/KZOS/f/y/ (←KZOS)
KZOSP,2024,capex,CAPEX_,22100.0,22100.0,1.0,flag(needs_mapping),RUB,https://smart-lab.ru/q/KZOS/f/y/ (←KZOS)
KZOSP,2025,capex,CAPEX_,,41100.0,,skip_empty(needs_mapping),RUB,https://smart-lab.ru/q/KZOS/f/y/ (←KZOS)
KZOSP,2024,fcf,FCF,-200.0,-429.0,2.145,flag(needs_mapping),RUB,https://smart-lab.ru/q/KZOS/f/y/ (←KZOS)
KZOSP,2025,fcf,FCF,,-15900.0,,skip_empty(needs_mapping),RUB,https://smart-lab.ru/q/KZOS/f/y/ (←KZOS)
LEAS,2024,revenue,revenue_mln,43011.9,41500.0,0.965,match,RUB,https://smart-lab.ru/q/LEAS/f/y/
LEAS,2025,revenue,revenue_mln,39900.0,39900.0,1.0,match,RUB,https://smart-lab.ru/q/LEAS/f/y/
LEAS,2024,net_income,net_profit_mln,14909.8,14900.0,0.999,match,RUB,https://smart-lab.ru/q/LEAS/f/y/
LEAS,2025,net_income,net_profit_mln,5130.0,5130.0,1.0,match,RUB,https://smart-lab.ru/q/LEAS/f/y/
LEAS,2024,assets,assets_mln,302075.7,302100.0,1.0,match,RUB,https://smart-lab.ru/q/LEAS/f/y/
LEAS,2025,assets,assets_mln,205300.0,205300.0,1.0,match,RUB,https://smart-lab.ru/q/LEAS/f/y/
LEAS,2024,net_assets,equity_mln,50616.3,50600.0,1.0,flag(needs_mapping),RUB,https://smart-lab.ru/q/LEAS/f/y/
LEAS,2025,net_assets,equity_mln,65900.0,42400.0,0.643,flag(needs_mapping),RUB,https://smart-lab.ru/q/LEAS/f/y/
LEAS,2024,debt,total_debt_mln,226700.0,226700.0,1.0,flag(needs_mapping),RUB,https://smart-lab.ru/q/LEAS/f/y/
LEAS,2025,debt,total_debt_mln,135900.0,135900.0,1.0,flag(needs_mapping),RUB,https://smart-lab.ru/q/LEAS/f/y/
LEAS,2024,net_debt,net_debt_mln,210900.0,210900.0,1.0,flag(needs_mapping),RUB,https://smart-lab.ru/q/LEAS/f/y/
LEAS,2025,net_debt,net_debt_mln,126700.0,126700.0,1.0,flag(needs_mapping),RUB,https://smart-lab.ru/q/LEAS/f/y/
LENT,2024,revenue,revenue_mln,888306.8,888300.0,1.0,match,RUB,https://smart-lab.ru/q/LENT/f/y/
LENT,2025,revenue,revenue_mln,1104000.0,1104000.0,1.0,match,RUB,https://smart-lab.ru/q/LENT/f/y/
LENT,2024,net_income,net_profit_mln,22463.4,22500.0,1.002,match,RUB,https://smart-lab.ru/q/LENT/f/y/
LENT,2025,net_income,net_profit_mln,34900.0,34900.0,1.0,match,RUB,https://smart-lab.ru/q/LENT/f/y/
LENT,2024,ebitda,ebitda_mln,85075.4,68100.0,0.8,flag(needs_mapping),RUB,https://smart-lab.ru/q/LENT/f/y/
LENT,2025,ebitda,ebitda_mln,,83700.0,,skip_empty(needs_mapping),RUB,https://smart-lab.ru/q/LENT/f/y/
LENT,2024,assets,assets_mln,495398.4,495400.0,1.0,match,RUB,https://smart-lab.ru/q/LENT/f/y/
LENT,2025,assets,assets_mln,604500.0,604500.0,1.0,match,RUB,https://smart-lab.ru/q/LENT/f/y/
LENT,2024,net_assets,equity_mln,148987.7,149000.0,1.0,flag(needs_mapping),RUB,https://smart-lab.ru/q/LENT/f/y/
LENT,2025,net_assets,equity_mln,229900.0,180100.0,0.783,flag(needs_mapping),RUB,https://smart-lab.ru/q/LENT/f/y/
LENT,2024,debt,total_debt_mln,107900.0,107900.0,1.0,flag(needs_mapping),RUB,https://smart-lab.ru/q/LENT/f/y/
LENT,2025,debt,total_debt_mln,,99900.0,,skip_empty(needs_mapping),RUB,https://smart-lab.ru/q/LENT/f/y/
LENT,2024,net_debt,net_debt_mln,152027.2,60900.0,0.401,flag(needs_mapping),RUB,https://smart-lab.ru/q/LENT/f/y/
LENT,2025,net_debt,net_debt_mln,0.0,48800.0,,flag(needs_mapping),RUB,https://smart-lab.ru/q/LENT/f/y/
LENT,2024,ocf,CFO_,62100.0,62100.0,1.0,flag(needs_mapping),RUB,https://smart-lab.ru/q/LENT/f/y/
LENT,2025,ocf,CFO_,,81100.0,,skip_empty(needs_mapping),RUB,https://smart-lab.ru/q/LENT/f/y/
LENT,2024,capex,CAPEX_,30400.0,30400.0,1.0,flag(needs_mapping),RUB,https://smart-lab.ru/q/LENT/f/y/
LENT,2025,capex,CAPEX_,,45700.0,,skip_empty(needs_mapping),RUB,https://smart-lab.ru/q/LENT/f/y/
LENT,2024,fcf,FCF,31700.0,31500.0,0.994,flag(needs_mapping),RUB,https://smart-lab.ru/q/LENT/f/y/
LENT,2025,fcf,FCF,,14300.0,,skip_empty(needs_mapping),RUB,https://smart-lab.ru/q/LENT/f/y/
LKOH,2024,revenue,revenue_mln,8621561.0,4421000.0,0.513,FLAG_DIVERGENCE,RUB,https://smart-lab.ru/q/LKOH/f/y/
LKOH,2025,revenue,revenue_mln,,3768000.0,,skip(col_diverged),RUB,https://smart-lab.ru/q/LKOH/f/y/
LKOH,2024,net_income,net_profit_mln,851546.0,792500.0,0.931,match,RUB,https://smart-lab.ru/q/LKOH/f/y/
LKOH,2025,net_income,net_profit_mln,92500.0,92500.0,1.0,match,RUB,https://smart-lab.ru/q/LKOH/f/y/
LKOH,2024,ebitda,ebitda_mln,1678971.0,1390000.0,0.828,flag(needs_mapping),RUB,https://smart-lab.ru/q/LKOH/f/y/
LKOH,2025,ebitda,ebitda_mln,,892100.0,,skip_empty(needs_mapping),RUB,https://smart-lab.ru/q/LKOH/f/y/
LKOH,2024,assets,assets_mln,9282619.0,9283000.0,1.0,match,RUB,https://smart-lab.ru/q/LKOH/f/y/
LKOH,2025,assets,assets_mln,5474000.0,5474000.0,1.0,match,RUB,https://smart-lab.ru/q/LKOH/f/y/
LKOH,2024,net_assets,equity_mln,6892008.0,6826000.0,0.99,flag(needs_mapping),RUB,https://smart-lab.ru/q/LKOH/f/y/
LKOH,2025,net_assets,equity_mln,,3358000.0,,skip_empty(needs_mapping),RUB,https://smart-lab.ru/q/LKOH/f/y/
LKOH,2024,debt,total_debt_mln,380000.0,380000.0,1.0,flag(needs_mapping),RUB,https://smart-lab.ru/q/LKOH/f/y/
LKOH,2025,debt,total_debt_mln,,318000.0,,skip_empty(needs_mapping),RUB,https://smart-lab.ru/q/LKOH/f/y/
LKOH,2024,net_debt,net_debt_mln,-1046258.0,-1146000.0,1.095,flag(needs_mapping),RUB,https://smart-lab.ru/q/LKOH/f/y/
LKOH,2025,net_debt,net_debt_mln,,-278600.0,,skip_empty(needs_mapping),RUB,https://smart-lab.ru/q/LKOH/f/y/
LKOH,2024,ocf,CFO_,1788172.0,1788000.0,1.0,flag(needs_mapping),RUB,https://smart-lab.ru/q/LKOH/f/y/
LKOH,2025,ocf,CFO_,,1415000.0,,skip_empty(needs_mapping),RUB,https://smart-lab.ru/q/LKOH/f/y/
LKOH,2024,capex,CAPEX_,779724.0,780000.0,1.0,flag(needs_mapping),RUB,https://smart-lab.ru/q/LKOH/f/y/
LKOH,2025,capex,CAPEX_,,774600.0,,skip_empty(needs_mapping),RUB,https://smart-lab.ru/q/LKOH/f/y/
LKOH,2024,fcf,FCF,1008448.0,979000.0,0.971,flag(needs_mapping),RUB,https://smart-lab.ru/q/LKOH/f/y/
LKOH,2025,fcf,FCF,,584900.0,,skip_empty(needs_mapping),RUB,https://smart-lab.ru/q/LKOH/f/y/
LMBZ,2024,revenue,revenue_mln,2750.2,2750.0,1.0,match,RUB,https://smart-lab.ru/q/LMBZ/f/y/
LMBZ,2025,revenue,revenue_mln,2780.0,2780.0,1.0,match,RUB,https://smart-lab.ru/q/LMBZ/f/y/
LMBZ,2024,net_income,net_profit_mln,268.6,269.0,1.001,match,RUB,https://smart-lab.ru/q/LMBZ/f/y/
LMBZ,2025,net_income,net_profit_mln,207.0,207.0,1.0,match,RUB,https://smart-lab.ru/q/LMBZ/f/y/
LMBZ,2024,ebitda,ebitda_mln,418.6,427.0,1.02,flag(needs_mapping),RUB,https://smart-lab.ru/q/LMBZ/f/y/
LMBZ,2025,ebitda,ebitda_mln,,300.0,,skip_empty(needs_mapping),RUB,https://smart-lab.ru/q/LMBZ/f/y/
LMBZ,2024,assets,assets_mln,2276.5,2280.0,1.002,match,RUB,https://smart-lab.ru/q/LMBZ/f/y/
LMBZ,2025,assets,assets_mln,2580.0,2580.0,1.0,match,RUB,https://smart-lab.ru/q/LMBZ/f/y/
LMBZ,2024,net_assets,equity_mln,1687.1,1690.0,1.002,flag(needs_mapping),RUB,https://smart-lab.ru/q/LMBZ/f/y/
LMBZ,2025,net_assets,equity_mln,,1820.0,,skip_empty(needs_mapping),RUB,https://smart-lab.ru/q/LMBZ/f/y/
LMBZ,2024,debt,total_debt_mln,,108.0,,skip_empty(needs_mapping),RUB,https://smart-lab.ru/q/LMBZ/f/y/
LMBZ,2025,debt,total_debt_mln,,301.0,,skip_empty(needs_mapping),RUB,https://smart-lab.ru/q/LMBZ/f/y/
LMBZ,2024,net_debt,net_debt_mln,-394.7,-400.0,1.014,flag(needs_mapping),RUB,https://smart-lab.ru/q/LMBZ/f/y/
LMBZ,2025,net_debt,net_debt_mln,,-90.0,,skip_empty(needs_mapping),RUB,https://smart-lab.ru/q/LMBZ/f/y/
LMBZ,2024,ocf,CFO_,97.7,98.0,1.003,flag(needs_mapping),RUB,https://smart-lab.ru/q/LMBZ/f/y/
LMBZ,2025,ocf,CFO_,,75.0,,skip_empty(needs_mapping),RUB,https://smart-lab.ru/q/LMBZ/f/y/
LMBZ,2024,capex,CAPEX_,51.4,51.0,0.991,flag(needs_mapping),RUB,https://smart-lab.ru/q/LMBZ/f/y/
LMBZ,2025,capex,CAPEX_,,210.0,,skip_empty(needs_mapping),RUB,https://smart-lab.ru/q/LMBZ/f/y/
LMBZ,2024,fcf,FCF,46.2,-84.0,-1.817,flag(needs_mapping),RUB,https://smart-lab.ru/q/LMBZ/f/y/
LMBZ,2025,fcf,FCF,,-143.0,,skip_empty(needs_mapping),RUB,https://smart-lab.ru/q/LMBZ/f/y/
LNTA,2024,revenue,revenue_mln,888306.8,888300.0,1.0,match,RUB,https://smart-lab.ru/q/LENT/f/y/
LNTA,2025,revenue,revenue_mln,,1104000.0,,FILL,RUB,https://smart-lab.ru/q/LENT/f/y/
LNTA,2024,net_income,net_profit_mln,22463.4,22500.0,1.002,match,RUB,https://smart-lab.ru/q/LENT/f/y/
LNTA,2025,net_income,net_profit_mln,,34900.0,,FILL,RUB,https://smart-lab.ru/q/LENT/f/y/
LNTA,2024,ebitda,ebitda_mln,88081.6,68100.0,0.773,flag(needs_mapping),RUB,https://smart-lab.ru/q/LENT/f/y/
LNTA,2025,ebitda,ebitda_mln,,83700.0,,skip_empty(needs_mapping),RUB,https://smart-lab.ru/q/LENT/f/y/
LNTA,2024,assets,assets_mln,495398.4,495400.0,1.0,match,RUB,https://smart-lab.ru/q/LENT/f/y/
LNTA,2025,assets,assets_mln,,604500.0,,FILL,RUB,https://smart-lab.ru/q/LENT/f/y/
LNTA,2024,net_assets,equity_mln,148987.7,149000.0,1.0,flag(needs_mapping),RUB,https://smart-lab.ru/q/LENT/f/y/
LNTA,2025,net_assets,equity_mln,,180100.0,,skip_empty(needs_mapping),RUB,https://smart-lab.ru/q/LENT/f/y/
LNTA,2024,debt,total_debt_mln,346410.7,107900.0,0.311,flag(needs_mapping),RUB,https://smart-lab.ru/q/LENT/f/y/
LNTA,2025,debt,total_debt_mln,,99900.0,,skip_empty(needs_mapping),RUB,https://smart-lab.ru/q/LENT/f/y/
LNTA,2024,net_debt,net_debt_mln,60893.2,60900.0,1.0,flag(needs_mapping),RUB,https://smart-lab.ru/q/LENT/f/y/
LNTA,2025,net_debt,net_debt_mln,,48800.0,,skip_empty(needs_mapping),RUB,https://smart-lab.ru/q/LENT/f/y/
LNTA,2024,ocf,CFO_,71019.1,62100.0,0.874,flag(needs_mapping),RUB,https://smart-lab.ru/q/LENT/f/y/
LNTA,2025,ocf,CFO_,,81100.0,,skip_empty(needs_mapping),RUB,https://smart-lab.ru/q/LENT/f/y/
LNTA,2024,capex,CAPEX_,30401.5,30400.0,1.0,flag(needs_mapping),RUB,https://smart-lab.ru/q/LENT/f/y/
LNTA,2025,capex,CAPEX_,,45700.0,,skip_empty(needs_mapping),RUB,https://smart-lab.ru/q/LENT/f/y/
LNTA,2024,fcf,FCF,40617.6,31500.0,0.776,flag(needs_mapping),RUB,https://smart-lab.ru/q/LENT/f/y/
LNTA,2025,fcf,FCF,,14300.0,,skip_empty(needs_mapping),RUB,https://smart-lab.ru/q/LENT/f/y/
LNZL,2024,revenue,revenue_mln,294.0,294.0,1.0,match,RUB,https://smart-lab.ru/q/LNZL/f/y/
LNZL,2024,net_income,net_profit_mln,48.0,48.0,1.0,match,RUB,https://smart-lab.ru/q/LNZL/f/y/
LNZL,2024,assets,assets_mln,527.0,527.0,1.0,match,RUB,https://smart-lab.ru/q/LNZL/f/y/
LNZL,2024,net_assets,equity_mln,,317.0,,skip_empty(needs_mapping),RUB,https://smart-lab.ru/q/LNZL/f/y/
LNZL,2024,debt,total_debt_mln,,99.0,,skip_empty(needs_mapping),RUB,https://smart-lab.ru/q/LNZL/f/y/
LNZL,2024,net_debt,net_debt_mln,,-420.0,,skip_empty(needs_mapping),RUB,https://smart-lab.ru/q/LNZL/f/y/
LNZL,2024,ocf,CFO_,77.0,77.0,1.0,flag(needs_mapping),RUB,https://smart-lab.ru/q/LNZL/f/y/
LNZL,2024,capex,CAPEX_,,0.0,,skip_empty(needs_mapping),RUB,https://smart-lab.ru/q/LNZL/f/y/
LNZL,2024,fcf,FCF,77.0,77.0,1.0,flag(needs_mapping),RUB,https://smart-lab.ru/q/LNZL/f/y/
LNZLP,2024,revenue,revenue_mln,,294.0,,FILL(no_overlap),RUB,https://smart-lab.ru/q/LNZL/f/y/ (←LNZL)
LNZLP,2024,net_income,net_profit_mln,48.0,48.0,1.0,match,RUB,https://smart-lab.ru/q/LNZL/f/y/ (←LNZL)
LNZLP,2024,assets,assets_mln,527.0,527.0,1.0,match,RUB,https://smart-lab.ru/q/LNZL/f/y/ (←LNZL)
LNZLP,2024,net_assets,equity_mln,317.0,317.0,1.0,flag(needs_mapping),RUB,https://smart-lab.ru/q/LNZL/f/y/ (←LNZL)
LNZLP,2024,debt,total_debt_mln,,99.0,,skip_empty(needs_mapping),RUB,https://smart-lab.ru/q/LNZL/f/y/ (←LNZL)
LNZLP,2024,net_debt,net_debt_mln,-415.0,-420.0,1.012,flag(needs_mapping),RUB,https://smart-lab.ru/q/LNZL/f/y/ (←LNZL)
LNZLP,2024,ocf,CFO_,77.0,77.0,1.0,flag(needs_mapping),RUB,https://smart-lab.ru/q/LNZL/f/y/ (←LNZL)
LNZLP,2024,capex,CAPEX_,0.0,0.0,,flag(needs_mapping),RUB,https://smart-lab.ru/q/LNZL/f/y/ (←LNZL)
LNZLP,2024,fcf,FCF,77.0,77.0,1.0,flag(needs_mapping),RUB,https://smart-lab.ru/q/LNZL/f/y/ (←LNZL)
LPSB,2024,revenue,revenue_mln,13618.3,13600.0,0.999,match,RUB,https://smart-lab.ru/q/LPSB/f/y/
LPSB,2025,revenue,revenue_mln,14700.0,14700.0,1.0,match,RUB,https://smart-lab.ru/q/LPSB/f/y/
LPSB,2024,net_income,net_profit_mln,443.6,444.0,1.001,match,RUB,https://smart-lab.ru/q/LPSB/f/y/
LPSB,2025,net_income,net_profit_mln,1450.0,1450.0,1.0,match,RUB,https://smart-lab.ru/q/LPSB/f/y/
LPSB,2024,ebitda,ebitda_mln,307.2,307.0,0.999,flag(needs_mapping),RUB,https://smart-lab.ru/q/LPSB/f/y/
LPSB,2025,ebitda,ebitda_mln,,1530.0,,skip_empty(needs_mapping),RUB,https://smart-lab.ru/q/LPSB/f/y/
LPSB,2024,assets,assets_mln,2211.5,2210.0,0.999,match,RUB,https://smart-lab.ru/q/LPSB/f/y/
LPSB,2025,assets,assets_mln,3770.0,3770.0,1.0,match,RUB,https://smart-lab.ru/q/LPSB/f/y/
LPSB,2024,net_assets,equity_mln,967.7,968.0,1.0,flag(needs_mapping),RUB,https://smart-lab.ru/q/LPSB/f/y/
LPSB,2025,net_assets,equity_mln,,2420.0,,skip_empty(needs_mapping),RUB,https://smart-lab.ru/q/LPSB/f/y/
LPSB,2024,debt,total_debt_mln,,0.0,,skip_empty(needs_mapping),RUB,https://smart-lab.ru/q/LPSB/f/y/
LPSB,2025,debt,total_debt_mln,,0.0,,skip_empty(needs_mapping),RUB,https://smart-lab.ru/q/LPSB/f/y/
LPSB,2024,net_debt,net_debt_mln,-920.5,-930.0,1.01,flag(needs_mapping),RUB,https://smart-lab.ru/q/LPSB/f/y/
LPSB,2025,net_debt,net_debt_mln,,-2110.0,,skip_empty(needs_mapping),RUB,https://smart-lab.ru/q/LPSB/f/y/
LPSB,2024,ocf,CFO_,823.5,795.0,0.965,flag(needs_mapping),RUB,https://smart-lab.ru/q/LPSB/f/y/
LPSB,2025,ocf,CFO_,,1030.0,,skip_empty(needs_mapping),RUB,https://smart-lab.ru/q/LPSB/f/y/
LPSB,2024,capex,CAPEX_,171.3,171.0,0.998,flag(needs_mapping),RUB,https://smart-lab.ru/q/LPSB/f/y/
LPSB,2025,capex,CAPEX_,,68.0,,skip_empty(needs_mapping),RUB,https://smart-lab.ru/q/LPSB/f/y/
LPSB,2024,fcf,FCF,652.2,875.0,1.342,flag(needs_mapping),RUB,https://smart-lab.ru/q/LPSB/f/y/
LPSB,2025,fcf,FCF,,1180.0,,skip_empty(needs_mapping),RUB,https://smart-lab.ru/q/LPSB/f/y/
LSNG,2024,revenue,revenue_mln,122720.2,122700.0,1.0,match,RUB,https://smart-lab.ru/q/LSNG/f/y/
LSNG,2025,revenue,revenue_mln,142900.0,143000.0,1.001,match,RUB,https://smart-lab.ru/q/LSNG/f/y/
LSNG,2024,net_income,net_profit_mln,21154.3,21200.0,1.002,match,RUB,https://smart-lab.ru/q/LSNG/f/y/
LSNG,2025,net_income,net_profit_mln,34500.0,35000.0,1.014,match,RUB,https://smart-lab.ru/q/LSNG/f/y/
LSNG,2024,ebitda,ebitda_mln,41768.0,66700.0,1.597,flag(needs_mapping),RUB,https://smart-lab.ru/q/LSNG/f/y/
LSNG,2025,ebitda,ebitda_mln,71200.0,77600.0,1.09,flag(needs_mapping),RUB,https://smart-lab.ru/q/LSNG/f/y/
LSNG,2024,assets,assets_mln,299209.5,299200.0,1.0,match,RUB,https://smart-lab.ru/q/LSNG/f/y/
LSNG,2025,assets,assets_mln,345700.0,345700.0,1.0,match,RUB,https://smart-lab.ru/q/LSNG/f/y/
LSNG,2024,net_assets,equity_mln,199187.9,199200.0,1.0,flag(needs_mapping),RUB,https://smart-lab.ru/q/LSNG/f/y/
LSNG,2025,net_assets,equity_mln,157900.0,228300.0,1.446,flag(needs_mapping),RUB,https://smart-lab.ru/q/LSNG/f/y/
LSNG,2024,debt,total_debt_mln,28200.0,28200.0,1.0,flag(needs_mapping),RUB,https://smart-lab.ru/q/LSNG/f/y/
LSNG,2025,debt,total_debt_mln,,28800.0,,skip_empty(needs_mapping),RUB,https://smart-lab.ru/q/LSNG/f/y/
LSNG,2024,net_debt,net_debt_mln,-9659.2,-9660.0,1.0,flag(needs_mapping),RUB,https://smart-lab.ru/q/LSNG/f/y/
LSNG,2025,net_debt,net_debt_mln,0.0,-20700.0,,flag(needs_mapping),RUB,https://smart-lab.ru/q/LSNG/f/y/
LSNG,2024,ocf,CFO_,60400.0,60400.0,1.0,flag(needs_mapping),RUB,https://smart-lab.ru/q/LSNG/f/y/
LSNG,2025,ocf,CFO_,,66500.0,,skip_empty(needs_mapping),RUB,https://smart-lab.ru/q/LSNG/f/y/
LSNG,2024,capex,CAPEX_,43400.0,43400.0,1.0,flag(needs_mapping),RUB,https://smart-lab.ru/q/LSNG/f/y/
LSNG,2025,capex,CAPEX_,,56600.0,,skip_empty(needs_mapping),RUB,https://smart-lab.ru/q/LSNG/f/y/
LSNG,2024,fcf,FCF,17000.0,21800.0,1.282,flag(needs_mapping),RUB,https://smart-lab.ru/q/LSNG/f/y/
LSNG,2025,fcf,FCF,,16200.0,,skip_empty(needs_mapping),RUB,https://smart-lab.ru/q/LSNG/f/y/
LSNGP,2024,revenue,revenue_mln,122720.2,122700.0,1.0,match,RUB,https://smart-lab.ru/q/LSNG/f/y/ (←LSNG)
LSNGP,2025,revenue,revenue_mln,,143000.0,,FILL,RUB,https://smart-lab.ru/q/LSNG/f/y/ (←LSNG)
LSNGP,2024,net_income,net_profit_mln,21154.3,21200.0,1.002,match,RUB,https://smart-lab.ru/q/LSNG/f/y/ (←LSNG)
LSNGP,2025,net_income,net_profit_mln,,35000.0,,FILL,RUB,https://smart-lab.ru/q/LSNG/f/y/ (←LSNG)
LSNGP,2024,ebitda,ebitda_mln,41768.0,66700.0,1.597,flag(needs_mapping),RUB,https://smart-lab.ru/q/LSNG/f/y/ (←LSNG)
LSNGP,2025,ebitda,ebitda_mln,,77600.0,,skip_empty(needs_mapping),RUB,https://smart-lab.ru/q/LSNG/f/y/ (←LSNG)
LSNGP,2024,assets,assets_mln,299209.5,299200.0,1.0,match,RUB,https://smart-lab.ru/q/LSNG/f/y/ (←LSNG)
LSNGP,2025,assets,assets_mln,,345700.0,,FILL,RUB,https://smart-lab.ru/q/LSNG/f/y/ (←LSNG)
LSNGP,2024,net_assets,equity_mln,199187.9,199200.0,1.0,flag(needs_mapping),RUB,https://smart-lab.ru/q/LSNG/f/y/ (←LSNG)
LSNGP,2025,net_assets,equity_mln,,228300.0,,skip_empty(needs_mapping),RUB,https://smart-lab.ru/q/LSNG/f/y/ (←LSNG)
LSNGP,2024,debt,total_debt_mln,,28200.0,,skip_empty(needs_mapping),RUB,https://smart-lab.ru/q/LSNG/f/y/ (←LSNG)
LSNGP,2025,debt,total_debt_mln,,28800.0,,skip_empty(needs_mapping),RUB,https://smart-lab.ru/q/LSNG/f/y/ (←LSNG)
LSNGP,2024,net_debt,net_debt_mln,-9659.2,-9660.0,1.0,flag(needs_mapping),RUB,https://smart-lab.ru/q/LSNG/f/y/ (←LSNG)
LSNGP,2025,net_debt,net_debt_mln,,-20700.0,,skip_empty(needs_mapping),RUB,https://smart-lab.ru/q/LSNG/f/y/ (←LSNG)
LSNGP,2024,ocf,CFO_,60441.9,60400.0,0.999,flag(needs_mapping),RUB,https://smart-lab.ru/q/LSNG/f/y/ (←LSNG)
LSNGP,2025,ocf,CFO_,,66500.0,,skip_empty(needs_mapping),RUB,https://smart-lab.ru/q/LSNG/f/y/ (←LSNG)
LSNGP,2024,capex,CAPEX_,43348.9,43400.0,1.001,flag(needs_mapping),RUB,https://smart-lab.ru/q/LSNG/f/y/ (←LSNG)
LSNGP,2025,capex,CAPEX_,,56600.0,,skip_empty(needs_mapping),RUB,https://smart-lab.ru/q/LSNG/f/y/ (←LSNG)
LSNGP,2024,fcf,FCF,17093.0,21800.0,1.275,flag(needs_mapping),RUB,https://smart-lab.ru/q/LSNG/f/y/ (←LSNG)
LSNGP,2025,fcf,FCF,,16200.0,,skip_empty(needs_mapping),RUB,https://smart-lab.ru/q/LSNG/f/y/ (←LSNG)
LSRG,2024,revenue,revenue_mln,239227.0,239200.0,1.0,match,RUB,https://smart-lab.ru/q/LSRG/f/y/
LSRG,2025,revenue,revenue_mln,252100.0,252100.0,1.0,match,RUB,https://smart-lab.ru/q/LSRG/f/y/
LSRG,2024,net_income,net_profit_mln,28598.0,28600.0,1.0,match,RUB,https://smart-lab.ru/q/LSRG/f/y/
LSRG,2025,net_income,net_profit_mln,10800.0,10800.0,1.0,match,RUB,https://smart-lab.ru/q/LSRG/f/y/
LSRG,2024,ebitda,ebitda_mln,67905.0,72200.0,1.063,flag(needs_mapping),RUB,https://smart-lab.ru/q/LSRG/f/y/
LSRG,2025,ebitda,ebitda_mln,,68400.0,,skip_empty(needs_mapping),RUB,https://smart-lab.ru/q/LSRG/f/y/
LSRG,2024,assets,assets_mln,548721.0,548700.0,1.0,match,RUB,https://smart-lab.ru/q/LSRG/f/y/
LSRG,2025,assets,assets_mln,659500.0,659500.0,1.0,match,RUB,https://smart-lab.ru/q/LSRG/f/y/
LSRG,2024,net_assets,equity_mln,140472.0,140400.0,0.999,flag(needs_mapping),RUB,https://smart-lab.ru/q/LSRG/f/y/
LSRG,2025,net_assets,equity_mln,66500.0,133400.0,2.006,flag(needs_mapping),RUB,https://smart-lab.ru/q/LSRG/f/y/
LSRG,2024,debt,total_debt_mln,257000.0,257000.0,1.0,flag(needs_mapping),RUB,https://smart-lab.ru/q/LSRG/f/y/
LSRG,2025,debt,total_debt_mln,,364100.0,,skip_empty(needs_mapping),RUB,https://smart-lab.ru/q/LSRG/f/y/
LSRG,2024,net_debt,net_debt_mln,210652.0,72800.0,0.346,flag(needs_mapping),RUB,https://smart-lab.ru/q/LSRG/f/y/
LSRG,2025,net_debt,net_debt_mln,0.0,118900.0,,flag(needs_mapping),RUB,https://smart-lab.ru/q/LSRG/f/y/
LSRG,2024,ocf,CFO_,-40108.0,-40100.0,1.0,flag(needs_mapping),RUB,https://smart-lab.ru/q/LSRG/f/y/
LSRG,2025,ocf,CFO_,,-109700.0,,skip_empty(needs_mapping),RUB,https://smart-lab.ru/q/LSRG/f/y/
LSRG,2024,capex,CAPEX_,18113.0,18100.0,0.999,flag(needs_mapping),RUB,https://smart-lab.ru/q/LSRG/f/y/
LSRG,2025,capex,CAPEX_,,32100.0,,skip_empty(needs_mapping),RUB,https://smart-lab.ru/q/LSRG/f/y/
LSRG,2024,fcf,FCF,-58221.0,-55500.0,0.953,flag(needs_mapping),RUB,https://smart-lab.ru/q/LSRG/f/y/
LSRG,2025,fcf,FCF,,-142900.0,,skip_empty(needs_mapping),RUB,https://smart-lab.ru/q/LSRG/f/y/
LVHK,2024,revenue,revenue_mln,1168.1,1170.0,1.002,match,RUB,https://smart-lab.ru/q/LVHK/f/y/
LVHK,2025,revenue,revenue_mln,1190.0,1190.0,1.0,match,RUB,https://smart-lab.ru/q/LVHK/f/y/
LVHK,2024,net_income,net_profit_mln,109.7,-17.0,-0.155,FLAG_DIVERGENCE,RUB,https://smart-lab.ru/q/LVHK/f/y/
LVHK,2025,net_income,net_profit_mln,,37.0,,skip(col_diverged),RUB,https://smart-lab.ru/q/LVHK/f/y/
LVHK,2024,ebitda,ebitda_mln,185.6,240.0,1.293,flag(needs_mapping),RUB,https://smart-lab.ru/q/LVHK/f/y/
LVHK,2025,ebitda,ebitda_mln,,184.0,,skip_empty(needs_mapping),RUB,https://smart-lab.ru/q/LVHK/f/y/
LVHK,2024,assets,assets_mln,1341.8,1340.0,0.999,match,RUB,https://smart-lab.ru/q/LVHK/f/y/
LVHK,2025,assets,assets_mln,1450.0,1450.0,1.0,match,RUB,https://smart-lab.ru/q/LVHK/f/y/
LVHK,2024,net_assets,equity_mln,890.5,891.0,1.001,flag(needs_mapping),RUB,https://smart-lab.ru/q/LVHK/f/y/
LVHK,2025,net_assets,equity_mln,,940.0,,skip_empty(needs_mapping),RUB,https://smart-lab.ru/q/LVHK/f/y/
LVHK,2024,debt,total_debt_mln,,252.0,,skip_empty(needs_mapping),RUB,https://smart-lab.ru/q/LVHK/f/y/
LVHK,2025,debt,total_debt_mln,,341.0,,skip_empty(needs_mapping),RUB,https://smart-lab.ru/q/LVHK/f/y/
LVHK,2024,net_debt,net_debt_mln,233.0,230.0,0.987,flag(needs_mapping),RUB,https://smart-lab.ru/q/LVHK/f/y/
LVHK,2025,net_debt,net_debt_mln,,320.0,,skip_empty(needs_mapping),RUB,https://smart-lab.ru/q/LVHK/f/y/
LVHK,2024,ocf,CFO_,56.0,56.0,1.0,flag(needs_mapping),RUB,https://smart-lab.ru/q/LVHK/f/y/
LVHK,2025,ocf,CFO_,,24.0,,skip_empty(needs_mapping),RUB,https://smart-lab.ru/q/LVHK/f/y/
LVHK,2024,capex,CAPEX_,86.0,86.0,1.0,flag(needs_mapping),RUB,https://smart-lab.ru/q/LVHK/f/y/
LVHK,2025,capex,CAPEX_,,81.0,,skip_empty(needs_mapping),RUB,https://smart-lab.ru/q/LVHK/f/y/
LVHK,2024,fcf,FCF,-30.0,-24.0,0.8,flag(needs_mapping),RUB,https://smart-lab.ru/q/LVHK/f/y/
LVHK,2025,fcf,FCF,,-53.0,,skip_empty(needs_mapping),RUB,https://smart-lab.ru/q/LVHK/f/y/
MAGE,2024,revenue,revenue_mln,14664.0,14700.0,1.002,match,RUB,https://smart-lab.ru/q/MAGE/f/y/
MAGE,2025,revenue,revenue_mln,23500.0,23500.0,1.0,match,RUB,https://smart-lab.ru/q/MAGE/f/y/
MAGE,2024,net_income,net_profit_mln,-3482.0,-3990.0,1.146,FLAG_DIVERGENCE,RUB,https://smart-lab.ru/q/MAGE/f/y/
MAGE,2025,net_income,net_profit_mln,,675.0,,skip(col_diverged),RUB,https://smart-lab.ru/q/MAGE/f/y/
MAGE,2024,ebitda,ebitda_mln,-1968.0,-1340.0,0.681,flag(needs_mapping),RUB,https://smart-lab.ru/q/MAGE/f/y/
MAGE,2025,ebitda,ebitda_mln,,4290.0,,skip_empty(needs_mapping),RUB,https://smart-lab.ru/q/MAGE/f/y/
MAGE,2024,assets,assets_mln,21335.0,20200.0,0.947,match,RUB,https://smart-lab.ru/q/MAGE/f/y/
MAGE,2025,assets,assets_mln,19600.0,19600.0,1.0,match,RUB,https://smart-lab.ru/q/MAGE/f/y/
MAGE,2024,net_assets,equity_mln,-1437.0,-3060.0,2.129,flag(needs_mapping),RUB,https://smart-lab.ru/q/MAGE/f/y/
MAGE,2025,net_assets,equity_mln,,-2360.0,,skip_empty(needs_mapping),RUB,https://smart-lab.ru/q/MAGE/f/y/
MAGE,2024,debt,total_debt_mln,,11000.0,,skip_empty(needs_mapping),RUB,https://smart-lab.ru/q/MAGE/f/y/
MAGE,2025,debt,total_debt_mln,,13900.0,,skip_empty(needs_mapping),RUB,https://smart-lab.ru/q/MAGE/f/y/
MAGE,2024,net_debt,net_debt_mln,12838.0,10600.0,0.826,flag(needs_mapping),RUB,https://smart-lab.ru/q/MAGE/f/y/
MAGE,2025,net_debt,net_debt_mln,,13400.0,,skip_empty(needs_mapping),RUB,https://smart-lab.ru/q/MAGE/f/y/
MAGE,2024,ocf,CFO_,5407.0,5410.0,1.001,flag(needs_mapping),RUB,https://smart-lab.ru/q/MAGE/f/y/
MAGE,2025,ocf,CFO_,,4000.0,,skip_empty(needs_mapping),RUB,https://smart-lab.ru/q/MAGE/f/y/
MAGE,2024,capex,CAPEX_,4828.0,4830.0,1.0,flag(needs_mapping),RUB,https://smart-lab.ru/q/MAGE/f/y/
MAGE,2025,capex,CAPEX_,,3130.0,,skip_empty(needs_mapping),RUB,https://smart-lab.ru/q/MAGE/f/y/
MAGE,2024,fcf,FCF,579.0,-2330.0,-4.024,flag(needs_mapping),RUB,https://smart-lab.ru/q/MAGE/f/y/
MAGE,2025,fcf,FCF,,-1860.0,,skip_empty(needs_mapping),RUB,https://smart-lab.ru/q/MAGE/f/y/
MAGEP,2024,revenue,revenue_mln,14664.0,14700.0,1.002,match,RUB,https://smart-lab.ru/q/MAGE/f/y/ (←MAGE)
MAGEP,2025,revenue,revenue_mln,,23500.0,,FILL,RUB,https://smart-lab.ru/q/MAGE/f/y/ (←MAGE)
MAGEP,2024,net_income,net_profit_mln,-3482.0,-3990.0,1.146,FLAG_DIVERGENCE,RUB,https://smart-lab.ru/q/MAGE/f/y/ (←MAGE)
MAGEP,2025,net_income,net_profit_mln,,675.0,,skip(col_diverged),RUB,https://smart-lab.ru/q/MAGE/f/y/ (←MAGE)
MAGEP,2024,ebitda,ebitda_mln,-1968.0,-1340.0,0.681,flag(needs_mapping),RUB,https://smart-lab.ru/q/MAGE/f/y/ (←MAGE)
MAGEP,2025,ebitda,ebitda_mln,,4290.0,,skip_empty(needs_mapping),RUB,https://smart-lab.ru/q/MAGE/f/y/ (←MAGE)
MAGEP,2024,assets,assets_mln,21335.0,20200.0,0.947,match,RUB,https://smart-lab.ru/q/MAGE/f/y/ (←MAGE)
MAGEP,2025,assets,assets_mln,,19600.0,,FILL,RUB,https://smart-lab.ru/q/MAGE/f/y/ (←MAGE)
MAGEP,2024,net_assets,equity_mln,-1437.0,-3060.0,2.129,flag(needs_mapping),RUB,https://smart-lab.ru/q/MAGE/f/y/ (←MAGE)
MAGEP,2025,net_assets,equity_mln,,-2360.0,,skip_empty(needs_mapping),RUB,https://smart-lab.ru/q/MAGE/f/y/ (←MAGE)
MAGEP,2024,debt,total_debt_mln,,11000.0,,skip_empty(needs_mapping),RUB,https://smart-lab.ru/q/MAGE/f/y/ (←MAGE)
MAGEP,2025,debt,total_debt_mln,,13900.0,,skip_empty(needs_mapping),RUB,https://smart-lab.ru/q/MAGE/f/y/ (←MAGE)
MAGEP,2024,net_debt,net_debt_mln,12838.0,10600.0,0.826,flag(needs_mapping),RUB,https://smart-lab.ru/q/MAGE/f/y/ (←MAGE)
MAGEP,2025,net_debt,net_debt_mln,,13400.0,,skip_empty(needs_mapping),RUB,https://smart-lab.ru/q/MAGE/f/y/ (←MAGE)
MAGEP,2024,ocf,CFO_,5407.0,5410.0,1.001,flag(needs_mapping),RUB,https://smart-lab.ru/q/MAGE/f/y/ (←MAGE)
MAGEP,2025,ocf,CFO_,,4000.0,,skip_empty(needs_mapping),RUB,https://smart-lab.ru/q/MAGE/f/y/ (←MAGE)
MAGEP,2024,capex,CAPEX_,4828.0,4830.0,1.0,flag(needs_mapping),RUB,https://smart-lab.ru/q/MAGE/f/y/ (←MAGE)
MAGEP,2025,capex,CAPEX_,,3130.0,,skip_empty(needs_mapping),RUB,https://smart-lab.ru/q/MAGE/f/y/ (←MAGE)
MAGEP,2024,fcf,FCF,579.0,-2330.0,-4.024,flag(needs_mapping),RUB,https://smart-lab.ru/q/MAGE/f/y/ (←MAGE)
MAGEP,2025,fcf,FCF,,-1860.0,,skip_empty(needs_mapping),RUB,https://smart-lab.ru/q/MAGE/f/y/ (←MAGE)
MAGN,2024,revenue,revenue_mln,768466.0,768500.0,1.0,match,RUB,https://smart-lab.ru/q/MAGN/f/y/
MAGN,2025,revenue,revenue_mln,609900.0,609900.0,1.0,match,RUB,https://smart-lab.ru/q/MAGN/f/y/
MAGN,2024,net_income,net_profit_mln,79740.0,79900.0,1.002,match,RUB,https://smart-lab.ru/q/MAGN/f/y/
MAGN,2025,net_income,net_profit_mln,-14100.0,-14100.0,1.0,match,RUB,https://smart-lab.ru/q/MAGN/f/y/
MAGN,2024,ebitda,ebitda_mln,149423.0,153000.0,1.024,flag(needs_mapping),RUB,https://smart-lab.ru/q/MAGN/f/y/
MAGN,2025,ebitda,ebitda_mln,80800.0,80800.0,1.0,flag(needs_mapping),RUB,https://smart-lab.ru/q/MAGN/f/y/
MAGN,2024,assets,assets_mln,913176.0,913200.0,1.0,match,RUB,https://smart-lab.ru/q/MAGN/f/y/
MAGN,2025,assets,assets_mln,877900.0,877900.0,1.0,match,RUB,https://smart-lab.ru/q/MAGN/f/y/
MAGN,2024,net_assets,equity_mln,689812.0,688600.0,0.998,flag(needs_mapping),RUB,https://smart-lab.ru/q/MAGN/f/y/
MAGN,2025,net_assets,equity_mln,319900.0,664500.0,2.077,flag(needs_mapping),RUB,https://smart-lab.ru/q/MAGN/f/y/
MAGN,2024,debt,total_debt_mln,47300.0,47300.0,1.0,flag(needs_mapping),RUB,https://smart-lab.ru/q/MAGN/f/y/
MAGN,2025,debt,total_debt_mln,38300.0,38300.0,1.0,flag(needs_mapping),RUB,https://smart-lab.ru/q/MAGN/f/y/
MAGN,2024,net_debt,net_debt_mln,-65005.0,-75500.0,1.161,flag(needs_mapping),RUB,https://smart-lab.ru/q/MAGN/f/y/
MAGN,2025,net_debt,net_debt_mln,-82200.0,-82200.0,1.0,flag(needs_mapping),RUB,https://smart-lab.ru/q/MAGN/f/y/
MAGN,2024,ocf,CFO_,113500.0,113500.0,1.0,flag(needs_mapping),RUB,https://smart-lab.ru/q/MAGN/f/y/
MAGN,2025,ocf,CFO_,80500.0,80500.0,1.0,flag(needs_mapping),RUB,https://smart-lab.ru/q/MAGN/f/y/
MAGN,2024,capex,CAPEX_,101200.0,101200.0,1.0,flag(needs_mapping),RUB,https://smart-lab.ru/q/MAGN/f/y/
MAGN,2025,capex,CAPEX_,89900.0,89900.0,1.0,flag(needs_mapping),RUB,https://smart-lab.ru/q/MAGN/f/y/
MAGN,2024,fcf,FCF,12300.0,30000.0,2.439,flag(needs_mapping),RUB,https://smart-lab.ru/q/MAGN/f/y/
MAGN,2025,fcf,FCF,5110.0,5110.0,1.0,flag(needs_mapping),RUB,https://smart-lab.ru/q/MAGN/f/y/
MBNK,2024,net_income,net_profit_mln,12370.5,12400.0,1.002,match,RUB,https://smart-lab.ru/q/MBNK/f/y/
MBNK,2025,net_income,net_profit_mln,14400.0,14400.0,1.0,match,RUB,https://smart-lab.ru/q/MBNK/f/y/
MDMG,2024,revenue,revenue_mln,33121.9,33100.0,0.999,match,RUB,https://smart-lab.ru/q/MDMG/f/y/
MDMG,2025,revenue,revenue_mln,43500.0,43500.0,1.0,match,RUB,https://smart-lab.ru/q/MDMG/f/y/
MDMG,2024,net_income,net_profit_mln,10175.1,9930.0,0.976,match,RUB,https://smart-lab.ru/q/MDMG/f/y/
MDMG,2025,net_income,net_profit_mln,10800.0,10800.0,1.0,match,RUB,https://smart-lab.ru/q/MDMG/f/y/
MDMG,2024,ebitda,ebitda_mln,11027.4,10700.0,0.97,flag(needs_mapping),RUB,https://smart-lab.ru/q/MDMG/f/y/
MDMG,2025,ebitda,ebitda_mln,,13600.0,,skip_empty(needs_mapping),RUB,https://smart-lab.ru/q/MDMG/f/y/
MDMG,2024,assets,assets_mln,38961.4,39000.0,1.001,match,RUB,https://smart-lab.ru/q/MDMG/f/y/
MDMG,2025,assets,assets_mln,49600.0,49600.0,1.0,match,RUB,https://smart-lab.ru/q/MDMG/f/y/
MDMG,2024,net_assets,equity_mln,30764.8,30600.0,0.995,flag(needs_mapping),RUB,https://smart-lab.ru/q/MDMG/f/y/
MDMG,2025,net_assets,equity_mln,112500.0,36500.0,0.324,flag(needs_mapping),RUB,https://smart-lab.ru/q/MDMG/f/y/
MDMG,2024,debt,total_debt_mln,0.0,0.0,,flag(needs_mapping),RUB,https://smart-lab.ru/q/MDMG/f/y/
MDMG,2025,debt,total_debt_mln,,0.0,,skip_empty(needs_mapping),RUB,https://smart-lab.ru/q/MDMG/f/y/
MDMG,2024,net_debt,net_debt_mln,-4650.0,-6050.0,1.301,flag(needs_mapping),RUB,https://smart-lab.ru/q/MDMG/f/y/
MDMG,2025,net_debt,net_debt_mln,0.0,-2730.0,,flag(needs_mapping),RUB,https://smart-lab.ru/q/MDMG/f/y/
MDMG,2024,ocf,CFO_,11100.0,11100.0,1.0,flag(needs_mapping),RUB,https://smart-lab.ru/q/MDMG/f/y/
MDMG,2025,ocf,CFO_,,13900.0,,skip_empty(needs_mapping),RUB,https://smart-lab.ru/q/MDMG/f/y/
MDMG,2024,capex,CAPEX_,2270.0,2270.0,1.0,flag(needs_mapping),RUB,https://smart-lab.ru/q/MDMG/f/y/
MDMG,2025,capex,CAPEX_,4270.0,4270.0,1.0,flag(needs_mapping),RUB,https://smart-lab.ru/q/MDMG/f/y/
MDMG,2024,fcf,FCF,8830.0,9640.0,1.092,flag(needs_mapping),RUB,https://smart-lab.ru/q/MDMG/f/y/
MDMG,2025,fcf,FCF,,10100.0,,skip_empty(needs_mapping),RUB,https://smart-lab.ru/q/MDMG/f/y/
MGKL,2024,revenue,revenue_mln,8702.5,8700.0,1.0,match,RUB,https://smart-lab.ru/q/MGKL/f/y/
MGKL,2025,revenue,revenue_mln,32600.0,32000.0,0.982,match,RUB,https://smart-lab.ru/q/MGKL/f/y/
MGKL,2024,net_income,net_profit_mln,393.4,393.0,0.999,match,RUB,https://smart-lab.ru/q/MGKL/f/y/
MGKL,2025,net_income,net_profit_mln,724.0,724.0,1.0,match,RUB,https://smart-lab.ru/q/MGKL/f/y/
MGKL,2024,ebitda,ebitda_mln,,1180.0,,skip_empty(needs_mapping),RUB,https://smart-lab.ru/q/MGKL/f/y/
MGKL,2025,ebitda,ebitda_mln,,2300.0,,skip_empty(needs_mapping),RUB,https://smart-lab.ru/q/MGKL/f/y/
MGKL,2024,assets,assets_mln,4908.8,4910.0,1.0,match,RUB,https://smart-lab.ru/q/MGKL/f/y/
MGKL,2025,assets,assets_mln,10400.0,10400.0,1.0,match,RUB,https://smart-lab.ru/q/MGKL/f/y/
MGKL,2024,net_assets,equity_mln,1055.4,1060.0,1.004,flag(needs_mapping),RUB,https://smart-lab.ru/q/MGKL/f/y/
MGKL,2025,net_assets,equity_mln,3340.0,1770.0,0.53,flag(needs_mapping),RUB,https://smart-lab.ru/q/MGKL/f/y/
MGKL,2024,debt,total_debt_mln,,2600.0,,skip_empty(needs_mapping),RUB,https://smart-lab.ru/q/MGKL/f/y/
MGKL,2025,debt,total_debt_mln,,5900.0,,skip_empty(needs_mapping),RUB,https://smart-lab.ru/q/MGKL/f/y/
MGKL,2024,net_debt,net_debt_mln,,1590.0,,skip_empty(needs_mapping),RUB,https://smart-lab.ru/q/MGKL/f/y/
MGKL,2025,net_debt,net_debt_mln,0.0,1310.0,,flag(needs_mapping),RUB,https://smart-lab.ru/q/MGKL/f/y/
MGKL,2024,ocf,CFO_,625.0,625.0,1.0,flag(needs_mapping),RUB,https://smart-lab.ru/q/MGKL/f/y/
MGKL,2025,ocf,CFO_,,2490.0,,skip_empty(needs_mapping),RUB,https://smart-lab.ru/q/MGKL/f/y/
MGKL,2024,capex,CAPEX_,109.0,109.0,1.0,flag(needs_mapping),RUB,https://smart-lab.ru/q/MGKL/f/y/
MGKL,2025,capex,CAPEX_,,124.0,,skip_empty(needs_mapping),RUB,https://smart-lab.ru/q/MGKL/f/y/
MGKL,2024,fcf,FCF,516.0,398.0,0.771,flag(needs_mapping),RUB,https://smart-lab.ru/q/MGKL/f/y/
MGKL,2025,fcf,FCF,,2130.0,,skip_empty(needs_mapping),RUB,https://smart-lab.ru/q/MGKL/f/y/
MGNT,2024,revenue,revenue_mln,3043433.5,3043000.0,1.0,match,RUB,https://smart-lab.ru/q/MGNT/f/y/
MGNT,2025,revenue,revenue_mln,3509000.0,3509000.0,1.0,match,RUB,https://smart-lab.ru/q/MGNT/f/y/
MGNT,2024,net_income,net_profit_mln,44333.8,44100.0,0.995,match,RUB,https://smart-lab.ru/q/MGNT/f/y/
MGNT,2025,net_income,net_profit_mln,-30900.0,-30900.0,1.0,match,RUB,https://smart-lab.ru/q/MGNT/f/y/
MGNT,2024,ebitda,ebitda_mln,292588.7,171900.0,0.588,flag(needs_mapping),RUB,https://smart-lab.ru/q/MGNT/f/y/
MGNT,2025,ebitda,ebitda_mln,,169300.0,,skip_empty(needs_mapping),RUB,https://smart-lab.ru/q/MGNT/f/y/
MGNT,2024,assets,assets_mln,1563913.8,1564000.0,1.0,match,RUB,https://smart-lab.ru/q/MGNT/f/y/
MGNT,2025,assets,assets_mln,1951000.0,1951000.0,1.0,match,RUB,https://smart-lab.ru/q/MGNT/f/y/
MGNT,2024,net_assets,equity_mln,181313.6,174300.0,0.961,flag(needs_mapping),RUB,https://smart-lab.ru/q/MGNT/f/y/
MGNT,2025,net_assets,equity_mln,,142400.0,,skip_empty(needs_mapping),RUB,https://smart-lab.ru/q/MGNT/f/y/
MGNT,2024,debt,total_debt_mln,32475.0,412000.0,12.687,flag(needs_mapping),RUB,https://smart-lab.ru/q/MGNT/f/y/
MGNT,2025,debt,total_debt_mln,,745700.0,,skip_empty(needs_mapping),RUB,https://smart-lab.ru/q/MGNT/f/y/
MGNT,2024,net_debt,net_debt_mln,788908.2,252500.0,0.32,flag(needs_mapping),RUB,https://smart-lab.ru/q/MGNT/f/y/
MGNT,2025,net_debt,net_debt_mln,,501200.0,,skip_empty(needs_mapping),RUB,https://smart-lab.ru/q/MGNT/f/y/
MGNT,2024,ocf,CFO_,194700.0,194700.0,1.0,flag(needs_mapping),RUB,https://smart-lab.ru/q/MGNT/f/y/
MGNT,2025,ocf,CFO_,,45000.0,,skip_empty(needs_mapping),RUB,https://smart-lab.ru/q/MGNT/f/y/
MGNT,2024,capex,CAPEX_,157400.0,157400.0,1.0,flag(needs_mapping),RUB,https://smart-lab.ru/q/MGNT/f/y/
MGNT,2025,capex,CAPEX_,,186400.0,,skip_empty(needs_mapping),RUB,https://smart-lab.ru/q/MGNT/f/y/
MGNT,2024,fcf,FCF,37300.0,-11000.0,-0.295,flag(needs_mapping),RUB,https://smart-lab.ru/q/MGNT/f/y/
MGNT,2025,fcf,FCF,,-211000.0,,skip_empty(needs_mapping),RUB,https://smart-lab.ru/q/MGNT/f/y/
MGTS,2024,revenue,revenue_mln,44809.0,44800.0,1.0,match,RUB,https://smart-lab.ru/q/MGTS/f/y/
MGTS,2025,revenue,revenue_mln,48600.0,48600.0,1.0,match,RUB,https://smart-lab.ru/q/MGTS/f/y/
MGTS,2024,net_income,net_profit_mln,24520.0,24500.0,0.999,match,RUB,https://smart-lab.ru/q/MGTS/f/y/
MGTS,2025,net_income,net_profit_mln,28700.0,28700.0,1.0,match,RUB,https://smart-lab.ru/q/MGTS/f/y/
MGTS,2024,ebitda,ebitda_mln,24620.0,24000.0,0.975,flag(needs_mapping),RUB,https://smart-lab.ru/q/MGTS/f/y/
MGTS,2025,ebitda,ebitda_mln,,25700.0,,skip_empty(needs_mapping),RUB,https://smart-lab.ru/q/MGTS/f/y/
MGTS,2024,assets,assets_mln,191697.0,191700.0,1.0,match,RUB,https://smart-lab.ru/q/MGTS/f/y/
MGTS,2025,assets,assets_mln,227500.0,227500.0,1.0,match,RUB,https://smart-lab.ru/q/MGTS/f/y/
MGTS,2024,net_assets,equity_mln,158794.0,158200.0,0.996,flag(needs_mapping),RUB,https://smart-lab.ru/q/MGTS/f/y/
MGTS,2025,net_assets,equity_mln,,192100.0,,skip_empty(needs_mapping),RUB,https://smart-lab.ru/q/MGTS/f/y/
MGTS,2024,debt,total_debt_mln,0.0,0.0,,flag(needs_mapping),RUB,https://smart-lab.ru/q/MGTS/f/y/
MGTS,2025,debt,total_debt_mln,,1350.0,,skip_empty(needs_mapping),RUB,https://smart-lab.ru/q/MGTS/f/y/
MGTS,2024,net_debt,net_debt_mln,9120.0,-550.0,-0.06,flag(needs_mapping),RUB,https://smart-lab.ru/q/MGTS/f/y/
MGTS,2025,net_debt,net_debt_mln,,640.0,,skip_empty(needs_mapping),RUB,https://smart-lab.ru/q/MGTS/f/y/
MGTS,2024,ocf,CFO_,16573.0,16600.0,1.002,flag(needs_mapping),RUB,https://smart-lab.ru/q/MGTS/f/y/
MGTS,2025,ocf,CFO_,,21500.0,,skip_empty(needs_mapping),RUB,https://smart-lab.ru/q/MGTS/f/y/
MGTS,2024,capex,CAPEX_,6937.0,6940.0,1.0,flag(needs_mapping),RUB,https://smart-lab.ru/q/MGTS/f/y/
MGTS,2025,capex,CAPEX_,,6360.0,,skip_empty(needs_mapping),RUB,https://smart-lab.ru/q/MGTS/f/y/
MGTS,2024,fcf,FCF,9636.0,9800.0,1.017,flag(needs_mapping),RUB,https://smart-lab.ru/q/MGTS/f/y/
MGTS,2025,fcf,FCF,,14300.0,,skip_empty(needs_mapping),RUB,https://smart-lab.ru/q/MGTS/f/y/
MGTSP,2024,revenue,revenue_mln,44809.0,44800.0,1.0,match,RUB,https://smart-lab.ru/q/MGTS/f/y/ (←MGTS)
MGTSP,2025,revenue,revenue_mln,,48600.0,,FILL,RUB,https://smart-lab.ru/q/MGTS/f/y/ (←MGTS)
MGTSP,2024,net_income,net_profit_mln,24520.0,24500.0,0.999,match,RUB,https://smart-lab.ru/q/MGTS/f/y/ (←MGTS)
MGTSP,2025,net_income,net_profit_mln,,28700.0,,FILL,RUB,https://smart-lab.ru/q/MGTS/f/y/ (←MGTS)
MGTSP,2024,ebitda,ebitda_mln,24620.0,24000.0,0.975,flag(needs_mapping),RUB,https://smart-lab.ru/q/MGTS/f/y/ (←MGTS)
MGTSP,2025,ebitda,ebitda_mln,,25700.0,,skip_empty(needs_mapping),RUB,https://smart-lab.ru/q/MGTS/f/y/ (←MGTS)
MGTSP,2024,assets,assets_mln,191697.0,191700.0,1.0,match,RUB,https://smart-lab.ru/q/MGTS/f/y/ (←MGTS)
MGTSP,2025,assets,assets_mln,,227500.0,,FILL,RUB,https://smart-lab.ru/q/MGTS/f/y/ (←MGTS)
MGTSP,2024,net_assets,equity_mln,158794.0,158200.0,0.996,flag(needs_mapping),RUB,https://smart-lab.ru/q/MGTS/f/y/ (←MGTS)
MGTSP,2025,net_assets,equity_mln,,192100.0,,skip_empty(needs_mapping),RUB,https://smart-lab.ru/q/MGTS/f/y/ (←MGTS)
MGTSP,2024,debt,total_debt_mln,,0.0,,skip_empty(needs_mapping),RUB,https://smart-lab.ru/q/MGTS/f/y/ (←MGTS)
MGTSP,2025,debt,total_debt_mln,,1350.0,,skip_empty(needs_mapping),RUB,https://smart-lab.ru/q/MGTS/f/y/ (←MGTS)
MGTSP,2024,net_debt,net_debt_mln,9120.0,-550.0,-0.06,flag(needs_mapping),RUB,https://smart-lab.ru/q/MGTS/f/y/ (←MGTS)
MGTSP,2025,net_debt,net_debt_mln,,640.0,,skip_empty(needs_mapping),RUB,https://smart-lab.ru/q/MGTS/f/y/ (←MGTS)
MGTSP,2024,ocf,CFO_,16573.0,16600.0,1.002,flag(needs_mapping),RUB,https://smart-lab.ru/q/MGTS/f/y/ (←MGTS)
MGTSP,2025,ocf,CFO_,,21500.0,,skip_empty(needs_mapping),RUB,https://smart-lab.ru/q/MGTS/f/y/ (←MGTS)
MGTSP,2024,capex,CAPEX_,6937.0,6940.0,1.0,flag(needs_mapping),RUB,https://smart-lab.ru/q/MGTS/f/y/ (←MGTS)
MGTSP,2025,capex,CAPEX_,,6360.0,,skip_empty(needs_mapping),RUB,https://smart-lab.ru/q/MGTS/f/y/ (←MGTS)
MGTSP,2024,fcf,FCF,9636.0,9800.0,1.017,flag(needs_mapping),RUB,https://smart-lab.ru/q/MGTS/f/y/ (←MGTS)
MGTSP,2025,fcf,FCF,,14300.0,,skip_empty(needs_mapping),RUB,https://smart-lab.ru/q/MGTS/f/y/ (←MGTS)
MISB,2024,revenue,revenue_mln,9477.7,9480.0,1.0,match,RUB,https://smart-lab.ru/q/MISB/f/y/
MISB,2025,revenue,revenue_mln,10600.0,10600.0,1.0,match,RUB,https://smart-lab.ru/q/MISB/f/y/
MISB,2024,net_income,net_profit_mln,1058.2,1060.0,1.002,match,RUB,https://smart-lab.ru/q/MISB/f/y/
MISB,2025,net_income,net_profit_mln,992.0,992.0,1.0,match,RUB,https://smart-lab.ru/q/MISB/f/y/
MISB,2024,ebitda,ebitda_mln,941.1,941.0,1.0,flag(needs_mapping),RUB,https://smart-lab.ru/q/MISB/f/y/
MISB,2025,ebitda,ebitda_mln,,890.0,,skip_empty(needs_mapping),RUB,https://smart-lab.ru/q/MISB/f/y/
MISB,2024,assets,assets_mln,5126.3,5100.0,0.995,match,RUB,https://smart-lab.ru/q/MISB/f/y/
MISB,2025,assets,assets_mln,7030.0,7030.0,1.0,match,RUB,https://smart-lab.ru/q/MISB/f/y/
MISB,2024,net_assets,equity_mln,3763.0,3760.0,0.999,flag(needs_mapping),RUB,https://smart-lab.ru/q/MISB/f/y/
MISB,2025,net_assets,equity_mln,,5320.0,,skip_empty(needs_mapping),RUB,https://smart-lab.ru/q/MISB/f/y/
MISB,2024,debt,total_debt_mln,,13.0,,skip_empty(needs_mapping),RUB,https://smart-lab.ru/q/MISB/f/y/
MISB,2025,debt,total_debt_mln,,14.0,,skip_empty(needs_mapping),RUB,https://smart-lab.ru/q/MISB/f/y/
MISB,2024,net_debt,net_debt_mln,-1530.0,-1530.0,1.0,flag(needs_mapping),RUB,https://smart-lab.ru/q/MISB/f/y/
MISB,2025,net_debt,net_debt_mln,,-2030.0,,skip_empty(needs_mapping),RUB,https://smart-lab.ru/q/MISB/f/y/
MISB,2024,ocf,CFO_,658.2,658.0,1.0,flag(needs_mapping),RUB,https://smart-lab.ru/q/MISB/f/y/
MISB,2025,ocf,CFO_,,497.0,,skip_empty(needs_mapping),RUB,https://smart-lab.ru/q/MISB/f/y/
MISB,2024,capex,CAPEX_,68.1,68.0,0.998,flag(needs_mapping),RUB,https://smart-lab.ru/q/MISB/f/y/
MISB,2025,capex,CAPEX_,,90.0,,skip_empty(needs_mapping),RUB,https://smart-lab.ru/q/MISB/f/y/
MISB,2024,fcf,FCF,590.1,802.0,1.359,flag(needs_mapping),RUB,https://smart-lab.ru/q/MISB/f/y/
MISB,2025,fcf,FCF,,937.0,,skip_empty(needs_mapping),RUB,https://smart-lab.ru/q/MISB/f/y/
MISBP,2024,revenue,revenue_mln,9477.7,9480.0,1.0,match,RUB,https://smart-lab.ru/q/MISB/f/y/ (←MISB)
MISBP,2025,revenue,revenue_mln,,10600.0,,FILL,RUB,https://smart-lab.ru/q/MISB/f/y/ (←MISB)
MISBP,2024,net_income,net_profit_mln,1058.2,1060.0,1.002,match,RUB,https://smart-lab.ru/q/MISB/f/y/ (←MISB)
MISBP,2025,net_income,net_profit_mln,,992.0,,FILL,RUB,https://smart-lab.ru/q/MISB/f/y/ (←MISB)
MISBP,2024,ebitda,ebitda_mln,941.1,941.0,1.0,flag(needs_mapping),RUB,https://smart-lab.ru/q/MISB/f/y/ (←MISB)
MISBP,2025,ebitda,ebitda_mln,,890.0,,skip_empty(needs_mapping),RUB,https://smart-lab.ru/q/MISB/f/y/ (←MISB)
MISBP,2024,assets,assets_mln,5126.3,5100.0,0.995,match,RUB,https://smart-lab.ru/q/MISB/f/y/ (←MISB)
MISBP,2025,assets,assets_mln,,7030.0,,FILL,RUB,https://smart-lab.ru/q/MISB/f/y/ (←MISB)
MISBP,2024,net_assets,equity_mln,3763.0,3760.0,0.999,flag(needs_mapping),RUB,https://smart-lab.ru/q/MISB/f/y/ (←MISB)
MISBP,2025,net_assets,equity_mln,,5320.0,,skip_empty(needs_mapping),RUB,https://smart-lab.ru/q/MISB/f/y/ (←MISB)
MISBP,2024,debt,total_debt_mln,,13.0,,skip_empty(needs_mapping),RUB,https://smart-lab.ru/q/MISB/f/y/ (←MISB)
MISBP,2025,debt,total_debt_mln,,14.0,,skip_empty(needs_mapping),RUB,https://smart-lab.ru/q/MISB/f/y/ (←MISB)
MISBP,2024,net_debt,net_debt_mln,-1530.0,-1530.0,1.0,flag(needs_mapping),RUB,https://smart-lab.ru/q/MISB/f/y/ (←MISB)
MISBP,2025,net_debt,net_debt_mln,,-2030.0,,skip_empty(needs_mapping),RUB,https://smart-lab.ru/q/MISB/f/y/ (←MISB)
MISBP,2024,ocf,CFO_,658.2,658.0,1.0,flag(needs_mapping),RUB,https://smart-lab.ru/q/MISB/f/y/ (←MISB)
MISBP,2025,ocf,CFO_,,497.0,,skip_empty(needs_mapping),RUB,https://smart-lab.ru/q/MISB/f/y/ (←MISB)
MISBP,2024,capex,CAPEX_,68.1,68.0,0.998,flag(needs_mapping),RUB,https://smart-lab.ru/q/MISB/f/y/ (←MISB)
MISBP,2025,capex,CAPEX_,,90.0,,skip_empty(needs_mapping),RUB,https://smart-lab.ru/q/MISB/f/y/ (←MISB)
MISBP,2024,fcf,FCF,590.1,802.0,1.359,flag(needs_mapping),RUB,https://smart-lab.ru/q/MISB/f/y/ (←MISB)
MISBP,2025,fcf,FCF,,937.0,,skip_empty(needs_mapping),RUB,https://smart-lab.ru/q/MISB/f/y/ (←MISB)
MOEX,2024,revenue,revenue_mln,145093.0,145100.0,1.0,match,RUB,https://smart-lab.ru/q/MOEX/f/y/
MOEX,2025,revenue,revenue_mln,129000.0,129000.0,1.0,match,RUB,https://smart-lab.ru/q/MOEX/f/y/
MOEX,2024,net_income,net_profit_mln,79247.6,80100.0,1.011,match,RUB,https://smart-lab.ru/q/MOEX/f/y/
MOEX,2025,net_income,net_profit_mln,57700.0,57700.0,1.0,match,RUB,https://smart-lab.ru/q/MOEX/f/y/
MOEX,2024,ebitda,ebitda_mln,103200.0,104300.0,1.011,flag(needs_mapping),RUB,https://smart-lab.ru/q/MOEX/f/y/
MOEX,2025,ebitda,ebitda_mln,,84900.0,,skip_empty(needs_mapping),RUB,https://smart-lab.ru/q/MOEX/f/y/
MOEX,2024,assets,assets_mln,12092628.5,12093000.0,1.0,match,RUB,https://smart-lab.ru/q/MOEX/f/y/
MOEX,2025,assets,assets_mln,13028000.0,13028000.0,1.0,match,RUB,https://smart-lab.ru/q/MOEX/f/y/
MOEX,2024,net_assets,equity_mln,261898.3,261500.0,0.998,flag(needs_mapping),RUB,https://smart-lab.ru/q/MOEX/f/y/
MOEX,2025,net_assets,equity_mln,,269100.0,,skip_empty(needs_mapping),RUB,https://smart-lab.ru/q/MOEX/f/y/
MOEX,2024,net_debt,net_debt_mln,-87030.8,0.0,,flag(needs_mapping),RUB,https://smart-lab.ru/q/MOEX/f/y/
MOEX,2025,net_debt,net_debt_mln,,0.0,,skip_empty(needs_mapping),RUB,https://smart-lab.ru/q/MOEX/f/y/
MOEX,2024,ocf,CFO_,546900.0,546900.0,1.0,flag(needs_mapping),RUB,https://smart-lab.ru/q/MOEX/f/y/
MOEX,2025,ocf,CFO_,,111100.0,,skip_empty(needs_mapping),RUB,https://smart-lab.ru/q/MOEX/f/y/
MOEX,2024,capex,CAPEX_,12200.0,12200.0,1.0,flag(needs_mapping),RUB,https://smart-lab.ru/q/MOEX/f/y/
MOEX,2025,capex,CAPEX_,,13600.0,,skip_empty(needs_mapping),RUB,https://smart-lab.ru/q/MOEX/f/y/
MRKC,2024,revenue,revenue_mln,138151.1,138200.0,1.0,match,RUB,https://smart-lab.ru/q/MRKC/f/y/
MRKC,2025,revenue,revenue_mln,153000.0,153000.0,1.0,match,RUB,https://smart-lab.ru/q/MRKC/f/y/
MRKC,2024,net_income,net_profit_mln,6560.6,6560.0,1.0,match,RUB,https://smart-lab.ru/q/MRKC/f/y/
MRKC,2025,net_income,net_profit_mln,11600.0,11600.0,1.0,match,RUB,https://smart-lab.ru/q/MRKC/f/y/
MRKC,2024,ebitda,ebitda_mln,30299.3,32600.0,1.076,flag(needs_mapping),RUB,https://smart-lab.ru/q/MRKC/f/y/
MRKC,2025,ebitda,ebitda_mln,,41200.0,,skip_empty(needs_mapping),RUB,https://smart-lab.ru/q/MRKC/f/y/
MRKC,2024,assets,assets_mln,158878.4,158900.0,1.0,match,RUB,https://smart-lab.ru/q/MRKC/f/y/
MRKC,2025,assets,assets_mln,174000.0,174000.0,1.0,match,RUB,https://smart-lab.ru/q/MRKC/f/y/
MRKC,2024,net_assets,equity_mln,64818.1,64800.0,1.0,flag(needs_mapping),RUB,https://smart-lab.ru/q/MRKC/f/y/
MRKC,2025,net_assets,equity_mln,,73200.0,,skip_empty(needs_mapping),RUB,https://smart-lab.ru/q/MRKC/f/y/
MRKC,2024,debt,total_debt_mln,44300.0,44300.0,1.0,flag(needs_mapping),RUB,https://smart-lab.ru/q/MRKC/f/y/
MRKC,2025,debt,total_debt_mln,,44200.0,,skip_empty(needs_mapping),RUB,https://smart-lab.ru/q/MRKC/f/y/
MRKC,2024,net_debt,net_debt_mln,39176.7,39200.0,1.001,flag(needs_mapping),RUB,https://smart-lab.ru/q/MRKC/f/y/
MRKC,2025,net_debt,net_debt_mln,,36500.0,,skip_empty(needs_mapping),RUB,https://smart-lab.ru/q/MRKC/f/y/
MRKC,2024,ocf,CFO_,26900.0,26900.0,1.0,flag(needs_mapping),RUB,https://smart-lab.ru/q/MRKC/f/y/
MRKC,2025,ocf,CFO_,,29500.0,,skip_empty(needs_mapping),RUB,https://smart-lab.ru/q/MRKC/f/y/
MRKC,2024,capex,CAPEX_,24300.0,24300.0,1.0,flag(needs_mapping),RUB,https://smart-lab.ru/q/MRKC/f/y/
MRKC,2025,capex,CAPEX_,,26200.0,,skip_empty(needs_mapping),RUB,https://smart-lab.ru/q/MRKC/f/y/
MRKC,2024,fcf,FCF,2600.0,3270.0,1.258,flag(needs_mapping),RUB,https://smart-lab.ru/q/MRKC/f/y/
MRKC,2025,fcf,FCF,,3100.0,,skip_empty(needs_mapping),RUB,https://smart-lab.ru/q/MRKC/f/y/
MRKK,2024,revenue,revenue_mln,54371.2,54400.0,1.001,match,RUB,https://smart-lab.ru/q/MRKK/f/y/
MRKK,2025,revenue,revenue_mln,73600.0,73600.0,1.0,match,RUB,https://smart-lab.ru/q/MRKK/f/y/
MRKK,2024,net_income,net_profit_mln,-15730.6,-15700.0,0.998,match,RUB,https://smart-lab.ru/q/MRKK/f/y/
MRKK,2025,net_income,net_profit_mln,-10900.0,-10900.0,1.0,match,RUB,https://smart-lab.ru/q/MRKK/f/y/
MRKK,2024,ebitda,ebitda_mln,-16050.8,-9550.0,0.595,flag(needs_mapping),RUB,https://smart-lab.ru/q/MRKK/f/y/
MRKK,2025,ebitda,ebitda_mln,,-6430.0,,skip_empty(needs_mapping),RUB,https://smart-lab.ru/q/MRKK/f/y/
MRKK,2024,assets,assets_mln,30481.4,30500.0,1.001,match,RUB,https://smart-lab.ru/q/MRKK/f/y/
MRKK,2025,assets,assets_mln,36300.0,36300.0,1.0,match,RUB,https://smart-lab.ru/q/MRKK/f/y/
MRKK,2024,net_assets,equity_mln,-1974.0,-1970.0,0.998,flag(needs_mapping),RUB,https://smart-lab.ru/q/MRKK/f/y/
MRKK,2025,net_assets,equity_mln,,948.0,,skip_empty(needs_mapping),RUB,https://smart-lab.ru/q/MRKK/f/y/
MRKK,2024,debt,total_debt_mln,3440.0,3440.0,1.0,flag(needs_mapping),RUB,https://smart-lab.ru/q/MRKK/f/y/
MRKK,2025,debt,total_debt_mln,,3500.0,,skip_empty(needs_mapping),RUB,https://smart-lab.ru/q/MRKK/f/y/
MRKK,2024,net_debt,net_debt_mln,-2889.4,-2890.0,1.0,flag(needs_mapping),RUB,https://smart-lab.ru/q/MRKK/f/y/
MRKK,2025,net_debt,net_debt_mln,,-1900.0,,skip_empty(needs_mapping),RUB,https://smart-lab.ru/q/MRKK/f/y/
MRKK,2024,ocf,CFO_,-9822.9,-9820.0,1.0,flag(needs_mapping),RUB,https://smart-lab.ru/q/MRKK/f/y/
MRKK,2025,ocf,CFO_,,-8960.0,,skip_empty(needs_mapping),RUB,https://smart-lab.ru/q/MRKK/f/y/
MRKK,2024,capex,CAPEX_,6238.1,6240.0,1.0,flag(needs_mapping),RUB,https://smart-lab.ru/q/MRKK/f/y/
MRKK,2025,capex,CAPEX_,,6790.0,,skip_empty(needs_mapping),RUB,https://smart-lab.ru/q/MRKK/f/y/
MRKK,2024,fcf,FCF,-16061.0,-14600.0,0.909,flag(needs_mapping),RUB,https://smart-lab.ru/q/MRKK/f/y/
MRKK,2025,fcf,FCF,,-14800.0,,skip_empty(needs_mapping),RUB,https://smart-lab.ru/q/MRKK/f/y/
MRKP,2024,revenue,revenue_mln,143565.9,143600.0,1.0,match,RUB,https://smart-lab.ru/q/MRKP/f/y/
MRKP,2025,revenue,revenue_mln,166100.0,166100.0,1.0,match,RUB,https://smart-lab.ru/q/MRKP/f/y/
MRKP,2024,net_income,net_profit_mln,16433.2,16400.0,0.998,match,RUB,https://smart-lab.ru/q/MRKP/f/y/
MRKP,2025,net_income,net_profit_mln,23600.0,23600.0,1.0,match,RUB,https://smart-lab.ru/q/MRKP/f/y/
MRKP,2024,ebitda,ebitda_mln,34893.8,42300.0,1.212,flag(needs_mapping),RUB,https://smart-lab.ru/q/MRKP/f/y/
MRKP,2025,ebitda,ebitda_mln,,52800.0,,skip_empty(needs_mapping),RUB,https://smart-lab.ru/q/MRKP/f/y/
MRKP,2024,assets,assets_mln,187536.2,187500.0,1.0,match,RUB,https://smart-lab.ru/q/MRKP/f/y/
MRKP,2025,assets,assets_mln,211100.0,211100.0,1.0,match,RUB,https://smart-lab.ru/q/MRKP/f/y/
MRKP,2024,net_assets,equity_mln,99665.7,99700.0,1.0,flag(needs_mapping),RUB,https://smart-lab.ru/q/MRKP/f/y/
MRKP,2025,net_assets,equity_mln,,117500.0,,skip_empty(needs_mapping),RUB,https://smart-lab.ru/q/MRKP/f/y/
MRKP,2024,debt,total_debt_mln,31800.0,31800.0,1.0,flag(needs_mapping),RUB,https://smart-lab.ru/q/MRKP/f/y/
MRKP,2025,debt,total_debt_mln,,30500.0,,skip_empty(needs_mapping),RUB,https://smart-lab.ru/q/MRKP/f/y/
MRKP,2024,net_debt,net_debt_mln,10454.8,10500.0,1.004,flag(needs_mapping),RUB,https://smart-lab.ru/q/MRKP/f/y/
MRKP,2025,net_debt,net_debt_mln,,2650.0,,skip_empty(needs_mapping),RUB,https://smart-lab.ru/q/MRKP/f/y/
MRKP,2024,ocf,CFO_,34400.0,34400.0,1.0,flag(needs_mapping),RUB,https://smart-lab.ru/q/MRKP/f/y/
MRKP,2025,ocf,CFO_,,37200.0,,skip_empty(needs_mapping),RUB,https://smart-lab.ru/q/MRKP/f/y/
MRKP,2024,capex,CAPEX_,25500.0,25500.0,1.0,flag(needs_mapping),RUB,https://smart-lab.ru/q/MRKP/f/y/
MRKP,2025,capex,CAPEX_,,30600.0,,skip_empty(needs_mapping),RUB,https://smart-lab.ru/q/MRKP/f/y/
MRKP,2024,fcf,FCF,8900.0,11300.0,1.27,flag(needs_mapping),RUB,https://smart-lab.ru/q/MRKP/f/y/
MRKP,2025,fcf,FCF,,11000.0,,skip_empty(needs_mapping),RUB,https://smart-lab.ru/q/MRKP/f/y/
MRKS,2024,revenue,revenue_mln,77609.0,77600.0,1.0,match,RUB,https://smart-lab.ru/q/MRKS/f/y/
MRKS,2025,revenue,revenue_mln,133400.0,133400.0,1.0,match,RUB,https://smart-lab.ru/q/MRKS/f/y/
MRKS,2024,net_income,net_profit_mln,-980.6,-980.0,0.999,match,RUB,https://smart-lab.ru/q/MRKS/f/y/
MRKS,2025,net_income,net_profit_mln,1130.0,1130.0,1.0,match,RUB,https://smart-lab.ru/q/MRKS/f/y/
MRKS,2024,ebitda,ebitda_mln,11952.6,12800.0,1.071,flag(needs_mapping),RUB,https://smart-lab.ru/q/MRKS/f/y/
MRKS,2025,ebitda,ebitda_mln,,16500.0,,skip_empty(needs_mapping),RUB,https://smart-lab.ru/q/MRKS/f/y/
MRKS,2024,assets,assets_mln,94337.6,94300.0,1.0,match,RUB,https://smart-lab.ru/q/MRKS/f/y/
MRKS,2025,assets,assets_mln,113500.0,113500.0,1.0,match,RUB,https://smart-lab.ru/q/MRKS/f/y/
MRKS,2024,net_assets,equity_mln,13985.9,14000.0,1.001,flag(needs_mapping),RUB,https://smart-lab.ru/q/MRKS/f/y/
MRKS,2025,net_assets,equity_mln,,15200.0,,skip_empty(needs_mapping),RUB,https://smart-lab.ru/q/MRKS/f/y/
MRKS,2024,debt,total_debt_mln,50300.0,50300.0,1.0,flag(needs_mapping),RUB,https://smart-lab.ru/q/MRKS/f/y/
MRKS,2025,debt,total_debt_mln,,52400.0,,skip_empty(needs_mapping),RUB,https://smart-lab.ru/q/MRKS/f/y/
MRKS,2024,net_debt,net_debt_mln,48133.0,48200.0,1.001,flag(needs_mapping),RUB,https://smart-lab.ru/q/MRKS/f/y/
MRKS,2025,net_debt,net_debt_mln,,43100.0,,skip_empty(needs_mapping),RUB,https://smart-lab.ru/q/MRKS/f/y/
MRKS,2024,ocf,CFO_,5420.0,5420.0,1.0,flag(needs_mapping),RUB,https://smart-lab.ru/q/MRKS/f/y/
MRKS,2025,ocf,CFO_,,18200.0,,skip_empty(needs_mapping),RUB,https://smart-lab.ru/q/MRKS/f/y/
MRKS,2024,capex,CAPEX_,11100.0,11100.0,1.0,flag(needs_mapping),RUB,https://smart-lab.ru/q/MRKS/f/y/
MRKS,2025,capex,CAPEX_,,13900.0,,skip_empty(needs_mapping),RUB,https://smart-lab.ru/q/MRKS/f/y/
MRKS,2024,fcf,FCF,-5680.0,-5580.0,0.982,flag(needs_mapping),RUB,https://smart-lab.ru/q/MRKS/f/y/
MRKS,2025,fcf,FCF,,4620.0,,skip_empty(needs_mapping),RUB,https://smart-lab.ru/q/MRKS/f/y/
MRKU,2024,revenue,revenue_mln,115298.8,115300.0,1.0,match,RUB,https://smart-lab.ru/q/MRKU/f/y/
MRKU,2025,revenue,revenue_mln,129800.0,129800.0,1.0,match,RUB,https://smart-lab.ru/q/MRKU/f/y/
MRKU,2024,net_income,net_profit_mln,12650.7,12400.0,0.98,match,RUB,https://smart-lab.ru/q/MRKU/f/y/
MRKU,2025,net_income,net_profit_mln,13200.0,13200.0,1.0,match,RUB,https://smart-lab.ru/q/MRKU/f/y/
MRKU,2024,ebitda,ebitda_mln,24218.7,30500.0,1.259,flag(needs_mapping),RUB,https://smart-lab.ru/q/MRKU/f/y/
MRKU,2025,ebitda,ebitda_mln,,31700.0,,skip_empty(needs_mapping),RUB,https://smart-lab.ru/q/MRKU/f/y/
MRKU,2024,assets,assets_mln,137898.1,137900.0,1.0,match,RUB,https://smart-lab.ru/q/MRKU/f/y/
MRKU,2025,assets,assets_mln,158300.0,158300.0,1.0,match,RUB,https://smart-lab.ru/q/MRKU/f/y/
MRKU,2024,net_assets,equity_mln,70019.1,69000.0,0.985,flag(needs_mapping),RUB,https://smart-lab.ru/q/MRKU/f/y/
MRKU,2025,net_assets,equity_mln,,81700.0,,skip_empty(needs_mapping),RUB,https://smart-lab.ru/q/MRKU/f/y/
MRKU,2024,debt,total_debt_mln,29000.0,29000.0,1.0,flag(needs_mapping),RUB,https://smart-lab.ru/q/MRKU/f/y/
MRKU,2025,debt,total_debt_mln,,28800.0,,skip_empty(needs_mapping),RUB,https://smart-lab.ru/q/MRKU/f/y/
MRKU,2024,net_debt,net_debt_mln,21507.0,21500.0,1.0,flag(needs_mapping),RUB,https://smart-lab.ru/q/MRKU/f/y/
MRKU,2025,net_debt,net_debt_mln,,17100.0,,skip_empty(needs_mapping),RUB,https://smart-lab.ru/q/MRKU/f/y/
MRKU,2024,ocf,CFO_,21800.0,21800.0,1.0,flag(needs_mapping),RUB,https://smart-lab.ru/q/MRKU/f/y/
MRKU,2025,ocf,CFO_,,23700.0,,skip_empty(needs_mapping),RUB,https://smart-lab.ru/q/MRKU/f/y/
MRKU,2024,capex,CAPEX_,19900.0,19900.0,1.0,flag(needs_mapping),RUB,https://smart-lab.ru/q/MRKU/f/y/
MRKU,2025,capex,CAPEX_,,17500.0,,skip_empty(needs_mapping),RUB,https://smart-lab.ru/q/MRKU/f/y/
MRKU,2024,fcf,FCF,1900.0,3170.0,1.668,flag(needs_mapping),RUB,https://smart-lab.ru/q/MRKU/f/y/
MRKU,2025,fcf,FCF,,7800.0,,skip_empty(needs_mapping),RUB,https://smart-lab.ru/q/MRKU/f/y/
MRKV,2024,revenue,revenue_mln,83411.2,83400.0,1.0,match,RUB,https://smart-lab.ru/q/MRKV/f/y/
MRKV,2025,revenue,revenue_mln,129300.0,129300.0,1.0,match,RUB,https://smart-lab.ru/q/MRKV/f/y/
MRKV,2024,net_income,net_profit_mln,3629.6,3630.0,1.0,match,RUB,https://smart-lab.ru/q/MRKV/f/y/
MRKV,2025,net_income,net_profit_mln,11300.0,11300.0,1.0,match,RUB,https://smart-lab.ru/q/MRKV/f/y/
MRKV,2024,ebitda,ebitda_mln,13332.4,13700.0,1.028,flag(needs_mapping),RUB,https://smart-lab.ru/q/MRKV/f/y/
MRKV,2025,ebitda,ebitda_mln,,23200.0,,skip_empty(needs_mapping),RUB,https://smart-lab.ru/q/MRKV/f/y/
MRKV,2024,assets,assets_mln,80870.8,80900.0,1.0,match,RUB,https://smart-lab.ru/q/MRKV/f/y/
MRKV,2025,assets,assets_mln,100400.0,100400.0,1.0,match,RUB,https://smart-lab.ru/q/MRKV/f/y/
MRKV,2024,net_assets,equity_mln,44936.7,44900.0,0.999,flag(needs_mapping),RUB,https://smart-lab.ru/q/MRKV/f/y/
MRKV,2025,net_assets,equity_mln,,54600.0,,skip_empty(needs_mapping),RUB,https://smart-lab.ru/q/MRKV/f/y/
MRKV,2024,debt,total_debt_mln,,8870.0,,skip_empty(needs_mapping),RUB,https://smart-lab.ru/q/MRKV/f/y/
MRKV,2025,debt,total_debt_mln,,8390.0,,skip_empty(needs_mapping),RUB,https://smart-lab.ru/q/MRKV/f/y/
MRKV,2024,net_debt,net_debt_mln,4055.3,4060.0,1.001,flag(needs_mapping),RUB,https://smart-lab.ru/q/MRKV/f/y/
MRKV,2025,net_debt,net_debt_mln,,2060.0,,skip_empty(needs_mapping),RUB,https://smart-lab.ru/q/MRKV/f/y/
MRKV,2024,ocf,CFO_,13000.0,13000.0,1.0,flag(needs_mapping),RUB,https://smart-lab.ru/q/MRKV/f/y/
MRKV,2025,ocf,CFO_,,19100.0,,skip_empty(needs_mapping),RUB,https://smart-lab.ru/q/MRKV/f/y/
MRKV,2024,capex,CAPEX_,11400.0,11400.0,1.0,flag(needs_mapping),RUB,https://smart-lab.ru/q/MRKV/f/y/
MRKV,2025,capex,CAPEX_,,16600.0,,skip_empty(needs_mapping),RUB,https://smart-lab.ru/q/MRKV/f/y/
MRKV,2024,fcf,FCF,1600.0,1800.0,1.125,flag(needs_mapping),RUB,https://smart-lab.ru/q/MRKV/f/y/
MRKV,2025,fcf,FCF,,3200.0,,skip_empty(needs_mapping),RUB,https://smart-lab.ru/q/MRKV/f/y/
MRKY,2024,revenue,revenue_mln,56412.4,56400.0,1.0,match,RUB,https://smart-lab.ru/q/MRKY/f/y/
MRKY,2025,revenue,revenue_mln,97000.0,97000.0,1.0,match,RUB,https://smart-lab.ru/q/MRKY/f/y/
MRKY,2024,net_income,net_profit_mln,6131.1,6130.0,1.0,match,RUB,https://smart-lab.ru/q/MRKY/f/y/
MRKY,2025,net_income,net_profit_mln,5600.0,5600.0,1.0,match,RUB,https://smart-lab.ru/q/MRKY/f/y/
MRKY,2024,ebitda,ebitda_mln,14350.8,8200.0,0.571,flag(needs_mapping),RUB,https://smart-lab.ru/q/MRKY/f/y/
MRKY,2025,ebitda,ebitda_mln,,14200.0,,skip_empty(needs_mapping),RUB,https://smart-lab.ru/q/MRKY/f/y/
MRKY,2024,assets,assets_mln,55408.0,55400.0,1.0,match,RUB,https://smart-lab.ru/q/MRKY/f/y/
MRKY,2025,assets,assets_mln,206500.0,206500.0,1.0,match,RUB,https://smart-lab.ru/q/MRKY/f/y/
MRKY,2024,net_assets,equity_mln,8729.7,8730.0,1.0,flag(needs_mapping),RUB,https://smart-lab.ru/q/MRKY/f/y/
MRKY,2025,net_assets,equity_mln,,82400.0,,skip_empty(needs_mapping),RUB,https://smart-lab.ru/q/MRKY/f/y/
MRKY,2024,debt,total_debt_mln,25100.0,25100.0,1.0,flag(needs_mapping),RUB,https://smart-lab.ru/q/MRKY/f/y/
MRKY,2025,debt,total_debt_mln,,54300.0,,skip_empty(needs_mapping),RUB,https://smart-lab.ru/q/MRKY/f/y/
MRKY,2024,net_debt,net_debt_mln,22570.9,22600.0,1.001,flag(needs_mapping),RUB,https://smart-lab.ru/q/MRKY/f/y/
MRKY,2025,net_debt,net_debt_mln,,36200.0,,skip_empty(needs_mapping),RUB,https://smart-lab.ru/q/MRKY/f/y/
MRKY,2024,ocf,CFO_,2780.0,2780.0,1.0,flag(needs_mapping),RUB,https://smart-lab.ru/q/MRKY/f/y/
MRKY,2025,ocf,CFO_,,7270.0,,skip_empty(needs_mapping),RUB,https://smart-lab.ru/q/MRKY/f/y/
MRKY,2024,capex,CAPEX_,6020.0,6020.0,1.0,flag(needs_mapping),RUB,https://smart-lab.ru/q/MRKY/f/y/
MRKY,2025,capex,CAPEX_,,7490.0,,skip_empty(needs_mapping),RUB,https://smart-lab.ru/q/MRKY/f/y/
MRKY,2024,fcf,FCF,-3240.0,-3030.0,0.935,flag(needs_mapping),RUB,https://smart-lab.ru/q/MRKY/f/y/
MRKY,2025,fcf,FCF,,1770.0,,skip_empty(needs_mapping),RUB,https://smart-lab.ru/q/MRKY/f/y/
MRKZ,2024,revenue,revenue_mln,62720.1,62700.0,1.0,match,RUB,https://smart-lab.ru/q/MRKZ/f/y/
MRKZ,2025,revenue,revenue_mln,81700.0,81700.0,1.0,match,RUB,https://smart-lab.ru/q/MRKZ/f/y/
MRKZ,2024,net_income,net_profit_mln,1787.4,467.0,0.261,FLAG_DIVERGENCE,RUB,https://smart-lab.ru/q/MRKZ/f/y/
MRKZ,2025,net_income,net_profit_mln,,5160.0,,skip(col_diverged),RUB,https://smart-lab.ru/q/MRKZ/f/y/
MRKZ,2024,ebitda,ebitda_mln,8116.9,10200.0,1.257,flag(needs_mapping),RUB,https://smart-lab.ru/q/MRKZ/f/y/
MRKZ,2025,ebitda,ebitda_mln,,14000.0,,skip_empty(needs_mapping),RUB,https://smart-lab.ru/q/MRKZ/f/y/
MRKZ,2024,assets,assets_mln,71227.2,71200.0,1.0,match,RUB,https://smart-lab.ru/q/MRKZ/f/y/
MRKZ,2025,assets,assets_mln,83700.0,83700.0,1.0,match,RUB,https://smart-lab.ru/q/MRKZ/f/y/
MRKZ,2024,net_assets,equity_mln,18807.2,18800.0,1.0,flag(needs_mapping),RUB,https://smart-lab.ru/q/MRKZ/f/y/
MRKZ,2025,net_assets,equity_mln,,23900.0,,skip_empty(needs_mapping),RUB,https://smart-lab.ru/q/MRKZ/f/y/
MRKZ,2024,debt,total_debt_mln,15400.0,15400.0,1.0,flag(needs_mapping),RUB,https://smart-lab.ru/q/MRKZ/f/y/
MRKZ,2025,debt,total_debt_mln,,18000.0,,skip_empty(needs_mapping),RUB,https://smart-lab.ru/q/MRKZ/f/y/
MRKZ,2024,net_debt,net_debt_mln,5211.7,5260.0,1.009,flag(needs_mapping),RUB,https://smart-lab.ru/q/MRKZ/f/y/
MRKZ,2025,net_debt,net_debt_mln,,4130.0,,skip_empty(needs_mapping),RUB,https://smart-lab.ru/q/MRKZ/f/y/
MRKZ,2024,ocf,CFO_,14900.0,14900.0,1.0,flag(needs_mapping),RUB,https://smart-lab.ru/q/MRKZ/f/y/
MRKZ,2025,ocf,CFO_,,8550.0,,skip_empty(needs_mapping),RUB,https://smart-lab.ru/q/MRKZ/f/y/
MRKZ,2024,capex,CAPEX_,7500.0,7500.0,1.0,flag(needs_mapping),RUB,https://smart-lab.ru/q/MRKZ/f/y/
MRKZ,2025,capex,CAPEX_,,10800.0,,skip_empty(needs_mapping),RUB,https://smart-lab.ru/q/MRKZ/f/y/
MRKZ,2024,fcf,FCF,7400.0,8680.0,1.173,flag(needs_mapping),RUB,https://smart-lab.ru/q/MRKZ/f/y/
MRKZ,2025,fcf,FCF,,1340.0,,skip_empty(needs_mapping),RUB,https://smart-lab.ru/q/MRKZ/f/y/
MRSB,2024,revenue,revenue_mln,8355.9,8360.0,1.0,match,RUB,https://smart-lab.ru/q/MRSB/f/y/
MRSB,2025,revenue,revenue_mln,9520.0,9520.0,1.0,match,RUB,https://smart-lab.ru/q/MRSB/f/y/
MRSB,2024,net_income,net_profit_mln,212.6,213.0,1.002,match,RUB,https://smart-lab.ru/q/MRSB/f/y/
MRSB,2025,net_income,net_profit_mln,268.0,268.0,1.0,match,RUB,https://smart-lab.ru/q/MRSB/f/y/
MRSB,2024,ebitda,ebitda_mln,580.6,580.0,0.999,flag(needs_mapping),RUB,https://smart-lab.ru/q/MRSB/f/y/
MRSB,2025,ebitda,ebitda_mln,,653.0,,skip_empty(needs_mapping),RUB,https://smart-lab.ru/q/MRSB/f/y/
MRSB,2024,assets,assets_mln,1479.2,1480.0,1.001,match,RUB,https://smart-lab.ru/q/MRSB/f/y/
MRSB,2025,assets,assets_mln,1670.0,1670.0,1.0,match,RUB,https://smart-lab.ru/q/MRSB/f/y/
MRSB,2024,net_assets,equity_mln,458.2,458.0,1.0,flag(needs_mapping),RUB,https://smart-lab.ru/q/MRSB/f/y/
MRSB,2025,net_assets,equity_mln,,586.0,,skip_empty(needs_mapping),RUB,https://smart-lab.ru/q/MRSB/f/y/
MRSB,2024,debt,total_debt_mln,,117.0,,skip_empty(needs_mapping),RUB,https://smart-lab.ru/q/MRSB/f/y/
MRSB,2025,debt,total_debt_mln,,1.0,,skip_empty(needs_mapping),RUB,https://smart-lab.ru/q/MRSB/f/y/
MRSB,2024,net_debt,net_debt_mln,79.6,80.0,1.005,flag(needs_mapping),RUB,https://smart-lab.ru/q/MRSB/f/y/
MRSB,2025,net_debt,net_debt_mln,,-60.0,,skip_empty(needs_mapping),RUB,https://smart-lab.ru/q/MRSB/f/y/
MRSB,2024,ocf,CFO_,262.5,263.0,1.002,flag(needs_mapping),RUB,https://smart-lab.ru/q/MRSB/f/y/
MRSB,2025,ocf,CFO_,,431.0,,skip_empty(needs_mapping),RUB,https://smart-lab.ru/q/MRSB/f/y/
MRSB,2024,capex,CAPEX_,117.0,117.0,1.0,flag(needs_mapping),RUB,https://smart-lab.ru/q/MRSB/f/y/
MRSB,2025,capex,CAPEX_,,124.0,,skip_empty(needs_mapping),RUB,https://smart-lab.ru/q/MRSB/f/y/
MRSB,2024,fcf,FCF,145.6,150.0,1.031,flag(needs_mapping),RUB,https://smart-lab.ru/q/MRSB/f/y/
MRSB,2025,fcf,FCF,,187.0,,skip_empty(needs_mapping),RUB,https://smart-lab.ru/q/MRSB/f/y/
MSRS,2024,revenue,revenue_mln,248987.0,249000.0,1.0,match,RUB,https://smart-lab.ru/q/MSRS/f/y/
MSRS,2025,revenue,revenue_mln,285000.0,285000.0,1.0,match,RUB,https://smart-lab.ru/q/MSRS/f/y/
MSRS,2024,net_income,net_profit_mln,13568.4,13600.0,1.002,match,RUB,https://smart-lab.ru/q/MSRS/f/y/
MSRS,2025,net_income,net_profit_mln,41800.0,41800.0,1.0,match,RUB,https://smart-lab.ru/q/MSRS/f/y/
MSRS,2024,ebitda,ebitda_mln,53237.7,75100.0,1.411,flag(needs_mapping),RUB,https://smart-lab.ru/q/MSRS/f/y/
MSRS,2025,ebitda,ebitda_mln,,92700.0,,skip_empty(needs_mapping),RUB,https://smart-lab.ru/q/MSRS/f/y/
MSRS,2024,assets,assets_mln,500361.9,500400.0,1.0,match,RUB,https://smart-lab.ru/q/MSRS/f/y/
MSRS,2025,assets,assets_mln,577400.0,577400.0,1.0,match,RUB,https://smart-lab.ru/q/MSRS/f/y/
MSRS,2024,net_assets,equity_mln,223191.3,223200.0,1.0,flag(needs_mapping),RUB,https://smart-lab.ru/q/MSRS/f/y/
MSRS,2025,net_assets,equity_mln,,257400.0,,skip_empty(needs_mapping),RUB,https://smart-lab.ru/q/MSRS/f/y/
MSRS,2024,debt,total_debt_mln,72500.0,72500.0,1.0,flag(needs_mapping),RUB,https://smart-lab.ru/q/MSRS/f/y/
MSRS,2025,debt,total_debt_mln,,78300.0,,skip_empty(needs_mapping),RUB,https://smart-lab.ru/q/MSRS/f/y/
MSRS,2024,net_debt,net_debt_mln,54754.7,54800.0,1.001,flag(needs_mapping),RUB,https://smart-lab.ru/q/MSRS/f/y/
MSRS,2025,net_debt,net_debt_mln,,64800.0,,skip_empty(needs_mapping),RUB,https://smart-lab.ru/q/MSRS/f/y/
MSRS,2024,ocf,CFO_,83700.0,83700.0,1.0,flag(needs_mapping),RUB,https://smart-lab.ru/q/MSRS/f/y/
MSRS,2025,ocf,CFO_,,98200.0,,skip_empty(needs_mapping),RUB,https://smart-lab.ru/q/MSRS/f/y/
MSRS,2024,capex,CAPEX_,79500.0,79500.0,1.0,flag(needs_mapping),RUB,https://smart-lab.ru/q/MSRS/f/y/
MSRS,2025,capex,CAPEX_,,101400.0,,skip_empty(needs_mapping),RUB,https://smart-lab.ru/q/MSRS/f/y/
MSRS,2024,fcf,FCF,4200.0,5520.0,1.314,flag(needs_mapping),RUB,https://smart-lab.ru/q/MSRS/f/y/
MSRS,2025,fcf,FCF,,-2260.0,,skip_empty(needs_mapping),RUB,https://smart-lab.ru/q/MSRS/f/y/
MSTT,2024,revenue,revenue_mln,3690.0,3690.0,1.0,match,RUB,https://smart-lab.ru/q/MSTT/f/y/
MSTT,2025,revenue,revenue_mln,,7830.0,,FILL,RUB,https://smart-lab.ru/q/MSTT/f/y/
MSTT,2024,net_income,net_profit_mln,-4.0,-4.0,1.0,match,RUB,https://smart-lab.ru/q/MSTT/f/y/
MSTT,2025,net_income,net_profit_mln,,533.0,,FILL,RUB,https://smart-lab.ru/q/MSTT/f/y/
MSTT,2024,ebitda,ebitda_mln,,-1030.0,,skip_empty(needs_mapping),RUB,https://smart-lab.ru/q/MSTT/f/y/
MSTT,2025,ebitda,ebitda_mln,,964.0,,skip_empty(needs_mapping),RUB,https://smart-lab.ru/q/MSTT/f/y/
MSTT,2024,assets,assets_mln,21500.0,21500.0,1.0,match,RUB,https://smart-lab.ru/q/MSTT/f/y/
MSTT,2025,assets,assets_mln,,25300.0,,FILL,RUB,https://smart-lab.ru/q/MSTT/f/y/
MSTT,2024,net_assets,equity_mln,,4370.0,,skip_empty(needs_mapping),RUB,https://smart-lab.ru/q/MSTT/f/y/
MSTT,2025,net_assets,equity_mln,,4900.0,,skip_empty(needs_mapping),RUB,https://smart-lab.ru/q/MSTT/f/y/
MSTT,2024,debt,total_debt_mln,,197.0,,skip_empty(needs_mapping),RUB,https://smart-lab.ru/q/MSTT/f/y/
MSTT,2025,debt,total_debt_mln,,245.0,,skip_empty(needs_mapping),RUB,https://smart-lab.ru/q/MSTT/f/y/
MSTT,2024,net_debt,net_debt_mln,,-6650.0,,skip_empty(needs_mapping),RUB,https://smart-lab.ru/q/MSTT/f/y/
MSTT,2025,net_debt,net_debt_mln,,-4750.0,,skip_empty(needs_mapping),RUB,https://smart-lab.ru/q/MSTT/f/y/
MSTT,2024,ocf,CFO_,-728805.0,-290.0,0.0,flag(needs_mapping),RUB,https://smart-lab.ru/q/MSTT/f/y/
MSTT,2025,ocf,CFO_,,-409.0,,skip_empty(needs_mapping),RUB,https://smart-lab.ru/q/MSTT/f/y/
MSTT,2024,capex,CAPEX_,220489.0,558.0,0.003,flag(needs_mapping),RUB,https://smart-lab.ru/q/MSTT/f/y/
MSTT,2025,capex,CAPEX_,,125.0,,skip_empty(needs_mapping),RUB,https://smart-lab.ru/q/MSTT/f/y/
MSTT,2024,fcf,FCF,-949294.0,-814.0,0.001,flag(needs_mapping),RUB,https://smart-lab.ru/q/MSTT/f/y/
MSTT,2025,fcf,FCF,,-578.0,,skip_empty(needs_mapping),RUB,https://smart-lab.ru/q/MSTT/f/y/
MTLR,2024,revenue,revenue_mln,387477.0,387500.0,1.0,match,RUB,https://smart-lab.ru/q/MTLR/f/y/
MTLR,2025,revenue,revenue_mln,287000.0,287000.0,1.0,match,RUB,https://smart-lab.ru/q/MTLR/f/y/
MTLR,2024,net_income,net_profit_mln,-36271.0,-37100.0,1.023,match,RUB,https://smart-lab.ru/q/MTLR/f/y/
MTLR,2025,net_income,net_profit_mln,-78600.0,-78600.0,1.0,match,RUB,https://smart-lab.ru/q/MTLR/f/y/
MTLR,2024,ebitda,ebitda_mln,29349.0,55900.0,1.905,flag(needs_mapping),RUB,https://smart-lab.ru/q/MTLR/f/y/
MTLR,2025,ebitda,ebitda_mln,,7730.0,,skip_empty(needs_mapping),RUB,https://smart-lab.ru/q/MTLR/f/y/
MTLR,2024,assets,assets_mln,256772.0,256800.0,1.0,match,RUB,https://smart-lab.ru/q/MTLR/f/y/
MTLR,2025,assets,assets_mln,207600.0,207600.0,1.0,match,RUB,https://smart-lab.ru/q/MTLR/f/y/
MTLR,2024,net_assets,equity_mln,-99840.0,-117500.0,1.177,flag(needs_mapping),RUB,https://smart-lab.ru/q/MTLR/f/y/
MTLR,2025,net_assets,equity_mln,,-195500.0,,skip_empty(needs_mapping),RUB,https://smart-lab.ru/q/MTLR/f/y/
MTLR,2024,debt,total_debt_mln,230800.0,230800.0,1.0,flag(needs_mapping),RUB,https://smart-lab.ru/q/MTLR/f/y/
MTLR,2025,debt,total_debt_mln,,246800.0,,skip_empty(needs_mapping),RUB,https://smart-lab.ru/q/MTLR/f/y/
MTLR,2024,net_debt,net_debt_mln,245381.0,230000.0,0.937,flag(needs_mapping),RUB,https://smart-lab.ru/q/MTLR/f/y/
MTLR,2025,net_debt,net_debt_mln,,246300.0,,skip_empty(needs_mapping),RUB,https://smart-lab.ru/q/MTLR/f/y/
MTLR,2024,ocf,CFO_,61700.0,61700.0,1.0,flag(needs_mapping),RUB,https://smart-lab.ru/q/MTLR/f/y/
MTLR,2025,ocf,CFO_,,46400.0,,skip_empty(needs_mapping),RUB,https://smart-lab.ru/q/MTLR/f/y/
MTLR,2024,capex,CAPEX_,17300.0,17300.0,1.0,flag(needs_mapping),RUB,https://smart-lab.ru/q/MTLR/f/y/
MTLR,2025,capex,CAPEX_,,10800.0,,skip_empty(needs_mapping),RUB,https://smart-lab.ru/q/MTLR/f/y/
MTLR,2024,fcf,FCF,44400.0,-3720.0,-0.084,flag(needs_mapping),RUB,https://smart-lab.ru/q/MTLR/f/y/
MTLR,2025,fcf,FCF,,-13500.0,,skip_empty(needs_mapping),RUB,https://smart-lab.ru/q/MTLR/f/y/
MTLRP,2024,revenue,revenue_mln,387477.0,387500.0,1.0,match,RUB,https://smart-lab.ru/q/MTLR/f/y/ (←MTLR)
MTLRP,2025,revenue,revenue_mln,,287000.0,,FILL,RUB,https://smart-lab.ru/q/MTLR/f/y/ (←MTLR)
MTLRP,2024,net_income,net_profit_mln,-36271.0,-37100.0,1.023,match,RUB,https://smart-lab.ru/q/MTLR/f/y/ (←MTLR)
MTLRP,2025,net_income,net_profit_mln,,-78600.0,,FILL,RUB,https://smart-lab.ru/q/MTLR/f/y/ (←MTLR)
MTLRP,2024,ebitda,ebitda_mln,29349.0,55900.0,1.905,flag(needs_mapping),RUB,https://smart-lab.ru/q/MTLR/f/y/ (←MTLR)
MTLRP,2025,ebitda,ebitda_mln,,7730.0,,skip_empty(needs_mapping),RUB,https://smart-lab.ru/q/MTLR/f/y/ (←MTLR)
MTLRP,2024,assets,assets_mln,256772.0,256800.0,1.0,match,RUB,https://smart-lab.ru/q/MTLR/f/y/ (←MTLR)
MTLRP,2025,assets,assets_mln,,207600.0,,FILL,RUB,https://smart-lab.ru/q/MTLR/f/y/ (←MTLR)
MTLRP,2024,net_assets,equity_mln,-99840.0,-117500.0,1.177,flag(needs_mapping),RUB,https://smart-lab.ru/q/MTLR/f/y/ (←MTLR)
MTLRP,2025,net_assets,equity_mln,,-195500.0,,skip_empty(needs_mapping),RUB,https://smart-lab.ru/q/MTLR/f/y/ (←MTLR)
MTLRP,2024,debt,total_debt_mln,,230800.0,,skip_empty(needs_mapping),RUB,https://smart-lab.ru/q/MTLR/f/y/ (←MTLR)
MTLRP,2025,debt,total_debt_mln,,246800.0,,skip_empty(needs_mapping),RUB,https://smart-lab.ru/q/MTLR/f/y/ (←MTLR)
MTLRP,2024,net_debt,net_debt_mln,245381.0,230000.0,0.937,flag(needs_mapping),RUB,https://smart-lab.ru/q/MTLR/f/y/ (←MTLR)
MTLRP,2025,net_debt,net_debt_mln,,246300.0,,skip_empty(needs_mapping),RUB,https://smart-lab.ru/q/MTLR/f/y/ (←MTLR)
MTLRP,2024,ocf,CFO_,61700.0,61700.0,1.0,flag(needs_mapping),RUB,https://smart-lab.ru/q/MTLR/f/y/ (←MTLR)
MTLRP,2025,ocf,CFO_,,46400.0,,skip_empty(needs_mapping),RUB,https://smart-lab.ru/q/MTLR/f/y/ (←MTLR)
MTLRP,2024,capex,CAPEX_,17300.0,17300.0,1.0,flag(needs_mapping),RUB,https://smart-lab.ru/q/MTLR/f/y/ (←MTLR)
MTLRP,2025,capex,CAPEX_,,10800.0,,skip_empty(needs_mapping),RUB,https://smart-lab.ru/q/MTLR/f/y/ (←MTLR)
MTLRP,2024,fcf,FCF,44400.0,-3720.0,-0.084,flag(needs_mapping),RUB,https://smart-lab.ru/q/MTLR/f/y/ (←MTLR)
MTLRP,2025,fcf,FCF,,-13500.0,,skip_empty(needs_mapping),RUB,https://smart-lab.ru/q/MTLR/f/y/ (←MTLR)
MTSS,2024,revenue,revenue_mln,703741.0,703700.0,1.0,match,RUB,https://smart-lab.ru/q/MTSS/f/y/
MTSS,2025,revenue,revenue_mln,807200.0,807200.0,1.0,match,RUB,https://smart-lab.ru/q/MTSS/f/y/
MTSS,2024,net_income,net_profit_mln,51300.0,31500.0,0.614,FLAG_DIVERGENCE,RUB,https://smart-lab.ru/q/MTSS/f/y/
MTSS,2025,net_income,net_profit_mln,,38600.0,,skip(col_diverged),RUB,https://smart-lab.ru/q/MTSS/f/y/
MTSS,2024,ebitda,ebitda_mln,244308.0,246400.0,1.009,flag(needs_mapping),RUB,https://smart-lab.ru/q/MTSS/f/y/
MTSS,2025,ebitda,ebitda_mln,,279700.0,,skip_empty(needs_mapping),RUB,https://smart-lab.ru/q/MTSS/f/y/
MTSS,2024,assets,assets_mln,1516963.0,1517000.0,1.0,match,RUB,https://smart-lab.ru/q/MTSS/f/y/
MTSS,2025,assets,assets_mln,1768000.0,1768000.0,1.0,match,RUB,https://smart-lab.ru/q/MTSS/f/y/
MTSS,2024,net_assets,equity_mln,-11234.0,-37700.0,3.356,flag(needs_mapping),RUB,https://smart-lab.ru/q/MTSS/f/y/
MTSS,2025,net_assets,equity_mln,,-11700.0,,skip_empty(needs_mapping),RUB,https://smart-lab.ru/q/MTSS/f/y/
MTSS,2024,debt,total_debt_mln,672000.0,1143000.0,1.701,flag(needs_mapping),RUB,https://smart-lab.ru/q/MTSS/f/y/
MTSS,2025,debt,total_debt_mln,,1320000.0,,skip_empty(needs_mapping),RUB,https://smart-lab.ru/q/MTSS/f/y/
MTSS,2024,net_debt,net_debt_mln,603925.0,566900.0,0.939,flag(needs_mapping),RUB,https://smart-lab.ru/q/MTSS/f/y/
MTSS,2025,net_debt,net_debt_mln,,709500.0,,skip_empty(needs_mapping),RUB,https://smart-lab.ru/q/MTSS/f/y/
MTSS,2024,ocf,CFO_,159000.0,138800.0,0.873,flag(needs_mapping),RUB,https://smart-lab.ru/q/MTSS/f/y/
MTSS,2025,ocf,CFO_,,120000.0,,skip_empty(needs_mapping),RUB,https://smart-lab.ru/q/MTSS/f/y/
MTSS,2024,capex,CAPEX_,132400.0,132400.0,1.0,flag(needs_mapping),RUB,https://smart-lab.ru/q/MTSS/f/y/
MTSS,2025,capex,CAPEX_,,120600.0,,skip_empty(needs_mapping),RUB,https://smart-lab.ru/q/MTSS/f/y/
MTSS,2024,fcf,FCF,26600.0,-1400.0,-0.053,flag(needs_mapping),RUB,https://smart-lab.ru/q/MTSS/f/y/
MTSS,2025,fcf,FCF,,-38000.0,,skip_empty(needs_mapping),RUB,https://smart-lab.ru/q/MTSS/f/y/
MVID,2024,revenue,revenue_mln,451642.0,451600.0,1.0,match,RUB,https://smart-lab.ru/q/MVID/f/y/
MVID,2025,revenue,revenue_mln,324800.0,324800.0,1.0,match,RUB,https://smart-lab.ru/q/MVID/f/y/
MVID,2024,net_income,net_profit_mln,-20121.0,-20100.0,0.999,match,RUB,https://smart-lab.ru/q/MVID/f/y/
MVID,2025,net_income,net_profit_mln,-63600.0,-63600.0,1.0,match,RUB,https://smart-lab.ru/q/MVID/f/y/
MVID,2024,ebitda,ebitda_mln,37467.0,14700.0,0.392,flag(needs_mapping),RUB,https://smart-lab.ru/q/MVID/f/y/
MVID,2025,ebitda,ebitda_mln,,-30500.0,,skip_empty(needs_mapping),RUB,https://smart-lab.ru/q/MVID/f/y/
MVID,2024,assets,assets_mln,367451.0,367500.0,1.0,match,RUB,https://smart-lab.ru/q/MVID/f/y/
MVID,2025,assets,assets_mln,288700.0,288700.0,1.0,match,RUB,https://smart-lab.ru/q/MVID/f/y/
MVID,2024,net_assets,equity_mln,-20354.0,-20400.0,1.002,flag(needs_mapping),RUB,https://smart-lab.ru/q/MVID/f/y/
MVID,2025,net_assets,equity_mln,,-45600.0,,skip_empty(needs_mapping),RUB,https://smart-lab.ru/q/MVID/f/y/
MVID,2024,debt,total_debt_mln,108500.0,108500.0,1.0,flag(needs_mapping),RUB,https://smart-lab.ru/q/MVID/f/y/
MVID,2025,debt,total_debt_mln,,152200.0,,skip_empty(needs_mapping),RUB,https://smart-lab.ru/q/MVID/f/y/
MVID,2024,net_debt,net_debt_mln,153382.0,85800.0,0.559,flag(needs_mapping),RUB,https://smart-lab.ru/q/MVID/f/y/
MVID,2025,net_debt,net_debt_mln,,147500.0,,skip_empty(needs_mapping),RUB,https://smart-lab.ru/q/MVID/f/y/
MVID,2024,ocf,CFO_,-390.0,-390.0,1.0,flag(needs_mapping),RUB,https://smart-lab.ru/q/MVID/f/y/
MVID,2025,ocf,CFO_,,-58200.0,,skip_empty(needs_mapping),RUB,https://smart-lab.ru/q/MVID/f/y/
MVID,2024,capex,CAPEX_,8810.0,8810.0,1.0,flag(needs_mapping),RUB,https://smart-lab.ru/q/MVID/f/y/
MVID,2025,capex,CAPEX_,,4720.0,,skip_empty(needs_mapping),RUB,https://smart-lab.ru/q/MVID/f/y/
MVID,2024,fcf,FCF,-9200.0,-19900.0,2.163,flag(needs_mapping),RUB,https://smart-lab.ru/q/MVID/f/y/
MVID,2025,fcf,FCF,,-73000.0,,skip_empty(needs_mapping),RUB,https://smart-lab.ru/q/MVID/f/y/
NAUK,2024,revenue,revenue_mln,4862.2,4860.0,1.0,match,RUB,https://smart-lab.ru/q/NAUK/f/y/
NAUK,2025,revenue,revenue_mln,6090.0,6090.0,1.0,match,RUB,https://smart-lab.ru/q/NAUK/f/y/
NAUK,2024,net_income,net_profit_mln,827.6,828.0,1.0,match,RUB,https://smart-lab.ru/q/NAUK/f/y/
NAUK,2025,net_income,net_profit_mln,1410.0,1410.0,1.0,match,RUB,https://smart-lab.ru/q/NAUK/f/y/
NAUK,2024,ebitda,ebitda_mln,1147.3,1180.0,1.029,flag(needs_mapping),RUB,https://smart-lab.ru/q/NAUK/f/y/
NAUK,2025,ebitda,ebitda_mln,,1920.0,,skip_empty(needs_mapping),RUB,https://smart-lab.ru/q/NAUK/f/y/
NAUK,2024,assets,assets_mln,10749.1,10800.0,1.005,match,RUB,https://smart-lab.ru/q/NAUK/f/y/
NAUK,2025,assets,assets_mln,11600.0,11600.0,1.0,match,RUB,https://smart-lab.ru/q/NAUK/f/y/
NAUK,2024,net_assets,equity_mln,3343.9,3340.0,0.999,flag(needs_mapping),RUB,https://smart-lab.ru/q/NAUK/f/y/
NAUK,2025,net_assets,equity_mln,,4300.0,,skip_empty(needs_mapping),RUB,https://smart-lab.ru/q/NAUK/f/y/
NAUK,2024,debt,total_debt_mln,,434.0,,skip_empty(needs_mapping),RUB,https://smart-lab.ru/q/NAUK/f/y/
NAUK,2025,debt,total_debt_mln,,598.0,,skip_empty(needs_mapping),RUB,https://smart-lab.ru/q/NAUK/f/y/
NAUK,2024,net_debt,net_debt_mln,-1526.8,-1530.0,1.002,flag(needs_mapping),RUB,https://smart-lab.ru/q/NAUK/f/y/
NAUK,2025,net_debt,net_debt_mln,,-50.0,,skip_empty(needs_mapping),RUB,https://smart-lab.ru/q/NAUK/f/y/
NAUK,2024,ocf,CFO_,1000.0,1000.0,1.0,flag(needs_mapping),RUB,https://smart-lab.ru/q/NAUK/f/y/
NAUK,2025,ocf,CFO_,,-964.0,,skip_empty(needs_mapping),RUB,https://smart-lab.ru/q/NAUK/f/y/
NAUK,2024,capex,CAPEX_,380.0,380.0,1.0,flag(needs_mapping),RUB,https://smart-lab.ru/q/NAUK/f/y/
NAUK,2025,capex,CAPEX_,,621.0,,skip_empty(needs_mapping),RUB,https://smart-lab.ru/q/NAUK/f/y/
NAUK,2024,fcf,FCF,620.0,570.0,0.919,flag(needs_mapping),RUB,https://smart-lab.ru/q/NAUK/f/y/
NAUK,2025,fcf,FCF,,-1560.0,,skip_empty(needs_mapping),RUB,https://smart-lab.ru/q/NAUK/f/y/
NFAZ,2024,revenue,revenue_mln,42648.4,42300.0,0.992,match,RUB,https://smart-lab.ru/q/NFAZ/f/y/
NFAZ,2025,revenue,revenue_mln,31400.0,31400.0,1.0,match,RUB,https://smart-lab.ru/q/NFAZ/f/y/
NFAZ,2024,net_income,net_profit_mln,33.3,33.0,0.991,match,RUB,https://smart-lab.ru/q/NFAZ/f/y/
NFAZ,2025,net_income,net_profit_mln,-506.0,-505.0,0.998,match,RUB,https://smart-lab.ru/q/NFAZ/f/y/
NFAZ,2024,ebitda,ebitda_mln,710.4,710.0,0.999,flag(needs_mapping),RUB,https://smart-lab.ru/q/NFAZ/f/y/
NFAZ,2025,ebitda,ebitda_mln,,185.0,,skip_empty(needs_mapping),RUB,https://smart-lab.ru/q/NFAZ/f/y/
NFAZ,2024,assets,assets_mln,15420.5,15400.0,0.999,match,RUB,https://smart-lab.ru/q/NFAZ/f/y/
NFAZ,2025,assets,assets_mln,26100.0,26400.0,1.011,match,RUB,https://smart-lab.ru/q/NFAZ/f/y/
NFAZ,2024,net_assets,equity_mln,2120.4,2120.0,1.0,flag(needs_mapping),RUB,https://smart-lab.ru/q/NFAZ/f/y/
NFAZ,2025,net_assets,equity_mln,2210.0,1620.0,0.733,flag(needs_mapping),RUB,https://smart-lab.ru/q/NFAZ/f/y/
NFAZ,2024,debt,total_debt_mln,,3260.0,,skip_empty(needs_mapping),RUB,https://smart-lab.ru/q/NFAZ/f/y/
NFAZ,2025,debt,total_debt_mln,3500.0,3500.0,1.0,flag(needs_mapping),RUB,https://smart-lab.ru/q/NFAZ/f/y/
NFAZ,2024,net_debt,net_debt_mln,3114.4,2870.0,0.922,flag(needs_mapping),RUB,https://smart-lab.ru/q/NFAZ/f/y/
NFAZ,2025,net_debt,net_debt_mln,2850.0,2850.0,1.0,flag(needs_mapping),RUB,https://smart-lab.ru/q/NFAZ/f/y/
NFAZ,2024,ocf,CFO_,-2257.9,-2260.0,1.001,flag(needs_mapping),RUB,https://smart-lab.ru/q/NFAZ/f/y/
NFAZ,2025,ocf,CFO_,113.0,886.0,7.841,flag(needs_mapping),RUB,https://smart-lab.ru/q/NFAZ/f/y/
NFAZ,2024,capex,CAPEX_,667.2,667.0,1.0,flag(needs_mapping),RUB,https://smart-lab.ru/q/NFAZ/f/y/
NFAZ,2025,capex,CAPEX_,78.0,263.0,3.372,flag(needs_mapping),RUB,https://smart-lab.ru/q/NFAZ/f/y/
NFAZ,2024,fcf,FCF,-2925.1,-3380.0,1.156,flag(needs_mapping),RUB,https://smart-lab.ru/q/NFAZ/f/y/
NFAZ,2025,fcf,FCF,,35.0,,skip_empty(needs_mapping),RUB,https://smart-lab.ru/q/NFAZ/f/y/
NKHP,2024,revenue,revenue_mln,11159.9,11200.0,1.004,match,RUB,https://smart-lab.ru/q/NKHP/f/y/
NKHP,2025,revenue,revenue_mln,7660.0,7660.0,1.0,match,RUB,https://smart-lab.ru/q/NKHP/f/y/
NKHP,2024,net_income,net_profit_mln,6408.6,6410.0,1.0,match,RUB,https://smart-lab.ru/q/NKHP/f/y/
NKHP,2025,net_income,net_profit_mln,3260.0,3260.0,1.0,match,RUB,https://smart-lab.ru/q/NKHP/f/y/
NKHP,2024,ebitda,ebitda_mln,7842.1,7840.0,1.0,flag(needs_mapping),RUB,https://smart-lab.ru/q/NKHP/f/y/
NKHP,2025,ebitda,ebitda_mln,,4210.0,,skip_empty(needs_mapping),RUB,https://smart-lab.ru/q/NKHP/f/y/
NKHP,2024,assets,assets_mln,18378.1,18400.0,1.001,match,RUB,https://smart-lab.ru/q/NKHP/f/y/
NKHP,2025,assets,assets_mln,19300.0,19300.0,1.0,match,RUB,https://smart-lab.ru/q/NKHP/f/y/
NKHP,2024,net_assets,equity_mln,15876.2,15900.0,1.001,flag(needs_mapping),RUB,https://smart-lab.ru/q/NKHP/f/y/
NKHP,2025,net_assets,equity_mln,,17800.0,,skip_empty(needs_mapping),RUB,https://smart-lab.ru/q/NKHP/f/y/
NKHP,2024,debt,total_debt_mln,102.0,102.0,1.0,flag(needs_mapping),RUB,https://smart-lab.ru/q/NKHP/f/y/
NKHP,2025,debt,total_debt_mln,,0.0,,skip_empty(needs_mapping),RUB,https://smart-lab.ru/q/NKHP/f/y/
NKHP,2024,net_debt,net_debt_mln,-6220.0,-6220.0,1.0,flag(needs_mapping),RUB,https://smart-lab.ru/q/NKHP/f/y/
NKHP,2025,net_debt,net_debt_mln,,-6640.0,,skip_empty(needs_mapping),RUB,https://smart-lab.ru/q/NKHP/f/y/
NKHP,2024,ocf,CFO_,6990.0,6990.0,1.0,flag(needs_mapping),RUB,https://smart-lab.ru/q/NKHP/f/y/
NKHP,2025,ocf,CFO_,,1460.0,,skip_empty(needs_mapping),RUB,https://smart-lab.ru/q/NKHP/f/y/
NKHP,2024,capex,CAPEX_,640.0,640.0,1.0,flag(needs_mapping),RUB,https://smart-lab.ru/q/NKHP/f/y/
NKHP,2025,capex,CAPEX_,,506.0,,skip_empty(needs_mapping),RUB,https://smart-lab.ru/q/NKHP/f/y/
NKHP,2024,fcf,FCF,6350.0,7210.0,1.135,flag(needs_mapping),RUB,https://smart-lab.ru/q/NKHP/f/y/
NKHP,2025,fcf,FCF,,2110.0,,skip_empty(needs_mapping),RUB,https://smart-lab.ru/q/NKHP/f/y/
NKNC,2024,revenue,revenue_mln,269742.0,269700.0,1.0,match,RUB,https://smart-lab.ru/q/NKNC/f/y/
NKNC,2025,revenue,revenue_mln,254800.0,254800.0,1.0,match,RUB,https://smart-lab.ru/q/NKNC/f/y/
NKNC,2024,net_income,net_profit_mln,30756.0,30700.0,0.998,match,RUB,https://smart-lab.ru/q/NKNC/f/y/
NKNC,2025,net_income,net_profit_mln,27100.0,27100.0,1.0,match,RUB,https://smart-lab.ru/q/NKNC/f/y/
NKNC,2024,ebitda,ebitda_mln,64861.0,71300.0,1.099,flag(needs_mapping),RUB,https://smart-lab.ru/q/NKNC/f/y/
NKNC,2025,ebitda,ebitda_mln,,51300.0,,skip_empty(needs_mapping),RUB,https://smart-lab.ru/q/NKNC/f/y/
NKNC,2024,assets,assets_mln,605542.0,605500.0,1.0,match,RUB,https://smart-lab.ru/q/NKNC/f/y/
NKNC,2025,assets,assets_mln,736900.0,736900.0,1.0,match,RUB,https://smart-lab.ru/q/NKNC/f/y/
NKNC,2024,net_assets,equity_mln,333676.0,333400.0,0.999,flag(needs_mapping),RUB,https://smart-lab.ru/q/NKNC/f/y/
NKNC,2025,net_assets,equity_mln,,379900.0,,skip_empty(needs_mapping),RUB,https://smart-lab.ru/q/NKNC/f/y/
NKNC,2024,debt,total_debt_mln,182300.0,182300.0,1.0,flag(needs_mapping),RUB,https://smart-lab.ru/q/NKNC/f/y/
NKNC,2025,debt,total_debt_mln,,206800.0,,skip_empty(needs_mapping),RUB,https://smart-lab.ru/q/NKNC/f/y/
NKNC,2024,net_debt,net_debt_mln,176613.0,176600.0,1.0,flag(needs_mapping),RUB,https://smart-lab.ru/q/NKNC/f/y/
NKNC,2025,net_debt,net_debt_mln,,184100.0,,skip_empty(needs_mapping),RUB,https://smart-lab.ru/q/NKNC/f/y/
NKNC,2024,ocf,CFO_,54500.0,54500.0,1.0,flag(needs_mapping),RUB,https://smart-lab.ru/q/NKNC/f/y/
NKNC,2025,ocf,CFO_,,117500.0,,skip_empty(needs_mapping),RUB,https://smart-lab.ru/q/NKNC/f/y/
NKNC,2024,capex,CAPEX_,80400.0,80400.0,1.0,flag(needs_mapping),RUB,https://smart-lab.ru/q/NKNC/f/y/
NKNC,2025,capex,CAPEX_,,113800.0,,skip_empty(needs_mapping),RUB,https://smart-lab.ru/q/NKNC/f/y/
NKNC,2024,fcf,FCF,-25900.0,-32700.0,1.263,flag(needs_mapping),RUB,https://smart-lab.ru/q/NKNC/f/y/
NKNC,2025,fcf,FCF,,-13700.0,,skip_empty(needs_mapping),RUB,https://smart-lab.ru/q/NKNC/f/y/
NKNCP,2024,revenue,revenue_mln,269742.0,269700.0,1.0,match,RUB,https://smart-lab.ru/q/NKNC/f/y/ (←NKNC)
NKNCP,2025,revenue,revenue_mln,,254800.0,,FILL,RUB,https://smart-lab.ru/q/NKNC/f/y/ (←NKNC)
NKNCP,2024,net_income,net_profit_mln,30756.0,30700.0,0.998,match,RUB,https://smart-lab.ru/q/NKNC/f/y/ (←NKNC)
NKNCP,2025,net_income,net_profit_mln,,27100.0,,FILL,RUB,https://smart-lab.ru/q/NKNC/f/y/ (←NKNC)
NKNCP,2024,ebitda,ebitda_mln,64861.0,71300.0,1.099,flag(needs_mapping),RUB,https://smart-lab.ru/q/NKNC/f/y/ (←NKNC)
NKNCP,2025,ebitda,ebitda_mln,,51300.0,,skip_empty(needs_mapping),RUB,https://smart-lab.ru/q/NKNC/f/y/ (←NKNC)
NKNCP,2024,assets,assets_mln,605542.0,605500.0,1.0,match,RUB,https://smart-lab.ru/q/NKNC/f/y/ (←NKNC)
NKNCP,2025,assets,assets_mln,,736900.0,,FILL,RUB,https://smart-lab.ru/q/NKNC/f/y/ (←NKNC)
NKNCP,2024,net_assets,equity_mln,333676.0,333400.0,0.999,flag(needs_mapping),RUB,https://smart-lab.ru/q/NKNC/f/y/ (←NKNC)
NKNCP,2025,net_assets,equity_mln,,379900.0,,skip_empty(needs_mapping),RUB,https://smart-lab.ru/q/NKNC/f/y/ (←NKNC)
NKNCP,2024,debt,total_debt_mln,,182300.0,,skip_empty(needs_mapping),RUB,https://smart-lab.ru/q/NKNC/f/y/ (←NKNC)
NKNCP,2025,debt,total_debt_mln,,206800.0,,skip_empty(needs_mapping),RUB,https://smart-lab.ru/q/NKNC/f/y/ (←NKNC)
NKNCP,2024,net_debt,net_debt_mln,176613.0,176600.0,1.0,flag(needs_mapping),RUB,https://smart-lab.ru/q/NKNC/f/y/ (←NKNC)
NKNCP,2025,net_debt,net_debt_mln,,184100.0,,skip_empty(needs_mapping),RUB,https://smart-lab.ru/q/NKNC/f/y/ (←NKNC)
NKNCP,2024,ocf,CFO_,54500.0,54500.0,1.0,flag(needs_mapping),RUB,https://smart-lab.ru/q/NKNC/f/y/ (←NKNC)
NKNCP,2025,ocf,CFO_,,117500.0,,skip_empty(needs_mapping),RUB,https://smart-lab.ru/q/NKNC/f/y/ (←NKNC)
NKNCP,2024,capex,CAPEX_,80400.0,80400.0,1.0,flag(needs_mapping),RUB,https://smart-lab.ru/q/NKNC/f/y/ (←NKNC)
NKNCP,2025,capex,CAPEX_,,113800.0,,skip_empty(needs_mapping),RUB,https://smart-lab.ru/q/NKNC/f/y/ (←NKNC)
NKNCP,2024,fcf,FCF,-25900.0,-32700.0,1.263,flag(needs_mapping),RUB,https://smart-lab.ru/q/NKNC/f/y/ (←NKNC)
NKNCP,2025,fcf,FCF,,-13700.0,,skip_empty(needs_mapping),RUB,https://smart-lab.ru/q/NKNC/f/y/ (←NKNC)
NKSH,2024,revenue,revenue_mln,12061.7,12100.0,1.003,match,RUB,https://smart-lab.ru/q/NKSH/f/y/
NKSH,2025,revenue,revenue_mln,11700.0,11700.0,1.0,match,RUB,https://smart-lab.ru/q/NKSH/f/y/
NKSH,2024,net_income,net_profit_mln,528.5,528.0,0.999,match,RUB,https://smart-lab.ru/q/NKSH/f/y/
NKSH,2025,net_income,net_profit_mln,-6.0,-6.0,1.0,match,RUB,https://smart-lab.ru/q/NKSH/f/y/
NKSH,2024,ebitda,ebitda_mln,1611.7,1670.0,1.036,flag(needs_mapping),RUB,https://smart-lab.ru/q/NKSH/f/y/
NKSH,2025,ebitda,ebitda_mln,,1160.0,,skip_empty(needs_mapping),RUB,https://smart-lab.ru/q/NKSH/f/y/
NKSH,2024,assets,assets_mln,9157.6,9160.0,1.0,match,RUB,https://smart-lab.ru/q/NKSH/f/y/
NKSH,2025,assets,assets_mln,10000.0,10000.0,1.0,match,RUB,https://smart-lab.ru/q/NKSH/f/y/
NKSH,2024,net_assets,equity_mln,4789.0,4790.0,1.0,flag(needs_mapping),RUB,https://smart-lab.ru/q/NKSH/f/y/
NKSH,2025,net_assets,equity_mln,,4660.0,,skip_empty(needs_mapping),RUB,https://smart-lab.ru/q/NKSH/f/y/
NKSH,2024,debt,total_debt_mln,,0.0,,skip_empty(needs_mapping),RUB,https://smart-lab.ru/q/NKSH/f/y/
NKSH,2025,debt,total_debt_mln,,0.0,,skip_empty(needs_mapping),RUB,https://smart-lab.ru/q/NKSH/f/y/
NKSH,2024,net_debt,net_debt_mln,-25.8,-30.0,1.163,flag(needs_mapping),RUB,https://smart-lab.ru/q/NKSH/f/y/
NKSH,2025,net_debt,net_debt_mln,,-30.0,,skip_empty(needs_mapping),RUB,https://smart-lab.ru/q/NKSH/f/y/
NKSH,2024,ocf,CFO_,2509.7,2510.0,1.0,flag(needs_mapping),RUB,https://smart-lab.ru/q/NKSH/f/y/
NKSH,2025,ocf,CFO_,,1980.0,,skip_empty(needs_mapping),RUB,https://smart-lab.ru/q/NKSH/f/y/
NKSH,2024,capex,CAPEX_,2437.5,2440.0,1.001,flag(needs_mapping),RUB,https://smart-lab.ru/q/NKSH/f/y/
NKSH,2025,capex,CAPEX_,,2170.0,,skip_empty(needs_mapping),RUB,https://smart-lab.ru/q/NKSH/f/y/
NKSH,2024,fcf,FCF,72.2,57.0,0.79,flag(needs_mapping),RUB,https://smart-lab.ru/q/NKSH/f/y/
NKSH,2025,fcf,FCF,,-191.0,,skip_empty(needs_mapping),RUB,https://smart-lab.ru/q/NKSH/f/y/
NLMK,2024,revenue,revenue_mln,979593.0,979600.0,1.0,match,RUB,https://smart-lab.ru/q/NLMK/f/y/
NLMK,2025,revenue,revenue_mln,831400.0,831400.0,1.0,match,RUB,https://smart-lab.ru/q/NLMK/f/y/
NLMK,2024,net_income,net_profit_mln,121857.0,121800.0,1.0,match,RUB,https://smart-lab.ru/q/NLMK/f/y/
NLMK,2025,net_income,net_profit_mln,63100.0,63100.0,1.0,match,RUB,https://smart-lab.ru/q/NLMK/f/y/
NLMK,2024,ebitda,ebitda_mln,209043.0,256900.0,1.229,flag(needs_mapping),RUB,https://smart-lab.ru/q/NLMK/f/y/
NLMK,2025,ebitda,ebitda_mln,,140500.0,,skip_empty(needs_mapping),RUB,https://smart-lab.ru/q/NLMK/f/y/
NLMK,2024,assets,assets_mln,1130870.0,1131000.0,1.0,match,RUB,https://smart-lab.ru/q/NLMK/f/y/
NLMK,2025,assets,assets_mln,1130000.0,1130000.0,1.0,match,RUB,https://smart-lab.ru/q/NLMK/f/y/
NLMK,2024,net_assets,equity_mln,859913.0,859300.0,0.999,flag(needs_mapping),RUB,https://smart-lab.ru/q/NLMK/f/y/
NLMK,2025,net_assets,equity_mln,,884300.0,,skip_empty(needs_mapping),RUB,https://smart-lab.ru/q/NLMK/f/y/
NLMK,2024,debt,total_debt_mln,77500.0,77500.0,1.0,flag(needs_mapping),RUB,https://smart-lab.ru/q/NLMK/f/y/
NLMK,2025,debt,total_debt_mln,,69600.0,,skip_empty(needs_mapping),RUB,https://smart-lab.ru/q/NLMK/f/y/
NLMK,2024,net_debt,net_debt_mln,-10139.0,-10200.0,1.006,flag(needs_mapping),RUB,https://smart-lab.ru/q/NLMK/f/y/
NLMK,2025,net_debt,net_debt_mln,,-45700.0,,skip_empty(needs_mapping),RUB,https://smart-lab.ru/q/NLMK/f/y/
NLMK,2024,ocf,CFO_,185400.0,185400.0,1.0,flag(needs_mapping),RUB,https://smart-lab.ru/q/NLMK/f/y/
NLMK,2025,ocf,CFO_,,127300.0,,skip_empty(needs_mapping),RUB,https://smart-lab.ru/q/NLMK/f/y/
NLMK,2024,capex,CAPEX_,113400.0,113400.0,1.0,flag(needs_mapping),RUB,https://smart-lab.ru/q/NLMK/f/y/
NLMK,2025,capex,CAPEX_,,102600.0,,skip_empty(needs_mapping),RUB,https://smart-lab.ru/q/NLMK/f/y/
NLMK,2024,fcf,FCF,72000.0,35100.0,0.487,flag(needs_mapping),RUB,https://smart-lab.ru/q/NLMK/f/y/
NLMK,2025,fcf,FCF,,32300.0,,skip_empty(needs_mapping),RUB,https://smart-lab.ru/q/NLMK/f/y/
NMTP,2024,revenue,revenue_mln,71156.0,71200.0,1.001,match,RUB,https://smart-lab.ru/q/NMTP/f/y/
NMTP,2025,revenue,revenue_mln,76500.0,76500.0,1.0,match,RUB,https://smart-lab.ru/q/NMTP/f/y/
NMTP,2024,net_income,net_profit_mln,37823.0,37400.0,0.989,match,RUB,https://smart-lab.ru/q/NMTP/f/y/
NMTP,2025,net_income,net_profit_mln,39900.0,39900.0,1.0,match,RUB,https://smart-lab.ru/q/NMTP/f/y/
NMTP,2024,ebitda,ebitda_mln,51130.0,48200.0,0.943,flag(needs_mapping),RUB,https://smart-lab.ru/q/NMTP/f/y/
NMTP,2025,ebitda,ebitda_mln,,52700.0,,skip_empty(needs_mapping),RUB,https://smart-lab.ru/q/NMTP/f/y/
NMTP,2024,assets,assets_mln,219960.0,220000.0,1.0,match,RUB,https://smart-lab.ru/q/NMTP/f/y/
NMTP,2025,assets,assets_mln,253200.0,253200.0,1.0,match,RUB,https://smart-lab.ru/q/NMTP/f/y/
NMTP,2024,net_assets,equity_mln,171210.0,169400.0,0.989,flag(needs_mapping),RUB,https://smart-lab.ru/q/NMTP/f/y/
NMTP,2025,net_assets,equity_mln,,192400.0,,skip_empty(needs_mapping),RUB,https://smart-lab.ru/q/NMTP/f/y/
NMTP,2024,debt,total_debt_mln,10500.0,10500.0,1.0,flag(needs_mapping),RUB,https://smart-lab.ru/q/NMTP/f/y/
NMTP,2025,debt,total_debt_mln,,19100.0,,skip_empty(needs_mapping),RUB,https://smart-lab.ru/q/NMTP/f/y/
NMTP,2024,net_debt,net_debt_mln,-4040.0,-28300.0,7.005,flag(needs_mapping),RUB,https://smart-lab.ru/q/NMTP/f/y/
NMTP,2025,net_debt,net_debt_mln,,-42800.0,,skip_empty(needs_mapping),RUB,https://smart-lab.ru/q/NMTP/f/y/
NMTP,2024,ocf,CFO_,35700.0,35700.0,1.0,flag(needs_mapping),RUB,https://smart-lab.ru/q/NMTP/f/y/
NMTP,2025,ocf,CFO_,,42400.0,,skip_empty(needs_mapping),RUB,https://smart-lab.ru/q/NMTP/f/y/
NMTP,2024,capex,CAPEX_,20000.0,20000.0,1.0,flag(needs_mapping),RUB,https://smart-lab.ru/q/NMTP/f/y/
NMTP,2025,capex,CAPEX_,,19400.0,,skip_empty(needs_mapping),RUB,https://smart-lab.ru/q/NMTP/f/y/
NMTP,2024,fcf,FCF,15700.0,22900.0,1.459,flag(needs_mapping),RUB,https://smart-lab.ru/q/NMTP/f/y/
NMTP,2025,fcf,FCF,,32700.0,,skip_empty(needs_mapping),RUB,https://smart-lab.ru/q/NMTP/f/y/
NNSB,2024,revenue,revenue_mln,47002.5,47000.0,1.0,match,RUB,https://smart-lab.ru/q/NNSB/f/y/
NNSB,2025,revenue,revenue_mln,52900.0,52900.0,1.0,match,RUB,https://smart-lab.ru/q/NNSB/f/y/
NNSB,2024,net_income,net_profit_mln,378.3,378.0,0.999,match,RUB,https://smart-lab.ru/q/NNSB/f/y/
NNSB,2025,net_income,net_profit_mln,2020.0,2020.0,1.0,match,RUB,https://smart-lab.ru/q/NNSB/f/y/
NNSB,2024,ebitda,ebitda_mln,1371.3,1370.0,0.999,flag(needs_mapping),RUB,https://smart-lab.ru/q/NNSB/f/y/
NNSB,2025,ebitda,ebitda_mln,,2670.0,,skip_empty(needs_mapping),RUB,https://smart-lab.ru/q/NNSB/f/y/
NNSB,2024,assets,assets_mln,16057.5,15900.0,0.99,match,RUB,https://smart-lab.ru/q/NNSB/f/y/
NNSB,2025,assets,assets_mln,18600.0,18600.0,1.0,match,RUB,https://smart-lab.ru/q/NNSB/f/y/
NNSB,2024,net_assets,equity_mln,-5634.2,-5630.0,0.999,flag(needs_mapping),RUB,https://smart-lab.ru/q/NNSB/f/y/
NNSB,2025,net_assets,equity_mln,,488.0,,skip_empty(needs_mapping),RUB,https://smart-lab.ru/q/NNSB/f/y/
NNSB,2024,debt,total_debt_mln,,1920.0,,skip_empty(needs_mapping),RUB,https://smart-lab.ru/q/NNSB/f/y/
NNSB,2025,debt,total_debt_mln,,16.0,,skip_empty(needs_mapping),RUB,https://smart-lab.ru/q/NNSB/f/y/
NNSB,2024,net_debt,net_debt_mln,1512.9,1510.0,0.998,flag(needs_mapping),RUB,https://smart-lab.ru/q/NNSB/f/y/
NNSB,2025,net_debt,net_debt_mln,,-2190.0,,skip_empty(needs_mapping),RUB,https://smart-lab.ru/q/NNSB/f/y/
NNSB,2024,ocf,CFO_,-1108.3,-1110.0,1.002,flag(needs_mapping),RUB,https://smart-lab.ru/q/NNSB/f/y/
NNSB,2025,ocf,CFO_,,617.0,,skip_empty(needs_mapping),RUB,https://smart-lab.ru/q/NNSB/f/y/
NNSB,2024,capex,CAPEX_,209.3,209.0,0.999,flag(needs_mapping),RUB,https://smart-lab.ru/q/NNSB/f/y/
NNSB,2025,capex,CAPEX_,,350.0,,skip_empty(needs_mapping),RUB,https://smart-lab.ru/q/NNSB/f/y/
NNSB,2024,fcf,FCF,-1317.6,-1330.0,1.009,flag(needs_mapping),RUB,https://smart-lab.ru/q/NNSB/f/y/
NNSB,2025,fcf,FCF,,641.0,,skip_empty(needs_mapping),RUB,https://smart-lab.ru/q/NNSB/f/y/
NNSBP,2024,revenue,revenue_mln,47002.5,47000.0,1.0,match,RUB,https://smart-lab.ru/q/NNSB/f/y/ (←NNSB)
NNSBP,2025,revenue,revenue_mln,,52900.0,,FILL,RUB,https://smart-lab.ru/q/NNSB/f/y/ (←NNSB)
NNSBP,2024,net_income,net_profit_mln,378.3,378.0,0.999,match,RUB,https://smart-lab.ru/q/NNSB/f/y/ (←NNSB)
NNSBP,2025,net_income,net_profit_mln,,2020.0,,FILL,RUB,https://smart-lab.ru/q/NNSB/f/y/ (←NNSB)
NNSBP,2024,ebitda,ebitda_mln,1371.3,1370.0,0.999,flag(needs_mapping),RUB,https://smart-lab.ru/q/NNSB/f/y/ (←NNSB)
NNSBP,2025,ebitda,ebitda_mln,,2670.0,,skip_empty(needs_mapping),RUB,https://smart-lab.ru/q/NNSB/f/y/ (←NNSB)
NNSBP,2024,assets,assets_mln,16057.5,15900.0,0.99,match,RUB,https://smart-lab.ru/q/NNSB/f/y/ (←NNSB)
NNSBP,2025,assets,assets_mln,,18600.0,,FILL,RUB,https://smart-lab.ru/q/NNSB/f/y/ (←NNSB)
NNSBP,2024,net_assets,equity_mln,-5634.2,-5630.0,0.999,flag(needs_mapping),RUB,https://smart-lab.ru/q/NNSB/f/y/ (←NNSB)
NNSBP,2025,net_assets,equity_mln,,488.0,,skip_empty(needs_mapping),RUB,https://smart-lab.ru/q/NNSB/f/y/ (←NNSB)
NNSBP,2024,debt,total_debt_mln,,1920.0,,skip_empty(needs_mapping),RUB,https://smart-lab.ru/q/NNSB/f/y/ (←NNSB)
NNSBP,2025,debt,total_debt_mln,,16.0,,skip_empty(needs_mapping),RUB,https://smart-lab.ru/q/NNSB/f/y/ (←NNSB)
NNSBP,2024,net_debt,net_debt_mln,1512.9,1510.0,0.998,flag(needs_mapping),RUB,https://smart-lab.ru/q/NNSB/f/y/ (←NNSB)
NNSBP,2025,net_debt,net_debt_mln,,-2190.0,,skip_empty(needs_mapping),RUB,https://smart-lab.ru/q/NNSB/f/y/ (←NNSB)
NNSBP,2024,ocf,CFO_,-1108.3,-1110.0,1.002,flag(needs_mapping),RUB,https://smart-lab.ru/q/NNSB/f/y/ (←NNSB)
NNSBP,2025,ocf,CFO_,,617.0,,skip_empty(needs_mapping),RUB,https://smart-lab.ru/q/NNSB/f/y/ (←NNSB)
NNSBP,2024,capex,CAPEX_,209.3,209.0,0.999,flag(needs_mapping),RUB,https://smart-lab.ru/q/NNSB/f/y/ (←NNSB)
NNSBP,2025,capex,CAPEX_,,350.0,,skip_empty(needs_mapping),RUB,https://smart-lab.ru/q/NNSB/f/y/ (←NNSB)
NNSBP,2024,fcf,FCF,-1317.6,-1330.0,1.009,flag(needs_mapping),RUB,https://smart-lab.ru/q/NNSB/f/y/ (←NNSB)
NNSBP,2025,fcf,FCF,,641.0,,skip_empty(needs_mapping),RUB,https://smart-lab.ru/q/NNSB/f/y/ (←NNSB)
NSVZ,2024,revenue,revenue_mln,8835.7,8840.0,1.0,match,RUB,https://smart-lab.ru/q/NSVZ/f/y/
NSVZ,2025,revenue,revenue_mln,7300.0,7300.0,1.0,match,RUB,https://smart-lab.ru/q/NSVZ/f/y/
NSVZ,2024,net_income,net_profit_mln,278.3,279.0,1.003,match,RUB,https://smart-lab.ru/q/NSVZ/f/y/
NSVZ,2025,net_income,net_profit_mln,4.0,4.0,1.0,match,RUB,https://smart-lab.ru/q/NSVZ/f/y/
NSVZ,2024,ebitda,ebitda_mln,1163.9,1230.0,1.057,flag(needs_mapping),RUB,https://smart-lab.ru/q/NSVZ/f/y/
NSVZ,2025,ebitda,ebitda_mln,,1250.0,,skip_empty(needs_mapping),RUB,https://smart-lab.ru/q/NSVZ/f/y/
NSVZ,2024,assets,assets_mln,10919.9,10900.0,0.998,match,RUB,https://smart-lab.ru/q/NSVZ/f/y/
NSVZ,2025,assets,assets_mln,10100.0,10100.0,1.0,match,RUB,https://smart-lab.ru/q/NSVZ/f/y/
NSVZ,2024,net_assets,equity_mln,3796.1,3740.0,0.985,flag(needs_mapping),RUB,https://smart-lab.ru/q/NSVZ/f/y/
NSVZ,2025,net_assets,equity_mln,,3730.0,,skip_empty(needs_mapping),RUB,https://smart-lab.ru/q/NSVZ/f/y/
NSVZ,2024,debt,total_debt_mln,,3100.0,,skip_empty(needs_mapping),RUB,https://smart-lab.ru/q/NSVZ/f/y/
NSVZ,2025,debt,total_debt_mln,,4350.0,,skip_empty(needs_mapping),RUB,https://smart-lab.ru/q/NSVZ/f/y/
NSVZ,2024,net_debt,net_debt_mln,3263.5,2840.0,0.87,flag(needs_mapping),RUB,https://smart-lab.ru/q/NSVZ/f/y/
NSVZ,2025,net_debt,net_debt_mln,,4270.0,,skip_empty(needs_mapping),RUB,https://smart-lab.ru/q/NSVZ/f/y/
NSVZ,2024,ocf,CFO_,-25.6,-26.0,1.016,flag(needs_mapping),RUB,https://smart-lab.ru/q/NSVZ/f/y/
NSVZ,2025,ocf,CFO_,,-846.0,,skip_empty(needs_mapping),RUB,https://smart-lab.ru/q/NSVZ/f/y/
NSVZ,2024,capex,CAPEX_,344.9,345.0,1.0,flag(needs_mapping),RUB,https://smart-lab.ru/q/NSVZ/f/y/
NSVZ,2025,capex,CAPEX_,,364.0,,skip_empty(needs_mapping),RUB,https://smart-lab.ru/q/NSVZ/f/y/
NSVZ,2024,fcf,FCF,-370.5,-556.0,1.501,flag(needs_mapping),RUB,https://smart-lab.ru/q/NSVZ/f/y/
NSVZ,2025,fcf,FCF,,-1430.0,,skip_empty(needs_mapping),RUB,https://smart-lab.ru/q/NSVZ/f/y/
NVTK,2024,revenue,revenue_mln,1545851.0,1546000.0,1.0,match,RUB,https://smart-lab.ru/q/NVTK/f/y/
NVTK,2025,revenue,revenue_mln,1446000.0,1446000.0,1.0,match,RUB,https://smart-lab.ru/q/NVTK/f/y/
NVTK,2024,net_income,net_profit_mln,500211.0,493500.0,0.987,match,RUB,https://smart-lab.ru/q/NVTK/f/y/
NVTK,2025,net_income,net_profit_mln,183000.0,183000.0,1.0,match,RUB,https://smart-lab.ru/q/NVTK/f/y/
NVTK,2024,ebitda,ebitda_mln,664723.0,1008000.0,1.516,flag(needs_mapping),RUB,https://smart-lab.ru/q/NVTK/f/y/
NVTK,2025,ebitda,ebitda_mln,859300.0,859300.0,1.0,flag(needs_mapping),RUB,https://smart-lab.ru/q/NVTK/f/y/
NVTK,2024,assets,assets_mln,3740785.0,3740000.0,1.0,match,RUB,https://smart-lab.ru/q/NVTK/f/y/
NVTK,2025,assets,assets_mln,3589000.0,3589000.0,1.0,match,RUB,https://smart-lab.ru/q/NVTK/f/y/
NVTK,2024,net_assets,equity_mln,2848001.0,2837000.0,0.996,flag(needs_mapping),RUB,https://smart-lab.ru/q/NVTK/f/y/
NVTK,2025,net_assets,equity_mln,3607000.0,2829000.0,0.784,flag(needs_mapping),RUB,https://smart-lab.ru/q/NVTK/f/y/
NVTK,2024,debt,total_debt_mln,320000.0,320000.0,1.0,flag(needs_mapping),RUB,https://smart-lab.ru/q/NVTK/f/y/
NVTK,2025,debt,total_debt_mln,298700.0,298700.0,1.0,flag(needs_mapping),RUB,https://smart-lab.ru/q/NVTK/f/y/
NVTK,2024,net_debt,net_debt_mln,141607.0,141600.0,1.0,flag(needs_mapping),RUB,https://smart-lab.ru/q/NVTK/f/y/
NVTK,2025,net_debt,net_debt_mln,-39200.0,-39200.0,1.0,flag(needs_mapping),RUB,https://smart-lab.ru/q/NVTK/f/y/
NVTK,2024,ocf,CFO_,357142.0,357100.0,1.0,flag(needs_mapping),RUB,https://smart-lab.ru/q/NVTK/f/y/
NVTK,2025,ocf,CFO_,503300.0,503300.0,1.0,flag(needs_mapping),RUB,https://smart-lab.ru/q/NVTK/f/y/
NVTK,2024,capex,CAPEX_,192970.0,193000.0,1.0,flag(needs_mapping),RUB,https://smart-lab.ru/q/NVTK/f/y/
NVTK,2025,capex,CAPEX_,150100.0,150100.0,1.0,flag(needs_mapping),RUB,https://smart-lab.ru/q/NVTK/f/y/
NVTK,2024,fcf,FCF,164172.0,164100.0,1.0,flag(needs_mapping),RUB,https://smart-lab.ru/q/NVTK/f/y/
NVTK,2025,fcf,FCF,353200.0,353200.0,1.0,flag(needs_mapping),RUB,https://smart-lab.ru/q/NVTK/f/y/
OKEY,2024,revenue,revenue_mln,219358.2,219400.0,1.0,match,RUB,https://smart-lab.ru/q/OKEY/f/y/
OKEY,2025,revenue,revenue_mln,80000.0,80000.0,1.0,match,RUB,https://smart-lab.ru/q/OKEY/f/y/
OKEY,2024,net_income,net_profit_mln,1988.3,1680.0,0.845,FLAG_DIVERGENCE,RUB,https://smart-lab.ru/q/OKEY/f/y/
OKEY,2025,net_income,net_profit_mln,,14500.0,,skip(col_diverged),RUB,https://smart-lab.ru/q/OKEY/f/y/
OKEY,2024,ebitda,ebitda_mln,19781.4,20500.0,1.036,flag(needs_mapping),RUB,https://smart-lab.ru/q/OKEY/f/y/
OKEY,2025,ebitda,ebitda_mln,,17200.0,,skip_empty(needs_mapping),RUB,https://smart-lab.ru/q/OKEY/f/y/
OKEY,2024,assets,assets_mln,119187.9,119200.0,1.0,match,RUB,https://smart-lab.ru/q/OKEY/f/y/
OKEY,2025,assets,assets_mln,42100.0,42100.0,1.0,match,RUB,https://smart-lab.ru/q/OKEY/f/y/
OKEY,2024,net_assets,equity_mln,13377.4,13400.0,1.002,flag(needs_mapping),RUB,https://smart-lab.ru/q/OKEY/f/y/
OKEY,2025,net_assets,equity_mln,,27100.0,,skip_empty(needs_mapping),RUB,https://smart-lab.ru/q/OKEY/f/y/
OKEY,2024,debt,total_debt_mln,,47900.0,,skip_empty(needs_mapping),RUB,https://smart-lab.ru/q/OKEY/f/y/
OKEY,2025,debt,total_debt_mln,,0.0,,skip_empty(needs_mapping),RUB,https://smart-lab.ru/q/OKEY/f/y/
OKEY,2024,net_debt,net_debt_mln,54257.4,32100.0,0.592,flag(needs_mapping),RUB,https://smart-lab.ru/q/OKEY/f/y/
OKEY,2025,net_debt,net_debt_mln,,-7990.0,,skip_empty(needs_mapping),RUB,https://smart-lab.ru/q/OKEY/f/y/
OKEY,2024,ocf,CFO_,19400.0,19400.0,1.0,flag(needs_mapping),RUB,https://smart-lab.ru/q/OKEY/f/y/
OKEY,2025,ocf,CFO_,,7490.0,,skip_empty(needs_mapping),RUB,https://smart-lab.ru/q/OKEY/f/y/
OKEY,2024,capex,CAPEX_,1840.0,1840.0,1.0,flag(needs_mapping),RUB,https://smart-lab.ru/q/OKEY/f/y/
OKEY,2025,capex,CAPEX_,,1290.0,,skip_empty(needs_mapping),RUB,https://smart-lab.ru/q/OKEY/f/y/
OKEY,2024,fcf,FCF,17560.0,3920.0,0.223,flag(needs_mapping),RUB,https://smart-lab.ru/q/OKEY/f/y/
OKEY,2025,fcf,FCF,,-4850.0,,skip_empty(needs_mapping),RUB,https://smart-lab.ru/q/OKEY/f/y/
OMZZP,2024,revenue,revenue_mln,27257.4,27300.0,1.002,match,RUB,https://smart-lab.ru/q/OMZZ/f/y/ (←OMZZ)
OMZZP,2025,revenue,revenue_mln,,23700.0,,FILL,RUB,https://smart-lab.ru/q/OMZZ/f/y/ (←OMZZ)
OMZZP,2024,net_income,net_profit_mln,9276.2,1900.0,0.205,FLAG_DIVERGENCE,RUB,https://smart-lab.ru/q/OMZZ/f/y/ (←OMZZ)
OMZZP,2025,net_income,net_profit_mln,,-3050.0,,skip(col_diverged),RUB,https://smart-lab.ru/q/OMZZ/f/y/ (←OMZZ)
OMZZP,2024,ebitda,ebitda_mln,7071.4,890.0,0.126,flag(needs_mapping),RUB,https://smart-lab.ru/q/OMZZ/f/y/ (←OMZZ)
OMZZP,2025,ebitda,ebitda_mln,,2940.0,,skip_empty(needs_mapping),RUB,https://smart-lab.ru/q/OMZZ/f/y/ (←OMZZ)
OMZZP,2024,assets,assets_mln,87804.4,87800.0,1.0,match,RUB,https://smart-lab.ru/q/OMZZ/f/y/ (←OMZZ)
OMZZP,2025,assets,assets_mln,,88900.0,,FILL,RUB,https://smart-lab.ru/q/OMZZ/f/y/ (←OMZZ)
OMZZP,2024,net_assets,equity_mln,47471.7,45500.0,0.958,flag(needs_mapping),RUB,https://smart-lab.ru/q/OMZZ/f/y/ (←OMZZ)
OMZZP,2025,net_assets,equity_mln,,45400.0,,skip_empty(needs_mapping),RUB,https://smart-lab.ru/q/OMZZ/f/y/ (←OMZZ)
OMZZP,2024,debt,total_debt_mln,21900.0,21900.0,1.0,flag(needs_mapping),RUB,https://smart-lab.ru/q/OMZZ/f/y/ (←OMZZ)
OMZZP,2025,debt,total_debt_mln,,22700.0,,skip_empty(needs_mapping),RUB,https://smart-lab.ru/q/OMZZ/f/y/ (←OMZZ)
OMZZP,2024,net_debt,net_debt_mln,2104.1,1360.0,0.646,flag(needs_mapping),RUB,https://smart-lab.ru/q/OMZZ/f/y/ (←OMZZ)
OMZZP,2025,net_debt,net_debt_mln,,2460.0,,skip_empty(needs_mapping),RUB,https://smart-lab.ru/q/OMZZ/f/y/ (←OMZZ)
OMZZP,2024,ocf,CFO_,-2269.2,-2270.0,1.0,flag(needs_mapping),RUB,https://smart-lab.ru/q/OMZZ/f/y/ (←OMZZ)
OMZZP,2025,ocf,CFO_,,-6640.0,,skip_empty(needs_mapping),RUB,https://smart-lab.ru/q/OMZZ/f/y/ (←OMZZ)
OMZZP,2024,capex,CAPEX_,1820.5,1820.0,1.0,flag(needs_mapping),RUB,https://smart-lab.ru/q/OMZZ/f/y/ (←OMZZ)
OMZZP,2025,capex,CAPEX_,,411.0,,skip_empty(needs_mapping),RUB,https://smart-lab.ru/q/OMZZ/f/y/ (←OMZZ)
OMZZP,2024,fcf,FCF,-4089.7,4150.0,-1.015,flag(needs_mapping),RUB,https://smart-lab.ru/q/OMZZ/f/y/ (←OMZZ)
OMZZP,2025,fcf,FCF,,-4290.0,,skip_empty(needs_mapping),RUB,https://smart-lab.ru/q/OMZZ/f/y/ (←OMZZ)
OZON,2024,revenue,revenue_mln,615732.0,615700.0,1.0,match,RUB,https://smart-lab.ru/q/OZON/f/y/
OZON,2025,revenue,revenue_mln,998000.0,998000.0,1.0,match,RUB,https://smart-lab.ru/q/OZON/f/y/
OZON,2024,net_income,net_profit_mln,-59442.0,-59400.0,0.999,match,RUB,https://smart-lab.ru/q/OZON/f/y/
OZON,2025,net_income,net_profit_mln,-938.0,-938.0,1.0,match,RUB,https://smart-lab.ru/q/OZON/f/y/
OZON,2024,ebitda,ebitda_mln,32829.0,40100.0,1.221,flag(needs_mapping),RUB,https://smart-lab.ru/q/OZON/f/y/
OZON,2025,ebitda,ebitda_mln,156400.0,156400.0,1.0,flag(needs_mapping),RUB,https://smart-lab.ru/q/OZON/f/y/
OZON,2024,assets,assets_mln,890235.0,890000.0,1.0,match,RUB,https://smart-lab.ru/q/OZON/f/y/
OZON,2025,assets,assets_mln,1430000.0,1430000.0,1.0,match,RUB,https://smart-lab.ru/q/OZON/f/y/
OZON,2024,net_assets,equity_mln,-132500.0,-132500.0,1.0,flag(needs_mapping),RUB,https://smart-lab.ru/q/OZON/f/y/
OZON,2025,net_assets,equity_mln,972800.0,-148400.0,-0.153,flag(needs_mapping),RUB,https://smart-lab.ru/q/OZON/f/y/
OZON,2024,debt,total_debt_mln,641900.0,641900.0,1.0,flag(needs_mapping),RUB,https://smart-lab.ru/q/OZON/f/y/
OZON,2025,debt,total_debt_mln,,1052000.0,,skip_empty(needs_mapping),RUB,https://smart-lab.ru/q/OZON/f/y/
OZON,2024,net_debt,net_debt_mln,-2092.0,184000.0,-87.954,flag(needs_mapping),RUB,https://smart-lab.ru/q/OZON/f/y/
OZON,2025,net_debt,net_debt_mln,0.0,206500.0,,flag(needs_mapping),RUB,https://smart-lab.ru/q/OZON/f/y/
OZON,2024,ocf,CFO_,286300.0,286300.0,1.0,flag(needs_mapping),RUB,https://smart-lab.ru/q/OZON/f/y/
OZON,2025,ocf,CFO_,503600.0,503600.0,1.0,flag(needs_mapping),RUB,https://smart-lab.ru/q/OZON/f/y/
OZON,2024,capex,CAPEX_,70400.0,70400.0,1.0,flag(needs_mapping),RUB,https://smart-lab.ru/q/OZON/f/y/
OZON,2025,capex,CAPEX_,,58200.0,,skip_empty(needs_mapping),RUB,https://smart-lab.ru/q/OZON/f/y/
OZON,2024,fcf,FCF,215900.0,-84300.0,-0.39,flag(needs_mapping),RUB,https://smart-lab.ru/q/OZON/f/y/
OZON,2025,fcf,FCF,,19800.0,,skip_empty(needs_mapping),RUB,https://smart-lab.ru/q/OZON/f/y/
OZPH,2024,revenue,revenue_mln,25562.0,25600.0,1.001,match,RUB,https://smart-lab.ru/q/OZPH/f/y/
OZPH,2025,revenue,revenue_mln,31600.0,31600.0,1.0,match,RUB,https://smart-lab.ru/q/OZPH/f/y/
OZPH,2024,net_income,net_profit_mln,4610.7,4610.0,1.0,match,RUB,https://smart-lab.ru/q/OZPH/f/y/
OZPH,2025,net_income,net_profit_mln,6170.0,6170.0,1.0,match,RUB,https://smart-lab.ru/q/OZPH/f/y/
OZPH,2024,ebitda,ebitda_mln,9067.9,9480.0,1.045,flag(needs_mapping),RUB,https://smart-lab.ru/q/OZPH/f/y/
OZPH,2025,ebitda,ebitda_mln,,12200.0,,skip_empty(needs_mapping),RUB,https://smart-lab.ru/q/OZPH/f/y/
OZPH,2024,assets,assets_mln,49543.1,49500.0,0.999,match,RUB,https://smart-lab.ru/q/OZPH/f/y/
OZPH,2025,assets,assets_mln,53200.0,53200.0,1.0,match,RUB,https://smart-lab.ru/q/OZPH/f/y/
OZPH,2024,net_assets,equity_mln,25337.2,25300.0,0.999,flag(needs_mapping),RUB,https://smart-lab.ru/q/OZPH/f/y/
OZPH,2025,net_assets,equity_mln,,33200.0,,skip_empty(needs_mapping),RUB,https://smart-lab.ru/q/OZPH/f/y/
OZPH,2024,debt,total_debt_mln,15500.0,15500.0,1.0,flag(needs_mapping),RUB,https://smart-lab.ru/q/OZPH/f/y/
OZPH,2025,debt,total_debt_mln,,11800.0,,skip_empty(needs_mapping),RUB,https://smart-lab.ru/q/OZPH/f/y/
OZPH,2024,net_debt,net_debt_mln,10078.8,9940.0,0.986,flag(needs_mapping),RUB,https://smart-lab.ru/q/OZPH/f/y/
OZPH,2025,net_debt,net_debt_mln,,8980.0,,skip_empty(needs_mapping),RUB,https://smart-lab.ru/q/OZPH/f/y/
OZPH,2024,ocf,CFO_,5829.6,5830.0,1.0,flag(needs_mapping),RUB,https://smart-lab.ru/q/OZPH/f/y/
OZPH,2025,ocf,CFO_,,3250.0,,skip_empty(needs_mapping),RUB,https://smart-lab.ru/q/OZPH/f/y/
OZPH,2024,capex,CAPEX_,4281.9,4280.0,1.0,flag(needs_mapping),RUB,https://smart-lab.ru/q/OZPH/f/y/
OZPH,2025,capex,CAPEX_,,3980.0,,skip_empty(needs_mapping),RUB,https://smart-lab.ru/q/OZPH/f/y/
OZPH,2024,fcf,FCF,1547.7,1240.0,0.801,flag(needs_mapping),RUB,https://smart-lab.ru/q/OZPH/f/y/
OZPH,2025,fcf,FCF,,-302.0,,skip_empty(needs_mapping),RUB,https://smart-lab.ru/q/OZPH/f/y/
PAZA,2024,revenue,revenue_mln,33063.7,33100.0,1.001,match,RUB,https://smart-lab.ru/q/PAZA/f/y/
PAZA,2025,revenue,revenue_mln,24200.0,24200.0,1.0,match,RUB,https://smart-lab.ru/q/PAZA/f/y/
PAZA,2024,net_income,net_profit_mln,1301.2,1300.0,0.999,match,RUB,https://smart-lab.ru/q/PAZA/f/y/
PAZA,2025,net_income,net_profit_mln,1180.0,1180.0,1.0,match,RUB,https://smart-lab.ru/q/PAZA/f/y/
PAZA,2024,ebitda,ebitda_mln,3205.3,2030.0,0.633,flag(needs_mapping),RUB,https://smart-lab.ru/q/PAZA/f/y/
PAZA,2025,ebitda,ebitda_mln,,1250.0,,skip_empty(needs_mapping),RUB,https://smart-lab.ru/q/PAZA/f/y/
PAZA,2024,assets,assets_mln,32524.9,32500.0,0.999,match,RUB,https://smart-lab.ru/q/PAZA/f/y/
PAZA,2025,assets,assets_mln,23600.0,23600.0,1.0,match,RUB,https://smart-lab.ru/q/PAZA/f/y/
PAZA,2024,net_assets,equity_mln,12751.3,12800.0,1.004,flag(needs_mapping),RUB,https://smart-lab.ru/q/PAZA/f/y/
PAZA,2025,net_assets,equity_mln,,13900.0,,skip_empty(needs_mapping),RUB,https://smart-lab.ru/q/PAZA/f/y/
PAZA,2024,debt,total_debt_mln,,2450.0,,skip_empty(needs_mapping),RUB,https://smart-lab.ru/q/PAZA/f/y/
PAZA,2025,debt,total_debt_mln,,752.0,,skip_empty(needs_mapping),RUB,https://smart-lab.ru/q/PAZA/f/y/
PAZA,2024,net_debt,net_debt_mln,-7244.3,-7250.0,1.001,flag(needs_mapping),RUB,https://smart-lab.ru/q/PAZA/f/y/
PAZA,2025,net_debt,net_debt_mln,,-1270.0,,skip_empty(needs_mapping),RUB,https://smart-lab.ru/q/PAZA/f/y/
PAZA,2024,ocf,CFO_,4492.3,4490.0,0.999,flag(needs_mapping),RUB,https://smart-lab.ru/q/PAZA/f/y/
PAZA,2025,ocf,CFO_,,-7120.0,,skip_empty(needs_mapping),RUB,https://smart-lab.ru/q/PAZA/f/y/
PAZA,2024,capex,CAPEX_,878.6,878.0,0.999,flag(needs_mapping),RUB,https://smart-lab.ru/q/PAZA/f/y/
PAZA,2025,capex,CAPEX_,,905.0,,skip_empty(needs_mapping),RUB,https://smart-lab.ru/q/PAZA/f/y/
PAZA,2024,fcf,FCF,3613.8,4470.0,1.237,flag(needs_mapping),RUB,https://smart-lab.ru/q/PAZA/f/y/
PAZA,2025,fcf,FCF,,-6020.0,,skip_empty(needs_mapping),RUB,https://smart-lab.ru/q/PAZA/f/y/
PHOR,2024,revenue,revenue_mln,507689.0,507700.0,1.0,match,RUB,https://smart-lab.ru/q/PHOR/f/y/
PHOR,2025,revenue,revenue_mln,573600.0,573600.0,1.0,match,RUB,https://smart-lab.ru/q/PHOR/f/y/
PHOR,2024,net_income,net_profit_mln,84469.0,100400.0,1.189,FLAG_DIVERGENCE,RUB,https://smart-lab.ru/q/PHOR/f/y/
PHOR,2025,net_income,net_profit_mln,,102900.0,,skip(col_diverged),RUB,https://smart-lab.ru/q/PHOR/f/y/
PHOR,2024,ebitda,ebitda_mln,154787.0,177000.0,1.144,flag(needs_mapping),RUB,https://smart-lab.ru/q/PHOR/f/y/
PHOR,2025,ebitda,ebitda_mln,,176300.0,,skip_empty(needs_mapping),RUB,https://smart-lab.ru/q/PHOR/f/y/
PHOR,2024,assets,assets_mln,592470.0,592500.0,1.0,match,RUB,https://smart-lab.ru/q/PHOR/f/y/
PHOR,2025,assets,assets_mln,663900.0,663900.0,1.0,match,RUB,https://smart-lab.ru/q/PHOR/f/y/
PHOR,2024,net_assets,equity_mln,164722.0,164600.0,0.999,flag(needs_mapping),RUB,https://smart-lab.ru/q/PHOR/f/y/
PHOR,2025,net_assets,equity_mln,,239600.0,,skip_empty(needs_mapping),RUB,https://smart-lab.ru/q/PHOR/f/y/
PHOR,2024,debt,total_debt_mln,331600.0,331600.0,1.0,flag(needs_mapping),RUB,https://smart-lab.ru/q/PHOR/f/y/
PHOR,2025,debt,total_debt_mln,,328800.0,,skip_empty(needs_mapping),RUB,https://smart-lab.ru/q/PHOR/f/y/
PHOR,2024,net_debt,net_debt_mln,325356.0,321200.0,0.987,flag(needs_mapping),RUB,https://smart-lab.ru/q/PHOR/f/y/
PHOR,2025,net_debt,net_debt_mln,,314100.0,,skip_empty(needs_mapping),RUB,https://smart-lab.ru/q/PHOR/f/y/
PHOR,2024,ocf,CFO_,92800.0,92800.0,1.0,flag(needs_mapping),RUB,https://smart-lab.ru/q/PHOR/f/y/
PHOR,2025,ocf,CFO_,,93100.0,,skip_empty(needs_mapping),RUB,https://smart-lab.ru/q/PHOR/f/y/
PHOR,2024,capex,CAPEX_,82500.0,82500.0,1.0,flag(needs_mapping),RUB,https://smart-lab.ru/q/PHOR/f/y/
PHOR,2025,capex,CAPEX_,,67300.0,,skip_empty(needs_mapping),RUB,https://smart-lab.ru/q/PHOR/f/y/
PHOR,2024,fcf,FCF,10300.0,29000.0,2.816,flag(needs_mapping),RUB,https://smart-lab.ru/q/PHOR/f/y/
PHOR,2025,fcf,FCF,,20700.0,,skip_empty(needs_mapping),RUB,https://smart-lab.ru/q/PHOR/f/y/
PIKK,2024,revenue,revenue_mln,675051.0,675100.0,1.0,match,RUB,https://smart-lab.ru/q/PIKK/f/y/
PIKK,2025,revenue,revenue_mln,769200.0,769200.0,1.0,match,RUB,https://smart-lab.ru/q/PIKK/f/y/
PIKK,2024,net_income,net_profit_mln,28666.0,56100.0,1.957,FLAG_DIVERGENCE,RUB,https://smart-lab.ru/q/PIKK/f/y/
PIKK,2025,net_income,net_profit_mln,,68300.0,,skip(col_diverged),RUB,https://smart-lab.ru/q/PIKK/f/y/
PIKK,2024,ebitda,ebitda_mln,104384.0,144200.0,1.381,flag(needs_mapping),RUB,https://smart-lab.ru/q/PIKK/f/y/
PIKK,2025,ebitda,ebitda_mln,,120100.0,,skip_empty(needs_mapping),RUB,https://smart-lab.ru/q/PIKK/f/y/
PIKK,2024,assets,assets_mln,1522549.0,1523000.0,1.0,match,RUB,https://smart-lab.ru/q/PIKK/f/y/
PIKK,2025,assets,assets_mln,1881000.0,1881000.0,1.0,match,RUB,https://smart-lab.ru/q/PIKK/f/y/
PIKK,2024,net_assets,equity_mln,382459.0,381300.0,0.997,flag(needs_mapping),RUB,https://smart-lab.ru/q/PIKK/f/y/
PIKK,2025,net_assets,equity_mln,,409700.0,,skip_empty(needs_mapping),RUB,https://smart-lab.ru/q/PIKK/f/y/
PIKK,2024,debt,total_debt_mln,648800.0,648800.0,1.0,flag(needs_mapping),RUB,https://smart-lab.ru/q/PIKK/f/y/
PIKK,2025,debt,total_debt_mln,,819400.0,,skip_empty(needs_mapping),RUB,https://smart-lab.ru/q/PIKK/f/y/
PIKK,2024,net_debt,net_debt_mln,416212.0,27300.0,0.066,flag(needs_mapping),RUB,https://smart-lab.ru/q/PIKK/f/y/
PIKK,2025,net_debt,net_debt_mln,,-38500.0,,skip_empty(needs_mapping),RUB,https://smart-lab.ru/q/PIKK/f/y/
PIKK,2024,ocf,CFO_,-109900.0,-109900.0,1.0,flag(needs_mapping),RUB,https://smart-lab.ru/q/PIKK/f/y/
PIKK,2025,ocf,CFO_,,-66200.0,,skip_empty(needs_mapping),RUB,https://smart-lab.ru/q/PIKK/f/y/
PIKK,2024,capex,CAPEX_,12300.0,12300.0,1.0,flag(needs_mapping),RUB,https://smart-lab.ru/q/PIKK/f/y/
PIKK,2025,capex,CAPEX_,,11000.0,,skip_empty(needs_mapping),RUB,https://smart-lab.ru/q/PIKK/f/y/
PIKK,2024,fcf,FCF,-122200.0,-114600.0,0.938,flag(needs_mapping),RUB,https://smart-lab.ru/q/PIKK/f/y/
PIKK,2025,fcf,FCF,,-64500.0,,skip_empty(needs_mapping),RUB,https://smart-lab.ru/q/PIKK/f/y/
PLZL,2024,revenue,revenue_mln,694768.0,694800.0,1.0,match,RUB,https://smart-lab.ru/q/PLZL/f/y/
PLZL,2025,revenue,revenue_mln,712800.0,712800.0,1.0,match,RUB,https://smart-lab.ru/q/PLZL/f/y/
PLZL,2024,net_income,net_profit_mln,305538.0,306000.0,1.002,match,RUB,https://smart-lab.ru/q/PLZL/f/y/
PLZL,2025,net_income,net_profit_mln,314200.0,314200.0,1.0,match,RUB,https://smart-lab.ru/q/PLZL/f/y/
PLZL,2024,ebitda,ebitda_mln,459838.0,538700.0,1.171,flag(needs_mapping),RUB,https://smart-lab.ru/q/PLZL/f/y/
PLZL,2025,ebitda,ebitda_mln,,517800.0,,skip_empty(needs_mapping),RUB,https://smart-lab.ru/q/PLZL/f/y/
PLZL,2024,assets,assets_mln,1151895.0,1152000.0,1.0,match,RUB,https://smart-lab.ru/q/PLZL/f/y/
PLZL,2025,assets,assets_mln,1250000.0,1250000.0,1.0,match,RUB,https://smart-lab.ru/q/PLZL/f/y/
PLZL,2024,net_assets,equity_mln,127015.0,126900.0,0.999,flag(needs_mapping),RUB,https://smart-lab.ru/q/PLZL/f/y/
PLZL,2025,net_assets,equity_mln,,271900.0,,skip_empty(needs_mapping),RUB,https://smart-lab.ru/q/PLZL/f/y/
PLZL,2024,debt,total_debt_mln,879800.0,879800.0,1.0,flag(needs_mapping),RUB,https://smart-lab.ru/q/PLZL/f/y/
PLZL,2025,debt,total_debt_mln,,788300.0,,skip_empty(needs_mapping),RUB,https://smart-lab.ru/q/PLZL/f/y/
PLZL,2024,net_debt,net_debt_mln,719363.0,624700.0,0.868,flag(needs_mapping),RUB,https://smart-lab.ru/q/PLZL/f/y/
PLZL,2025,net_debt,net_debt_mln,,554600.0,,skip_empty(needs_mapping),RUB,https://smart-lab.ru/q/PLZL/f/y/
PLZL,2024,ocf,CFO_,323700.0,323700.0,1.0,flag(needs_mapping),RUB,https://smart-lab.ru/q/PLZL/f/y/
PLZL,2025,ocf,CFO_,,443900.0,,skip_empty(needs_mapping),RUB,https://smart-lab.ru/q/PLZL/f/y/
PLZL,2024,capex,CAPEX_,137800.0,137800.0,1.0,flag(needs_mapping),RUB,https://smart-lab.ru/q/PLZL/f/y/
PLZL,2025,capex,CAPEX_,,215500.0,,skip_empty(needs_mapping),RUB,https://smart-lab.ru/q/PLZL/f/y/
PLZL,2024,fcf,FCF,185900.0,116000.0,0.624,flag(needs_mapping),RUB,https://smart-lab.ru/q/PLZL/f/y/
PLZL,2025,fcf,FCF,,180600.0,,skip_empty(needs_mapping),RUB,https://smart-lab.ru/q/PLZL/f/y/
PMSB,2024,revenue,revenue_mln,52603.0,52600.0,1.0,match,RUB,https://smart-lab.ru/q/PMSB/f/y/
PMSB,2025,revenue,revenue_mln,59000.0,59000.0,1.0,match,RUB,https://smart-lab.ru/q/PMSB/f/y/
PMSB,2024,net_income,net_profit_mln,2658.0,2660.0,1.001,match,RUB,https://smart-lab.ru/q/PMSB/f/y/
PMSB,2025,net_income,net_profit_mln,2390.0,2390.0,1.0,match,RUB,https://smart-lab.ru/q/PMSB/f/y/
PMSB,2024,ebitda,ebitda_mln,2623.0,2650.0,1.01,flag(needs_mapping),RUB,https://smart-lab.ru/q/PMSB/f/y/
PMSB,2025,ebitda,ebitda_mln,,2680.0,,skip_empty(needs_mapping),RUB,https://smart-lab.ru/q/PMSB/f/y/
PMSB,2024,assets,assets_mln,10787.0,10800.0,1.001,match,RUB,https://smart-lab.ru/q/PMSB/f/y/
PMSB,2025,assets,assets_mln,10500.0,10500.0,1.0,match,RUB,https://smart-lab.ru/q/PMSB/f/y/
PMSB,2024,net_assets,equity_mln,4150.0,4150.0,1.0,flag(needs_mapping),RUB,https://smart-lab.ru/q/PMSB/f/y/
PMSB,2025,net_assets,equity_mln,,3550.0,,skip_empty(needs_mapping),RUB,https://smart-lab.ru/q/PMSB/f/y/
PMSB,2024,debt,total_debt_mln,0.0,0.0,,flag(needs_mapping),RUB,https://smart-lab.ru/q/PMSB/f/y/
PMSB,2025,debt,total_debt_mln,,0.0,,skip_empty(needs_mapping),RUB,https://smart-lab.ru/q/PMSB/f/y/
PMSB,2024,net_debt,net_debt_mln,-5259.0,-5300.0,1.008,flag(needs_mapping),RUB,https://smart-lab.ru/q/PMSB/f/y/
PMSB,2025,net_debt,net_debt_mln,,-4000.0,,skip_empty(needs_mapping),RUB,https://smart-lab.ru/q/PMSB/f/y/
PMSB,2024,ocf,CFO_,2802.0,2800.0,0.999,flag(needs_mapping),RUB,https://smart-lab.ru/q/PMSB/f/y/
PMSB,2025,ocf,CFO_,,3240.0,,skip_empty(needs_mapping),RUB,https://smart-lab.ru/q/PMSB/f/y/
PMSB,2024,capex,CAPEX_,498.0,498.0,1.0,flag(needs_mapping),RUB,https://smart-lab.ru/q/PMSB/f/y/
PMSB,2025,capex,CAPEX_,,694.0,,skip_empty(needs_mapping),RUB,https://smart-lab.ru/q/PMSB/f/y/
PMSB,2024,fcf,FCF,2304.0,2290.0,0.994,flag(needs_mapping),RUB,https://smart-lab.ru/q/PMSB/f/y/
PMSB,2025,fcf,FCF,,2560.0,,skip_empty(needs_mapping),RUB,https://smart-lab.ru/q/PMSB/f/y/
PMSBP,2024,revenue,revenue_mln,52603.0,52600.0,1.0,match,RUB,https://smart-lab.ru/q/PMSB/f/y/ (←PMSB)
PMSBP,2025,revenue,revenue_mln,,59000.0,,FILL,RUB,https://smart-lab.ru/q/PMSB/f/y/ (←PMSB)
PMSBP,2024,net_income,net_profit_mln,2658.0,2660.0,1.001,match,RUB,https://smart-lab.ru/q/PMSB/f/y/ (←PMSB)
PMSBP,2025,net_income,net_profit_mln,,2390.0,,FILL,RUB,https://smart-lab.ru/q/PMSB/f/y/ (←PMSB)
PMSBP,2024,ebitda,ebitda_mln,2623.0,2650.0,1.01,flag(needs_mapping),RUB,https://smart-lab.ru/q/PMSB/f/y/ (←PMSB)
PMSBP,2025,ebitda,ebitda_mln,,2680.0,,skip_empty(needs_mapping),RUB,https://smart-lab.ru/q/PMSB/f/y/ (←PMSB)
PMSBP,2024,assets,assets_mln,10787.0,10800.0,1.001,match,RUB,https://smart-lab.ru/q/PMSB/f/y/ (←PMSB)
PMSBP,2025,assets,assets_mln,,10500.0,,FILL,RUB,https://smart-lab.ru/q/PMSB/f/y/ (←PMSB)
PMSBP,2024,net_assets,equity_mln,4150.0,4150.0,1.0,flag(needs_mapping),RUB,https://smart-lab.ru/q/PMSB/f/y/ (←PMSB)
PMSBP,2025,net_assets,equity_mln,,3550.0,,skip_empty(needs_mapping),RUB,https://smart-lab.ru/q/PMSB/f/y/ (←PMSB)
PMSBP,2024,debt,total_debt_mln,,0.0,,skip_empty(needs_mapping),RUB,https://smart-lab.ru/q/PMSB/f/y/ (←PMSB)
PMSBP,2025,debt,total_debt_mln,,0.0,,skip_empty(needs_mapping),RUB,https://smart-lab.ru/q/PMSB/f/y/ (←PMSB)
PMSBP,2024,net_debt,net_debt_mln,-5259.0,-5300.0,1.008,flag(needs_mapping),RUB,https://smart-lab.ru/q/PMSB/f/y/ (←PMSB)
PMSBP,2025,net_debt,net_debt_mln,,-4000.0,,skip_empty(needs_mapping),RUB,https://smart-lab.ru/q/PMSB/f/y/ (←PMSB)
PMSBP,2024,ocf,CFO_,2800.0,2800.0,1.0,flag(needs_mapping),RUB,https://smart-lab.ru/q/PMSB/f/y/ (←PMSB)
PMSBP,2025,ocf,CFO_,,3240.0,,skip_empty(needs_mapping),RUB,https://smart-lab.ru/q/PMSB/f/y/ (←PMSB)
PMSBP,2024,capex,CAPEX_,498.0,498.0,1.0,flag(needs_mapping),RUB,https://smart-lab.ru/q/PMSB/f/y/ (←PMSB)
PMSBP,2025,capex,CAPEX_,,694.0,,skip_empty(needs_mapping),RUB,https://smart-lab.ru/q/PMSB/f/y/ (←PMSB)
PMSBP,2024,fcf,FCF,2302.0,2290.0,0.995,flag(needs_mapping),RUB,https://smart-lab.ru/q/PMSB/f/y/ (←PMSB)
PMSBP,2025,fcf,FCF,,2560.0,,skip_empty(needs_mapping),RUB,https://smart-lab.ru/q/PMSB/f/y/ (←PMSB)
POSI,2024,revenue,revenue_mln,24457.0,24500.0,1.002,match,RUB,https://smart-lab.ru/q/POSI/f/y/
POSI,2025,revenue,revenue_mln,30900.0,30900.0,1.0,match,RUB,https://smart-lab.ru/q/POSI/f/y/
POSI,2024,net_income,net_profit_mln,3664.0,3660.0,0.999,match,RUB,https://smart-lab.ru/q/POSI/f/y/
POSI,2025,net_income,net_profit_mln,7280.0,7280.0,1.0,match,RUB,https://smart-lab.ru/q/POSI/f/y/
POSI,2024,ebitda,ebitda_mln,6458.4,6460.0,1.0,flag(needs_mapping),RUB,https://smart-lab.ru/q/POSI/f/y/
POSI,2025,ebitda,ebitda_mln,,12300.0,,skip_empty(needs_mapping),RUB,https://smart-lab.ru/q/POSI/f/y/
POSI,2024,assets,assets_mln,52719.0,52700.0,1.0,match,RUB,https://smart-lab.ru/q/POSI/f/y/
POSI,2025,assets,assets_mln,61000.0,61000.0,1.0,match,RUB,https://smart-lab.ru/q/POSI/f/y/
POSI,2024,net_assets,equity_mln,17059.8,17100.0,1.002,flag(needs_mapping),RUB,https://smart-lab.ru/q/POSI/f/y/
POSI,2025,net_assets,equity_mln,71000.0,24300.0,0.342,flag(needs_mapping),RUB,https://smart-lab.ru/q/POSI/f/y/
POSI,2024,debt,total_debt_mln,26400.0,26400.0,1.0,flag(needs_mapping),RUB,https://smart-lab.ru/q/POSI/f/y/
POSI,2025,debt,total_debt_mln,,24000.0,,skip_empty(needs_mapping),RUB,https://smart-lab.ru/q/POSI/f/y/
POSI,2024,net_debt,net_debt_mln,20123.7,20100.0,0.999,flag(needs_mapping),RUB,https://smart-lab.ru/q/POSI/f/y/
POSI,2025,net_debt,net_debt_mln,0.0,21200.0,,flag(needs_mapping),RUB,https://smart-lab.ru/q/POSI/f/y/
POSI,2024,ocf,CFO_,2890.0,2890.0,1.0,flag(needs_mapping),RUB,https://smart-lab.ru/q/POSI/f/y/
POSI,2025,ocf,CFO_,,6600.0,,skip_empty(needs_mapping),RUB,https://smart-lab.ru/q/POSI/f/y/
POSI,2024,capex,CAPEX_,6670.0,6670.0,1.0,flag(needs_mapping),RUB,https://smart-lab.ru/q/POSI/f/y/
POSI,2025,capex,CAPEX_,,7620.0,,skip_empty(needs_mapping),RUB,https://smart-lab.ru/q/POSI/f/y/
POSI,2024,fcf,FCF,-3780.0,-5780.0,1.529,flag(needs_mapping),RUB,https://smart-lab.ru/q/POSI/f/y/
POSI,2025,fcf,FCF,,-1290.0,,skip_empty(needs_mapping),RUB,https://smart-lab.ru/q/POSI/f/y/
PRFN,2024,revenue,revenue_mln,16741.3,16700.0,0.998,match,RUB,https://smart-lab.ru/q/PRFN/f/y/
PRFN,2025,revenue,revenue_mln,15100.0,15100.0,1.0,match,RUB,https://smart-lab.ru/q/PRFN/f/y/
PRFN,2024,net_income,net_profit_mln,421.8,422.0,1.0,match,RUB,https://smart-lab.ru/q/PRFN/f/y/
PRFN,2025,net_income,net_profit_mln,478.0,478.0,1.0,match,RUB,https://smart-lab.ru/q/PRFN/f/y/
PRFN,2024,ebitda,ebitda_mln,559.9,656.0,1.172,flag(needs_mapping),RUB,https://smart-lab.ru/q/PRFN/f/y/
PRFN,2025,ebitda,ebitda_mln,,595.0,,skip_empty(needs_mapping),RUB,https://smart-lab.ru/q/PRFN/f/y/
PRFN,2024,assets,assets_mln,7034.9,7040.0,1.001,match,RUB,https://smart-lab.ru/q/PRFN/f/y/
PRFN,2025,assets,assets_mln,8590.0,8590.0,1.0,match,RUB,https://smart-lab.ru/q/PRFN/f/y/
PRFN,2024,net_assets,equity_mln,2383.7,2380.0,0.998,flag(needs_mapping),RUB,https://smart-lab.ru/q/PRFN/f/y/
PRFN,2025,net_assets,equity_mln,,2860.0,,skip_empty(needs_mapping),RUB,https://smart-lab.ru/q/PRFN/f/y/
PRFN,2024,debt,total_debt_mln,,766.0,,skip_empty(needs_mapping),RUB,https://smart-lab.ru/q/PRFN/f/y/
PRFN,2025,debt,total_debt_mln,,0.0,,skip_empty(needs_mapping),RUB,https://smart-lab.ru/q/PRFN/f/y/
PRFN,2024,net_debt,net_debt_mln,-582.8,-580.0,0.995,flag(needs_mapping),RUB,https://smart-lab.ru/q/PRFN/f/y/
PRFN,2025,net_debt,net_debt_mln,,-700.0,,skip_empty(needs_mapping),RUB,https://smart-lab.ru/q/PRFN/f/y/
PRFN,2024,ocf,CFO_,1660.5,1660.0,1.0,flag(needs_mapping),RUB,https://smart-lab.ru/q/PRFN/f/y/
PRFN,2025,ocf,CFO_,,-199.0,,skip_empty(needs_mapping),RUB,https://smart-lab.ru/q/PRFN/f/y/
PRFN,2024,capex,CAPEX_,80.9,81.0,1.001,flag(needs_mapping),RUB,https://smart-lab.ru/q/PRFN/f/y/
PRFN,2025,capex,CAPEX_,,202.0,,skip_empty(needs_mapping),RUB,https://smart-lab.ru/q/PRFN/f/y/
PRFN,2024,fcf,FCF,1579.6,1500.0,0.95,flag(needs_mapping),RUB,https://smart-lab.ru/q/PRFN/f/y/
PRFN,2025,fcf,FCF,,-242.0,,skip_empty(needs_mapping),RUB,https://smart-lab.ru/q/PRFN/f/y/
PRMD,2024,revenue,revenue_mln,21448.5,21500.0,1.002,match,RUB,https://smart-lab.ru/q/PRMD/f/y/
PRMD,2025,revenue,revenue_mln,37600.0,37600.0,1.0,match,RUB,https://smart-lab.ru/q/PRMD/f/y/
PRMD,2024,net_income,net_profit_mln,2875.6,2860.0,0.995,match,RUB,https://smart-lab.ru/q/PRMD/f/y/
PRMD,2025,net_income,net_profit_mln,7040.0,7040.0,1.0,match,RUB,https://smart-lab.ru/q/PRMD/f/y/
PRMD,2024,ebitda,ebitda_mln,7801.0,8230.0,1.055,flag(needs_mapping),RUB,https://smart-lab.ru/q/PRMD/f/y/
PRMD,2025,ebitda,ebitda_mln,,15300.0,,skip_empty(needs_mapping),RUB,https://smart-lab.ru/q/PRMD/f/y/
PRMD,2024,assets,assets_mln,53105.2,53100.0,1.0,match,RUB,https://smart-lab.ru/q/PRMD/f/y/
PRMD,2025,assets,assets_mln,71000.0,71000.0,1.0,match,RUB,https://smart-lab.ru/q/PRMD/f/y/
PRMD,2024,net_assets,equity_mln,19650.5,19300.0,0.982,flag(needs_mapping),RUB,https://smart-lab.ru/q/PRMD/f/y/
PRMD,2025,net_assets,equity_mln,86300.0,26300.0,0.305,flag(needs_mapping),RUB,https://smart-lab.ru/q/PRMD/f/y/
PRMD,2024,debt,total_debt_mln,20500.0,20500.0,1.0,flag(needs_mapping),RUB,https://smart-lab.ru/q/PRMD/f/y/
PRMD,2025,debt,total_debt_mln,,25900.0,,skip_empty(needs_mapping),RUB,https://smart-lab.ru/q/PRMD/f/y/
PRMD,2024,net_debt,net_debt_mln,16904.5,16400.0,0.97,flag(needs_mapping),RUB,https://smart-lab.ru/q/PRMD/f/y/
PRMD,2025,net_debt,net_debt_mln,0.0,21700.0,,flag(needs_mapping),RUB,https://smart-lab.ru/q/PRMD/f/y/
PRMD,2024,ocf,CFO_,93.0,93.0,1.0,flag(needs_mapping),RUB,https://smart-lab.ru/q/PRMD/f/y/
PRMD,2025,ocf,CFO_,,267.0,,skip_empty(needs_mapping),RUB,https://smart-lab.ru/q/PRMD/f/y/
PRMD,2024,capex,CAPEX_,4062.9,4060.0,0.999,flag(needs_mapping),RUB,https://smart-lab.ru/q/PRMD/f/y/
PRMD,2025,capex,CAPEX_,,4560.0,,skip_empty(needs_mapping),RUB,https://smart-lab.ru/q/PRMD/f/y/
PRMD,2024,fcf,FCF,-3969.9,-4170.0,1.05,flag(needs_mapping),RUB,https://smart-lab.ru/q/PRMD/f/y/
PRMD,2025,fcf,FCF,,-4640.0,,skip_empty(needs_mapping),RUB,https://smart-lab.ru/q/PRMD/f/y/
RAGR,2024,revenue,revenue_mln,340089.5,340100.0,1.0,match,RUB,https://smart-lab.ru/q/RAGR/f/y/
RAGR,2025,revenue,revenue_mln,396500.0,396500.0,1.0,match,RUB,https://smart-lab.ru/q/RAGR/f/y/
RAGR,2024,net_income,net_profit_mln,31577.0,36100.0,1.143,FLAG_DIVERGENCE,RUB,https://smart-lab.ru/q/RAGR/f/y/
RAGR,2025,net_income,net_profit_mln,,18500.0,,skip(col_diverged),RUB,https://smart-lab.ru/q/RAGR/f/y/
RAGR,2024,ebitda,ebitda_mln,52942.0,53000.0,1.001,flag(needs_mapping),RUB,https://smart-lab.ru/q/RAGR/f/y/
RAGR,2025,ebitda,ebitda_mln,,56000.0,,skip_empty(needs_mapping),RUB,https://smart-lab.ru/q/RAGR/f/y/
RAGR,2024,assets,assets_mln,488244.7,508800.0,1.042,match,RUB,https://smart-lab.ru/q/RAGR/f/y/
RAGR,2025,assets,assets_mln,551200.0,551200.0,1.0,match,RUB,https://smart-lab.ru/q/RAGR/f/y/
RAGR,2024,net_assets,equity_mln,227130.4,221000.0,0.973,flag(needs_mapping),RUB,https://smart-lab.ru/q/RAGR/f/y/
RAGR,2025,net_assets,equity_mln,,239500.0,,skip_empty(needs_mapping),RUB,https://smart-lab.ru/q/RAGR/f/y/
RAGR,2024,debt,total_debt_mln,161000.0,161000.0,1.0,flag(needs_mapping),RUB,https://smart-lab.ru/q/RAGR/f/y/
RAGR,2025,debt,total_debt_mln,,200200.0,,skip_empty(needs_mapping),RUB,https://smart-lab.ru/q/RAGR/f/y/
RAGR,2024,net_debt,net_debt_mln,136531.1,127700.0,0.935,flag(needs_mapping),RUB,https://smart-lab.ru/q/RAGR/f/y/
RAGR,2025,net_debt,net_debt_mln,,182100.0,,skip_empty(needs_mapping),RUB,https://smart-lab.ru/q/RAGR/f/y/
RAGR,2024,ocf,CFO_,15800.0,15200.0,0.962,flag(needs_mapping),RUB,https://smart-lab.ru/q/RAGR/f/y/
RAGR,2025,ocf,CFO_,,-9480.0,,skip_empty(needs_mapping),RUB,https://smart-lab.ru/q/RAGR/f/y/
RAGR,2024,capex,CAPEX_,29600.0,29600.0,1.0,flag(needs_mapping),RUB,https://smart-lab.ru/q/RAGR/f/y/
RAGR,2025,capex,CAPEX_,,35500.0,,skip_empty(needs_mapping),RUB,https://smart-lab.ru/q/RAGR/f/y/
RAGR,2024,fcf,FCF,-13800.0,-9380.0,0.68,flag(needs_mapping),RUB,https://smart-lab.ru/q/RAGR/f/y/
RAGR,2025,fcf,FCF,,-49400.0,,skip_empty(needs_mapping),RUB,https://smart-lab.ru/q/RAGR/f/y/
RASP,2024,revenue,revenue_mln,160605.0,160600.0,1.0,match,RUB,https://smart-lab.ru/q/RASP/f/y/
RASP,2025,revenue,revenue_mln,119200.0,119200.0,1.0,match,RUB,https://smart-lab.ru/q/RASP/f/y/
RASP,2024,net_income,net_profit_mln,-11798.0,-11800.0,1.0,match,RUB,https://smart-lab.ru/q/RASP/f/y/
RASP,2025,net_income,net_profit_mln,-53100.0,-53100.0,1.0,match,RUB,https://smart-lab.ru/q/RASP/f/y/
RASP,2024,ebitda,ebitda_mln,7928.0,8060.0,1.017,flag(needs_mapping),RUB,https://smart-lab.ru/q/RASP/f/y/
RASP,2025,ebitda,ebitda_mln,,-38900.0,,skip_empty(needs_mapping),RUB,https://smart-lab.ru/q/RASP/f/y/
RASP,2024,assets,assets_mln,251157.0,251200.0,1.0,match,RUB,https://smart-lab.ru/q/RASP/f/y/
RASP,2025,assets,assets_mln,203400.0,203400.0,1.0,match,RUB,https://smart-lab.ru/q/RASP/f/y/
RASP,2024,net_assets,equity_mln,190965.0,190200.0,0.996,flag(needs_mapping),RUB,https://smart-lab.ru/q/RASP/f/y/
RASP,2025,net_assets,equity_mln,,136700.0,,skip_empty(needs_mapping),RUB,https://smart-lab.ru/q/RASP/f/y/
RASP,2024,debt,total_debt_mln,0.0,0.0,,flag(needs_mapping),RUB,https://smart-lab.ru/q/RASP/f/y/
RASP,2025,debt,total_debt_mln,,0.0,,skip_empty(needs_mapping),RUB,https://smart-lab.ru/q/RASP/f/y/
RASP,2024,net_debt,net_debt_mln,450.0,-8880.0,-19.733,flag(needs_mapping),RUB,https://smart-lab.ru/q/RASP/f/y/
RASP,2025,net_debt,net_debt_mln,,-10900.0,,skip_empty(needs_mapping),RUB,https://smart-lab.ru/q/RASP/f/y/
RASP,2024,ocf,CFO_,-992.0,-992.0,1.0,flag(needs_mapping),RUB,https://smart-lab.ru/q/RASP/f/y/
RASP,2025,ocf,CFO_,,18900.0,,skip_empty(needs_mapping),RUB,https://smart-lab.ru/q/RASP/f/y/
RASP,2024,capex,CAPEX_,29487.1,26900.0,0.912,flag(needs_mapping),RUB,https://smart-lab.ru/q/RASP/f/y/
RASP,2025,capex,CAPEX_,,21700.0,,skip_empty(needs_mapping),RUB,https://smart-lab.ru/q/RASP/f/y/
RASP,2024,fcf,FCF,-29588.8,-22400.0,0.757,flag(needs_mapping),RUB,https://smart-lab.ru/q/RASP/f/y/
RASP,2025,fcf,FCF,,1040.0,,skip_empty(needs_mapping),RUB,https://smart-lab.ru/q/RASP/f/y/
RDRB,2024,net_income,net_profit_mln,737.3,737.0,1.0,match,RUB,https://smart-lab.ru/q/RDRB/f/y/
RDRB,2025,net_income,net_profit_mln,279.0,279.0,1.0,match,RUB,https://smart-lab.ru/q/RDRB/f/y/
RENI,2024,revenue,revenue_mln,97700.0,97700.0,1.0,match,RUB,https://smart-lab.ru/q/RENI/f/y/
RENI,2025,revenue,revenue_mln,107300.0,107300.0,1.0,match,RUB,https://smart-lab.ru/q/RENI/f/y/
RENI,2024,net_income,net_profit_mln,10800.0,10800.0,1.0,match,RUB,https://smart-lab.ru/q/RENI/f/y/
RENI,2025,net_income,net_profit_mln,11000.0,11000.0,1.0,match,RUB,https://smart-lab.ru/q/RENI/f/y/
RENI,2024,assets,assets_mln,266500.0,266500.0,1.0,match,RUB,https://smart-lab.ru/q/RENI/f/y/
RENI,2025,assets,assets_mln,323200.0,323200.0,1.0,match,RUB,https://smart-lab.ru/q/RENI/f/y/
RENI,2024,net_assets,equity_mln,,53100.0,,skip_empty(needs_mapping),RUB,https://smart-lab.ru/q/RENI/f/y/
RENI,2025,net_assets,equity_mln,,56300.0,,skip_empty(needs_mapping),RUB,https://smart-lab.ru/q/RENI/f/y/
RENI,2024,debt,total_debt_mln,,256.0,,skip_empty(needs_mapping),RUB,https://smart-lab.ru/q/RENI/f/y/
RENI,2025,debt,total_debt_mln,,44.0,,skip_empty(needs_mapping),RUB,https://smart-lab.ru/q/RENI/f/y/
RENI,2024,net_debt,net_debt_mln,,-33600.0,,skip_empty(needs_mapping),RUB,https://smart-lab.ru/q/RENI/f/y/
RENI,2025,net_debt,net_debt_mln,,-9770.0,,skip_empty(needs_mapping),RUB,https://smart-lab.ru/q/RENI/f/y/
RENI,2024,ocf,CFO_,,29000.0,,skip_empty(needs_mapping),RUB,https://smart-lab.ru/q/RENI/f/y/
RENI,2025,ocf,CFO_,,-5350.0,,skip_empty(needs_mapping),RUB,https://smart-lab.ru/q/RENI/f/y/
RENI,2024,capex,CAPEX_,,2330.0,,skip_empty(needs_mapping),RUB,https://smart-lab.ru/q/RENI/f/y/
RENI,2025,capex,CAPEX_,,2490.0,,skip_empty(needs_mapping),RUB,https://smart-lab.ru/q/RENI/f/y/
RENI,2024,fcf,FCF,,26300.0,,skip_empty(needs_mapping),RUB,https://smart-lab.ru/q/RENI/f/y/
RENI,2025,fcf,FCF,,-8290.0,,skip_empty(needs_mapping),RUB,https://smart-lab.ru/q/RENI/f/y/
RGSS,2024,revenue,revenue_mln,103924.1,94300.0,0.907,FLAG_DIVERGENCE,RUB,https://smart-lab.ru/q/RGSS/f/y/
RGSS,2025,revenue,revenue_mln,,100100.0,,skip(col_diverged),RUB,https://smart-lab.ru/q/RGSS/f/y/
RGSS,2024,net_income,net_profit_mln,8030.1,10000.0,1.245,FLAG_DIVERGENCE,RUB,https://smart-lab.ru/q/RGSS/f/y/
RGSS,2025,net_income,net_profit_mln,,8770.0,,skip(col_diverged),RUB,https://smart-lab.ru/q/RGSS/f/y/
RGSS,2024,assets,assets_mln,160291.6,128000.0,0.799,FLAG_DIVERGENCE,RUB,https://smart-lab.ru/q/RGSS/f/y/
RGSS,2025,assets,assets_mln,,135000.0,,skip(col_diverged),RUB,https://smart-lab.ru/q/RGSS/f/y/
RGSS,2024,net_assets,equity_mln,62494.0,65700.0,1.051,flag(needs_mapping),RUB,https://smart-lab.ru/q/RGSS/f/y/
RGSS,2025,net_assets,equity_mln,,74500.0,,skip_empty(needs_mapping),RUB,https://smart-lab.ru/q/RGSS/f/y/
RGSS,2024,net_debt,net_debt_mln,1057.3,-390.0,-0.369,flag(needs_mapping),RUB,https://smart-lab.ru/q/RGSS/f/y/
RGSS,2025,net_debt,net_debt_mln,,-360.0,,skip_empty(needs_mapping),RUB,https://smart-lab.ru/q/RGSS/f/y/
RGSS,2024,ocf,CFO_,9437.8,9440.0,1.0,flag(needs_mapping),RUB,https://smart-lab.ru/q/RGSS/f/y/
RGSS,2025,ocf,CFO_,,5450.0,,skip_empty(needs_mapping),RUB,https://smart-lab.ru/q/RGSS/f/y/
RGSS,2024,capex,CAPEX_,4682.1,4680.0,1.0,flag(needs_mapping),RUB,https://smart-lab.ru/q/RGSS/f/y/
RGSS,2025,capex,CAPEX_,,5520.0,,skip_empty(needs_mapping),RUB,https://smart-lab.ru/q/RGSS/f/y/
RGSS,2024,fcf,FCF,4755.6,4250.0,0.894,flag(needs_mapping),RUB,https://smart-lab.ru/q/RGSS/f/y/
RGSS,2025,fcf,FCF,,-531.0,,skip_empty(needs_mapping),RUB,https://smart-lab.ru/q/RGSS/f/y/
RKKE,2024,revenue,revenue_mln,50208.4,50200.0,1.0,match,RUB,https://smart-lab.ru/q/RKKE/f/y/
RKKE,2025,revenue,revenue_mln,60400.0,60400.0,1.0,match,RUB,https://smart-lab.ru/q/RKKE/f/y/
RKKE,2024,net_income,net_profit_mln,511.3,511.0,0.999,match,RUB,https://smart-lab.ru/q/RKKE/f/y/
RKKE,2025,net_income,net_profit_mln,1330.0,1330.0,1.0,match,RUB,https://smart-lab.ru/q/RKKE/f/y/
RKKE,2024,ebitda,ebitda_mln,1392.1,1390.0,0.999,flag(needs_mapping),RUB,https://smart-lab.ru/q/RKKE/f/y/
RKKE,2025,ebitda,ebitda_mln,,658.0,,skip_empty(needs_mapping),RUB,https://smart-lab.ru/q/RKKE/f/y/
RKKE,2024,assets,assets_mln,112164.5,112200.0,1.0,match,RUB,https://smart-lab.ru/q/RKKE/f/y/
RKKE,2025,assets,assets_mln,131300.0,131300.0,1.0,match,RUB,https://smart-lab.ru/q/RKKE/f/y/
RKKE,2024,net_assets,equity_mln,-1552.1,-1560.0,1.005,flag(needs_mapping),RUB,https://smart-lab.ru/q/RKKE/f/y/
RKKE,2025,net_assets,equity_mln,,-2120.0,,skip_empty(needs_mapping),RUB,https://smart-lab.ru/q/RKKE/f/y/
RKKE,2024,debt,total_debt_mln,26500.0,26500.0,1.0,flag(needs_mapping),RUB,https://smart-lab.ru/q/RKKE/f/y/
RKKE,2025,debt,total_debt_mln,,30500.0,,skip_empty(needs_mapping),RUB,https://smart-lab.ru/q/RKKE/f/y/
RKKE,2024,net_debt,net_debt_mln,8771.6,8770.0,1.0,flag(needs_mapping),RUB,https://smart-lab.ru/q/RKKE/f/y/
RKKE,2025,net_debt,net_debt_mln,,14600.0,,skip_empty(needs_mapping),RUB,https://smart-lab.ru/q/RKKE/f/y/
RKKE,2024,ocf,CFO_,8233.5,8230.0,1.0,flag(needs_mapping),RUB,https://smart-lab.ru/q/RKKE/f/y/
RKKE,2025,ocf,CFO_,,-4540.0,,skip_empty(needs_mapping),RUB,https://smart-lab.ru/q/RKKE/f/y/
RKKE,2024,capex,CAPEX_,1389.2,1390.0,1.001,flag(needs_mapping),RUB,https://smart-lab.ru/q/RKKE/f/y/
RKKE,2025,capex,CAPEX_,,1600.0,,skip_empty(needs_mapping),RUB,https://smart-lab.ru/q/RKKE/f/y/
RKKE,2024,fcf,FCF,6844.3,7020.0,1.026,flag(needs_mapping),RUB,https://smart-lab.ru/q/RKKE/f/y/
RKKE,2025,fcf,FCF,,-5850.0,,skip_empty(needs_mapping),RUB,https://smart-lab.ru/q/RKKE/f/y/
RNFT,2024,revenue,revenue_mln,300108.0,300100.0,1.0,match,RUB,https://smart-lab.ru/q/RNFT/f/y/
RNFT,2025,revenue,revenue_mln,222000.0,218200.0,0.983,match,RUB,https://smart-lab.ru/q/RNFT/f/y/
RNFT,2024,net_income,net_profit_mln,52673.0,54400.0,1.033,match,RUB,https://smart-lab.ru/q/RNFT/f/y/
RNFT,2025,net_income,net_profit_mln,7750.0,23900.0,3.084,FLAG_DIVERGENCE,RUB,https://smart-lab.ru/q/RNFT/f/y/
RNFT,2024,ebitda,ebitda_mln,77309.0,74200.0,0.96,flag(needs_mapping),RUB,https://smart-lab.ru/q/RNFT/f/y/
RNFT,2025,ebitda,ebitda_mln,,39200.0,,skip_empty(needs_mapping),RUB,https://smart-lab.ru/q/RNFT/f/y/
RNFT,2024,assets,assets_mln,352063.0,352100.0,1.0,match,RUB,https://smart-lab.ru/q/RNFT/f/y/
RNFT,2025,assets,assets_mln,424600.0,356600.0,0.84,FLAG_DIVERGENCE,RUB,https://smart-lab.ru/q/RNFT/f/y/
RNFT,2024,net_assets,equity_mln,131218.0,141000.0,1.075,flag(needs_mapping),RUB,https://smart-lab.ru/q/RNFT/f/y/
RNFT,2025,net_assets,equity_mln,28700.0,143400.0,4.997,flag(needs_mapping),RUB,https://smart-lab.ru/q/RNFT/f/y/
RNFT,2024,debt,total_debt_mln,88300.0,88300.0,1.0,flag(needs_mapping),RUB,https://smart-lab.ru/q/RNFT/f/y/
RNFT,2025,debt,total_debt_mln,91500.0,90400.0,0.988,flag(needs_mapping),RUB,https://smart-lab.ru/q/RNFT/f/y/
RNFT,2024,net_debt,net_debt_mln,86059.0,85800.0,0.997,flag(needs_mapping),RUB,https://smart-lab.ru/q/RNFT/f/y/
RNFT,2025,net_debt,net_debt_mln,90900.0,89700.0,0.987,flag(needs_mapping),RUB,https://smart-lab.ru/q/RNFT/f/y/
RNFT,2024,ocf,CFO_,57600.0,57600.0,1.0,flag(needs_mapping),RUB,https://smart-lab.ru/q/RNFT/f/y/
RNFT,2025,ocf,CFO_,12800.0,21800.0,1.703,flag(needs_mapping),RUB,https://smart-lab.ru/q/RNFT/f/y/
RNFT,2024,capex,CAPEX_,43200.0,43200.0,1.0,flag(needs_mapping),RUB,https://smart-lab.ru/q/RNFT/f/y/
RNFT,2025,capex,CAPEX_,26100.0,25700.0,0.985,flag(needs_mapping),RUB,https://smart-lab.ru/q/RNFT/f/y/
RNFT,2024,fcf,FCF,14400.0,5520.0,0.383,flag(needs_mapping),RUB,https://smart-lab.ru/q/RNFT/f/y/
RNFT,2025,fcf,FCF,,-12400.0,,skip_empty(needs_mapping),RUB,https://smart-lab.ru/q/RNFT/f/y/
ROLO,2024,revenue,revenue_mln,7455.3,7460.0,1.001,match,RUB,https://smart-lab.ru/q/ROLO/f/y/
ROLO,2025,revenue,revenue_mln,9180.0,9180.0,1.0,match,RUB,https://smart-lab.ru/q/ROLO/f/y/
ROLO,2024,net_income,net_profit_mln,-3405.7,-2370.0,0.696,FLAG_DIVERGENCE,RUB,https://smart-lab.ru/q/ROLO/f/y/
ROLO,2025,net_income,net_profit_mln,,-3120.0,,skip(col_diverged),RUB,https://smart-lab.ru/q/ROLO/f/y/
ROLO,2024,ebitda,ebitda_mln,-1376.1,692.0,-0.503,flag(needs_mapping),RUB,https://smart-lab.ru/q/ROLO/f/y/
ROLO,2025,ebitda,ebitda_mln,,1190.0,,skip_empty(needs_mapping),RUB,https://smart-lab.ru/q/ROLO/f/y/
ROLO,2024,assets,assets_mln,34569.4,34600.0,1.001,match,RUB,https://smart-lab.ru/q/ROLO/f/y/
ROLO,2025,assets,assets_mln,37200.0,37200.0,1.0,match,RUB,https://smart-lab.ru/q/ROLO/f/y/
ROLO,2024,net_assets,equity_mln,6291.4,6290.0,1.0,flag(needs_mapping),RUB,https://smart-lab.ru/q/ROLO/f/y/
ROLO,2025,net_assets,equity_mln,15500.0,817.0,0.053,flag(needs_mapping),RUB,https://smart-lab.ru/q/ROLO/f/y/
ROLO,2024,debt,total_debt_mln,,13000.0,,skip_empty(needs_mapping),RUB,https://smart-lab.ru/q/ROLO/f/y/
ROLO,2025,debt,total_debt_mln,,21800.0,,skip_empty(needs_mapping),RUB,https://smart-lab.ru/q/ROLO/f/y/
ROLO,2024,net_debt,net_debt_mln,12931.9,12500.0,0.967,flag(needs_mapping),RUB,https://smart-lab.ru/q/ROLO/f/y/
ROLO,2025,net_debt,net_debt_mln,0.0,21700.0,,flag(needs_mapping),RUB,https://smart-lab.ru/q/ROLO/f/y/
ROLO,2024,ocf,CFO_,-2931.3,-2930.0,1.0,flag(needs_mapping),RUB,https://smart-lab.ru/q/ROLO/f/y/
ROLO,2025,ocf,CFO_,,-4840.0,,skip_empty(needs_mapping),RUB,https://smart-lab.ru/q/ROLO/f/y/
ROLO,2024,capex,CAPEX_,4002.2,4000.0,0.999,flag(needs_mapping),RUB,https://smart-lab.ru/q/ROLO/f/y/
ROLO,2025,capex,CAPEX_,,3220.0,,skip_empty(needs_mapping),RUB,https://smart-lab.ru/q/ROLO/f/y/
ROLO,2024,fcf,FCF,-6933.5,-7060.0,1.018,flag(needs_mapping),RUB,https://smart-lab.ru/q/ROLO/f/y/
ROLO,2025,fcf,FCF,,-8090.0,,skip_empty(needs_mapping),RUB,https://smart-lab.ru/q/ROLO/f/y/
ROSN,2024,revenue,revenue_mln,10139000.0,10139000.0,1.0,match,RUB,https://smart-lab.ru/q/ROSN/f/y/
ROSN,2025,revenue,revenue_mln,8236000.0,8236000.0,1.0,match,RUB,https://smart-lab.ru/q/ROSN/f/y/
ROSN,2024,net_income,net_profit_mln,1341000.0,1084000.0,0.808,FLAG_DIVERGENCE,RUB,https://smart-lab.ru/q/ROSN/f/y/
ROSN,2025,net_income,net_profit_mln,,293000.0,,skip(col_diverged),RUB,https://smart-lab.ru/q/ROSN/f/y/
ROSN,2024,ebitda,ebitda_mln,2741000.0,3029000.0,1.105,flag(needs_mapping),RUB,https://smart-lab.ru/q/ROSN/f/y/
ROSN,2025,ebitda,ebitda_mln,,2173000.0,,skip_empty(needs_mapping),RUB,https://smart-lab.ru/q/ROSN/f/y/
ROSN,2024,assets,assets_mln,20682000.0,20682000.0,1.0,match,RUB,https://smart-lab.ru/q/ROSN/f/y/
ROSN,2025,assets,assets_mln,21560000.0,21560000.0,1.0,match,RUB,https://smart-lab.ru/q/ROSN/f/y/
ROSN,2024,net_assets,equity_mln,9157000.0,9157000.0,1.0,flag(needs_mapping),RUB,https://smart-lab.ru/q/ROSN/f/y/
ROSN,2025,net_assets,equity_mln,,9078000.0,,skip_empty(needs_mapping),RUB,https://smart-lab.ru/q/ROSN/f/y/
ROSN,2024,debt,total_debt_mln,596400.0,3635000.0,6.095,flag(needs_mapping),RUB,https://smart-lab.ru/q/ROSN/f/y/
ROSN,2024,net_debt,net_debt_mln,125490.9,3635000.0,28.966,flag(needs_mapping),RUB,https://smart-lab.ru/q/ROSN/f/y/
ROSN,2025,net_debt,net_debt_mln,,0.0,,skip_empty(needs_mapping),RUB,https://smart-lab.ru/q/ROSN/f/y/
ROSN,2024,ocf,CFO_,2465000.0,2465000.0,1.0,flag(needs_mapping),RUB,https://smart-lab.ru/q/ROSN/f/y/
ROSN,2024,capex,CAPEX_,1442000.0,1442000.0,1.0,flag(needs_mapping),RUB,https://smart-lab.ru/q/ROSN/f/y/
ROSN,2025,capex,CAPEX_,,1360000.0,,skip_empty(needs_mapping),RUB,https://smart-lab.ru/q/ROSN/f/y/
ROSN,2024,fcf,FCF,1023000.0,1295000.0,1.266,flag(needs_mapping),RUB,https://smart-lab.ru/q/ROSN/f/y/
ROSN,2025,fcf,FCF,,700000.0,,skip_empty(needs_mapping),RUB,https://smart-lab.ru/q/ROSN/f/y/
ROST,2024,revenue,revenue_mln,7765.6,7770.0,1.001,match,RUB,https://smart-lab.ru/q/ROST/f/y/
ROST,2025,revenue,revenue_mln,7770.0,7770.0,1.0,match,RUB,https://smart-lab.ru/q/ROST/f/y/
ROST,2024,net_income,net_profit_mln,1.5,-17.0,-11.311,FLAG_DIVERGENCE,RUB,https://smart-lab.ru/q/ROST/f/y/
ROST,2025,net_income,net_profit_mln,,-173.0,,skip(col_diverged),RUB,https://smart-lab.ru/q/ROST/f/y/
ROST,2024,ebitda,ebitda_mln,2644.8,2380.0,0.9,flag(needs_mapping),RUB,https://smart-lab.ru/q/ROST/f/y/
ROST,2025,ebitda,ebitda_mln,,2540.0,,skip_empty(needs_mapping),RUB,https://smart-lab.ru/q/ROST/f/y/
ROST,2024,assets,assets_mln,9354.7,9360.0,1.001,match,RUB,https://smart-lab.ru/q/ROST/f/y/
ROST,2025,assets,assets_mln,9790.0,9790.0,1.0,match,RUB,https://smart-lab.ru/q/ROST/f/y/
ROST,2024,net_assets,equity_mln,-2532.3,-2530.0,0.999,flag(needs_mapping),RUB,https://smart-lab.ru/q/ROST/f/y/
ROST,2025,net_assets,equity_mln,,-2720.0,,skip_empty(needs_mapping),RUB,https://smart-lab.ru/q/ROST/f/y/
ROST,2024,debt,total_debt_mln,,5090.0,,skip_empty(needs_mapping),RUB,https://smart-lab.ru/q/ROST/f/y/
ROST,2025,debt,total_debt_mln,,6160.0,,skip_empty(needs_mapping),RUB,https://smart-lab.ru/q/ROST/f/y/
ROST,2024,net_debt,net_debt_mln,7193.3,4900.0,0.681,flag(needs_mapping),RUB,https://smart-lab.ru/q/ROST/f/y/
ROST,2025,net_debt,net_debt_mln,,6060.0,,skip_empty(needs_mapping),RUB,https://smart-lab.ru/q/ROST/f/y/
ROST,2024,ocf,CFO_,982.9,983.0,1.0,flag(needs_mapping),RUB,https://smart-lab.ru/q/ROST/f/y/
ROST,2025,ocf,CFO_,,743.0,,skip_empty(needs_mapping),RUB,https://smart-lab.ru/q/ROST/f/y/
ROST,2024,capex,CAPEX_,530.1,530.0,1.0,flag(needs_mapping),RUB,https://smart-lab.ru/q/ROST/f/y/
ROST,2025,capex,CAPEX_,,793.0,,skip_empty(needs_mapping),RUB,https://smart-lab.ru/q/ROST/f/y/
ROST,2024,fcf,FCF,452.8,-613.0,-1.354,flag(needs_mapping),RUB,https://smart-lab.ru/q/ROST/f/y/
ROST,2025,fcf,FCF,,-1000.0,,skip_empty(needs_mapping),RUB,https://smart-lab.ru/q/ROST/f/y/
RTGZ,2024,revenue,revenue_mln,11868.7,11900.0,1.003,match,RUB,https://smart-lab.ru/q/RTGZ/f/y/
RTGZ,2025,revenue,revenue_mln,13100.0,13100.0,1.0,match,RUB,https://smart-lab.ru/q/RTGZ/f/y/
RTGZ,2024,net_income,net_profit_mln,-160.1,-677.0,4.229,FLAG_DIVERGENCE,RUB,https://smart-lab.ru/q/RTGZ/f/y/
RTGZ,2025,net_income,net_profit_mln,,282.0,,skip(col_diverged),RUB,https://smart-lab.ru/q/RTGZ/f/y/
RTGZ,2024,ebitda,ebitda_mln,889.2,1570.0,1.766,flag(needs_mapping),RUB,https://smart-lab.ru/q/RTGZ/f/y/
RTGZ,2025,ebitda,ebitda_mln,,1800.0,,skip_empty(needs_mapping),RUB,https://smart-lab.ru/q/RTGZ/f/y/
RTGZ,2024,assets,assets_mln,42943.4,42900.0,0.999,match,RUB,https://smart-lab.ru/q/RTGZ/f/y/
RTGZ,2025,assets,assets_mln,46600.0,46600.0,1.0,match,RUB,https://smart-lab.ru/q/RTGZ/f/y/
RTGZ,2024,net_assets,equity_mln,23536.6,24300.0,1.032,flag(needs_mapping),RUB,https://smart-lab.ru/q/RTGZ/f/y/
RTGZ,2025,net_assets,equity_mln,,25500.0,,skip_empty(needs_mapping),RUB,https://smart-lab.ru/q/RTGZ/f/y/
RTGZ,2024,debt,total_debt_mln,,8440.0,,skip_empty(needs_mapping),RUB,https://smart-lab.ru/q/RTGZ/f/y/
RTGZ,2025,debt,total_debt_mln,,61.0,,skip_empty(needs_mapping),RUB,https://smart-lab.ru/q/RTGZ/f/y/
RTGZ,2024,net_debt,net_debt_mln,8437.7,8440.0,1.0,flag(needs_mapping),RUB,https://smart-lab.ru/q/RTGZ/f/y/
RTGZ,2025,net_debt,net_debt_mln,,50.0,,skip_empty(needs_mapping),RUB,https://smart-lab.ru/q/RTGZ/f/y/
RTGZ,2024,ocf,CFO_,2666.3,2670.0,1.001,flag(needs_mapping),RUB,https://smart-lab.ru/q/RTGZ/f/y/
RTGZ,2025,ocf,CFO_,,2540.0,,skip_empty(needs_mapping),RUB,https://smart-lab.ru/q/RTGZ/f/y/
RTGZ,2024,capex,CAPEX_,3858.7,3860.0,1.0,flag(needs_mapping),RUB,https://smart-lab.ru/q/RTGZ/f/y/
RTGZ,2025,capex,CAPEX_,,3240.0,,skip_empty(needs_mapping),RUB,https://smart-lab.ru/q/RTGZ/f/y/
RTGZ,2024,fcf,FCF,-1192.4,-1700.0,1.426,flag(needs_mapping),RUB,https://smart-lab.ru/q/RTGZ/f/y/
RTGZ,2025,fcf,FCF,,-1130.0,,skip_empty(needs_mapping),RUB,https://smart-lab.ru/q/RTGZ/f/y/
RTKM,2024,revenue,revenue_mln,779945.0,780000.0,1.0,match,RUB,https://smart-lab.ru/q/RTKM/f/y/
RTKM,2025,revenue,revenue_mln,872800.0,872800.0,1.0,match,RUB,https://smart-lab.ru/q/RTKM/f/y/
RTKM,2024,net_income,net_profit_mln,24060.0,15200.0,0.632,FLAG_DIVERGENCE,RUB,https://smart-lab.ru/q/RTKM/f/y/
RTKM,2025,net_income,net_profit_mln,11400.0,11400.0,1.0,match,RUB,https://smart-lab.ru/q/RTKM/f/y/
RTKM,2024,ebitda,ebitda_mln,286944.0,302500.0,1.054,flag(needs_mapping),RUB,https://smart-lab.ru/q/RTKM/f/y/
RTKM,2025,ebitda,ebitda_mln,331000.0,331000.0,1.0,flag(needs_mapping),RUB,https://smart-lab.ru/q/RTKM/f/y/
RTKM,2024,assets,assets_mln,1380952.0,1381000.0,1.0,match,RUB,https://smart-lab.ru/q/RTKM/f/y/
RTKM,2025,assets,assets_mln,1433000.0,1433000.0,1.0,match,RUB,https://smart-lab.ru/q/RTKM/f/y/
RTKM,2024,net_assets,equity_mln,273609.0,219000.0,0.8,flag(needs_mapping),RUB,https://smart-lab.ru/q/RTKM/f/y/
RTKM,2025,net_assets,equity_mln,223000.0,222400.0,0.997,flag(needs_mapping),RUB,https://smart-lab.ru/q/RTKM/f/y/
RTKM,2024,debt,total_debt_mln,571800.0,571800.0,1.0,flag(needs_mapping),RUB,https://smart-lab.ru/q/RTKM/f/y/
RTKM,2025,debt,total_debt_mln,572200.0,572200.0,1.0,flag(needs_mapping),RUB,https://smart-lab.ru/q/RTKM/f/y/
RTKM,2024,net_debt,net_debt_mln,677203.0,525400.0,0.776,flag(needs_mapping),RUB,https://smart-lab.ru/q/RTKM/f/y/
RTKM,2025,net_debt,net_debt_mln,546000.0,546000.0,1.0,flag(needs_mapping),RUB,https://smart-lab.ru/q/RTKM/f/y/
RTKM,2024,ocf,CFO_,199500.0,199500.0,1.0,flag(needs_mapping),RUB,https://smart-lab.ru/q/RTKM/f/y/
RTKM,2025,ocf,CFO_,162500.0,162500.0,1.0,flag(needs_mapping),RUB,https://smart-lab.ru/q/RTKM/f/y/
RTKM,2024,capex,CAPEX_,178800.0,178800.0,1.0,flag(needs_mapping),RUB,https://smart-lab.ru/q/RTKM/f/y/
RTKM,2025,capex,CAPEX_,158000.0,158000.0,1.0,flag(needs_mapping),RUB,https://smart-lab.ru/q/RTKM/f/y/
RTKM,2024,fcf,FCF,20700.0,13100.0,0.633,flag(needs_mapping),RUB,https://smart-lab.ru/q/RTKM/f/y/
RTKM,2025,fcf,FCF,5160.0,5160.0,1.0,flag(needs_mapping),RUB,https://smart-lab.ru/q/RTKM/f/y/
RTKMP,2024,revenue,revenue_mln,779945.0,780000.0,1.0,match,RUB,https://smart-lab.ru/q/RTKM/f/y/ (←RTKM)
RTKMP,2025,revenue,revenue_mln,,872800.0,,FILL,RUB,https://smart-lab.ru/q/RTKM/f/y/ (←RTKM)
RTKMP,2024,net_income,net_profit_mln,24060.0,15200.0,0.632,FLAG_DIVERGENCE,RUB,https://smart-lab.ru/q/RTKM/f/y/ (←RTKM)
RTKMP,2025,net_income,net_profit_mln,,11400.0,,skip(col_diverged),RUB,https://smart-lab.ru/q/RTKM/f/y/ (←RTKM)
RTKMP,2024,ebitda,ebitda_mln,286944.0,302500.0,1.054,flag(needs_mapping),RUB,https://smart-lab.ru/q/RTKM/f/y/ (←RTKM)
RTKMP,2025,ebitda,ebitda_mln,,331000.0,,skip_empty(needs_mapping),RUB,https://smart-lab.ru/q/RTKM/f/y/ (←RTKM)
RTKMP,2024,assets,assets_mln,1380952.0,1381000.0,1.0,match,RUB,https://smart-lab.ru/q/RTKM/f/y/ (←RTKM)
RTKMP,2025,assets,assets_mln,,1433000.0,,FILL,RUB,https://smart-lab.ru/q/RTKM/f/y/ (←RTKM)
RTKMP,2024,net_assets,equity_mln,273609.0,219000.0,0.8,flag(needs_mapping),RUB,https://smart-lab.ru/q/RTKM/f/y/ (←RTKM)
RTKMP,2025,net_assets,equity_mln,,222400.0,,skip_empty(needs_mapping),RUB,https://smart-lab.ru/q/RTKM/f/y/ (←RTKM)
RTKMP,2024,debt,total_debt_mln,,571800.0,,skip_empty(needs_mapping),RUB,https://smart-lab.ru/q/RTKM/f/y/ (←RTKM)
RTKMP,2025,debt,total_debt_mln,,572200.0,,skip_empty(needs_mapping),RUB,https://smart-lab.ru/q/RTKM/f/y/ (←RTKM)
RTKMP,2024,net_debt,net_debt_mln,677203.0,525400.0,0.776,flag(needs_mapping),RUB,https://smart-lab.ru/q/RTKM/f/y/ (←RTKM)
RTKMP,2025,net_debt,net_debt_mln,,546000.0,,skip_empty(needs_mapping),RUB,https://smart-lab.ru/q/RTKM/f/y/ (←RTKM)
RTKMP,2024,ocf,CFO_,199500.0,199500.0,1.0,flag(needs_mapping),RUB,https://smart-lab.ru/q/RTKM/f/y/ (←RTKM)
RTKMP,2025,ocf,CFO_,,162500.0,,skip_empty(needs_mapping),RUB,https://smart-lab.ru/q/RTKM/f/y/ (←RTKM)
RTKMP,2024,capex,CAPEX_,178800.0,178800.0,1.0,flag(needs_mapping),RUB,https://smart-lab.ru/q/RTKM/f/y/ (←RTKM)
RTKMP,2025,capex,CAPEX_,,158000.0,,skip_empty(needs_mapping),RUB,https://smart-lab.ru/q/RTKM/f/y/ (←RTKM)
RTKMP,2024,fcf,FCF,20700.0,13100.0,0.633,flag(needs_mapping),RUB,https://smart-lab.ru/q/RTKM/f/y/ (←RTKM)
RTKMP,2025,fcf,FCF,,5160.0,,skip_empty(needs_mapping),RUB,https://smart-lab.ru/q/RTKM/f/y/ (←RTKM)
RTSB,2024,revenue,revenue_mln,60075.6,60100.0,1.0,match,RUB,https://smart-lab.ru/q/RTSB/f/y/
RTSB,2025,revenue,revenue_mln,66900.0,66900.0,1.0,match,RUB,https://smart-lab.ru/q/RTSB/f/y/
RTSB,2024,net_income,net_profit_mln,1101.2,1100.0,0.999,match,RUB,https://smart-lab.ru/q/RTSB/f/y/
RTSB,2025,net_income,net_profit_mln,3880.0,3880.0,1.0,match,RUB,https://smart-lab.ru/q/RTSB/f/y/
RTSB,2024,ebitda,ebitda_mln,396.0,284.0,0.717,flag(needs_mapping),RUB,https://smart-lab.ru/q/RTSB/f/y/
RTSB,2025,ebitda,ebitda_mln,,4670.0,,skip_empty(needs_mapping),RUB,https://smart-lab.ru/q/RTSB/f/y/
RTSB,2024,assets,assets_mln,11210.8,11200.0,0.999,match,RUB,https://smart-lab.ru/q/RTSB/f/y/
RTSB,2025,assets,assets_mln,15400.0,15400.0,1.0,match,RUB,https://smart-lab.ru/q/RTSB/f/y/
RTSB,2024,net_assets,equity_mln,3491.9,3490.0,0.999,flag(needs_mapping),RUB,https://smart-lab.ru/q/RTSB/f/y/
RTSB,2025,net_assets,equity_mln,,7510.0,,skip_empty(needs_mapping),RUB,https://smart-lab.ru/q/RTSB/f/y/
RTSB,2024,debt,total_debt_mln,0.0,0.0,,flag(needs_mapping),RUB,https://smart-lab.ru/q/RTSB/f/y/
RTSB,2025,debt,total_debt_mln,,0.0,,skip_empty(needs_mapping),RUB,https://smart-lab.ru/q/RTSB/f/y/
RTSB,2024,net_debt,net_debt_mln,-2880.5,-2880.0,1.0,flag(needs_mapping),RUB,https://smart-lab.ru/q/RTSB/f/y/
RTSB,2025,net_debt,net_debt_mln,,-5350.0,,skip_empty(needs_mapping),RUB,https://smart-lab.ru/q/RTSB/f/y/
RTSB,2024,ocf,CFO_,1970.3,1970.0,1.0,flag(needs_mapping),RUB,https://smart-lab.ru/q/RTSB/f/y/
RTSB,2025,ocf,CFO_,,1940.0,,skip_empty(needs_mapping),RUB,https://smart-lab.ru/q/RTSB/f/y/
RTSB,2024,capex,CAPEX_,298.5,298.0,0.998,flag(needs_mapping),RUB,https://smart-lab.ru/q/RTSB/f/y/
RTSB,2025,capex,CAPEX_,,814.0,,skip_empty(needs_mapping),RUB,https://smart-lab.ru/q/RTSB/f/y/
RTSB,2024,fcf,FCF,1671.8,1910.0,1.142,flag(needs_mapping),RUB,https://smart-lab.ru/q/RTSB/f/y/
RTSB,2025,fcf,FCF,,2460.0,,skip_empty(needs_mapping),RUB,https://smart-lab.ru/q/RTSB/f/y/
RTSBP,2024,revenue,revenue_mln,60075.6,60100.0,1.0,match,RUB,https://smart-lab.ru/q/RTSB/f/y/ (←RTSB)
RTSBP,2025,revenue,revenue_mln,,66900.0,,FILL,RUB,https://smart-lab.ru/q/RTSB/f/y/ (←RTSB)
RTSBP,2024,net_income,net_profit_mln,1101.2,1100.0,0.999,match,RUB,https://smart-lab.ru/q/RTSB/f/y/ (←RTSB)
RTSBP,2025,net_income,net_profit_mln,,3880.0,,FILL,RUB,https://smart-lab.ru/q/RTSB/f/y/ (←RTSB)
RTSBP,2024,ebitda,ebitda_mln,396.0,284.0,0.717,flag(needs_mapping),RUB,https://smart-lab.ru/q/RTSB/f/y/ (←RTSB)
RTSBP,2025,ebitda,ebitda_mln,,4670.0,,skip_empty(needs_mapping),RUB,https://smart-lab.ru/q/RTSB/f/y/ (←RTSB)
RTSBP,2024,assets,assets_mln,11210.8,11200.0,0.999,match,RUB,https://smart-lab.ru/q/RTSB/f/y/ (←RTSB)
RTSBP,2025,assets,assets_mln,,15400.0,,FILL,RUB,https://smart-lab.ru/q/RTSB/f/y/ (←RTSB)
RTSBP,2024,net_assets,equity_mln,3491.9,3490.0,0.999,flag(needs_mapping),RUB,https://smart-lab.ru/q/RTSB/f/y/ (←RTSB)
RTSBP,2025,net_assets,equity_mln,,7510.0,,skip_empty(needs_mapping),RUB,https://smart-lab.ru/q/RTSB/f/y/ (←RTSB)
RTSBP,2024,debt,total_debt_mln,,0.0,,skip_empty(needs_mapping),RUB,https://smart-lab.ru/q/RTSB/f/y/ (←RTSB)
RTSBP,2025,debt,total_debt_mln,,0.0,,skip_empty(needs_mapping),RUB,https://smart-lab.ru/q/RTSB/f/y/ (←RTSB)
RTSBP,2024,net_debt,net_debt_mln,-2880.5,-2880.0,1.0,flag(needs_mapping),RUB,https://smart-lab.ru/q/RTSB/f/y/ (←RTSB)
RTSBP,2025,net_debt,net_debt_mln,,-5350.0,,skip_empty(needs_mapping),RUB,https://smart-lab.ru/q/RTSB/f/y/ (←RTSB)
RTSBP,2024,ocf,CFO_,1970.3,1970.0,1.0,flag(needs_mapping),RUB,https://smart-lab.ru/q/RTSB/f/y/ (←RTSB)
RTSBP,2025,ocf,CFO_,,1940.0,,skip_empty(needs_mapping),RUB,https://smart-lab.ru/q/RTSB/f/y/ (←RTSB)
RTSBP,2024,capex,CAPEX_,298.5,298.0,0.998,flag(needs_mapping),RUB,https://smart-lab.ru/q/RTSB/f/y/ (←RTSB)
RTSBP,2025,capex,CAPEX_,,814.0,,skip_empty(needs_mapping),RUB,https://smart-lab.ru/q/RTSB/f/y/ (←RTSB)
RTSBP,2024,fcf,FCF,1671.8,1910.0,1.142,flag(needs_mapping),RUB,https://smart-lab.ru/q/RTSB/f/y/ (←RTSB)
RTSBP,2025,fcf,FCF,,2460.0,,skip_empty(needs_mapping),RUB,https://smart-lab.ru/q/RTSB/f/y/ (←RTSB)
RUAL,2024,revenue,revenue_mln,12082.0,13231.6,1.095,FLAG_DIVERGENCE,RUB,https://smart-lab.ru/q/RUAL/f/y/
RUAL,2025,revenue,revenue_mln,,14890.0,,skip(col_diverged),RUB,https://smart-lab.ru/q/RUAL/f/y/
RUAL,2024,net_income,net_profit_mln,803.0,786.0,0.979,match,RUB,https://smart-lab.ru/q/RUAL/f/y/
RUAL,2025,net_income,net_profit_mln,,-790.8,,FILL,RUB,https://smart-lab.ru/q/RUAL/f/y/
RUAL,2024,ebitda,ebitda_mln,1470.0,1635.6,1.113,flag(needs_mapping),RUB,https://smart-lab.ru/q/RUAL/f/y/
RUAL,2025,ebitda,ebitda_mln,,1058.8,,skip_empty(needs_mapping),RUB,https://smart-lab.ru/q/RUAL/f/y/
RUAL,2024,assets,assets_mln,22201.0,24312.0,1.095,FLAG_DIVERGENCE,RUB,https://smart-lab.ru/q/RUAL/f/y/
RUAL,2025,assets,assets_mln,,23554.9,,skip(col_diverged),RUB,https://smart-lab.ru/q/RUAL/f/y/
RUAL,2024,net_assets,equity_mln,11216.0,12282.2,1.095,flag(needs_mapping),RUB,https://smart-lab.ru/q/RUAL/f/y/
RUAL,2025,net_assets,equity_mln,,11023.9,,skip_empty(needs_mapping),RUB,https://smart-lab.ru/q/RUAL/f/y/
RUAL,2024,debt,total_debt_mln,721500.0,8670.8,0.012,flag(needs_mapping),RUB,https://smart-lab.ru/q/RUAL/f/y/
RUAL,2025,debt,total_debt_mln,,9026.6,,skip_empty(needs_mapping),RUB,https://smart-lab.ru/q/RUAL/f/y/
RUAL,2024,net_debt,net_debt_mln,6415.0,7024.4,1.095,flag(needs_mapping),RUB,https://smart-lab.ru/q/RUAL/f/y/
RUAL,2025,net_debt,net_debt_mln,,7478.7,,skip_empty(needs_mapping),RUB,https://smart-lab.ru/q/RUAL/f/y/
RUAL,2024,ocf,CFO_,483.0,528.8,1.095,flag(needs_mapping),RUB,https://smart-lab.ru/q/RUAL/f/y/
RUAL,2025,ocf,CFO_,,1683.7,,skip_empty(needs_mapping),RUB,https://smart-lab.ru/q/RUAL/f/y/
RUAL,2024,capex,CAPEX_,1366.0,1496.2,1.095,flag(needs_mapping),RUB,https://smart-lab.ru/q/RUAL/f/y/
RUAL,2025,capex,CAPEX_,,1484.2,,skip_empty(needs_mapping),RUB,https://smart-lab.ru/q/RUAL/f/y/
RUAL,2024,fcf,FCF,-883.0,-1380.8,1.564,flag(needs_mapping),RUB,https://smart-lab.ru/q/RUAL/f/y/
RUAL,2025,fcf,FCF,,-344.9,,skip_empty(needs_mapping),RUB,https://smart-lab.ru/q/RUAL/f/y/
RZSB,2024,revenue,revenue_mln,13569.0,13600.0,1.002,match,RUB,https://smart-lab.ru/q/RZSB/f/y/
RZSB,2025,revenue,revenue_mln,15400.0,15400.0,1.0,match,RUB,https://smart-lab.ru/q/RZSB/f/y/
RZSB,2024,net_income,net_profit_mln,903.0,903.0,1.0,match,RUB,https://smart-lab.ru/q/RZSB/f/y/
RZSB,2025,net_income,net_profit_mln,982.0,982.0,1.0,match,RUB,https://smart-lab.ru/q/RZSB/f/y/
RZSB,2024,ebitda,ebitda_mln,984.0,1030.0,1.047,flag(needs_mapping),RUB,https://smart-lab.ru/q/RZSB/f/y/
RZSB,2025,ebitda,ebitda_mln,,1230.0,,skip_empty(needs_mapping),RUB,https://smart-lab.ru/q/RZSB/f/y/
RZSB,2024,assets,assets_mln,2796.0,2800.0,1.001,match,RUB,https://smart-lab.ru/q/RZSB/f/y/
RZSB,2025,assets,assets_mln,3320.0,3320.0,1.0,match,RUB,https://smart-lab.ru/q/RZSB/f/y/
RZSB,2024,net_assets,equity_mln,1572.0,1570.0,0.999,flag(needs_mapping),RUB,https://smart-lab.ru/q/RZSB/f/y/
RZSB,2025,net_assets,equity_mln,,1760.0,,skip_empty(needs_mapping),RUB,https://smart-lab.ru/q/RZSB/f/y/
RZSB,2024,debt,total_debt_mln,0.0,0.0,,flag(needs_mapping),RUB,https://smart-lab.ru/q/RZSB/f/y/
RZSB,2025,debt,total_debt_mln,,0.0,,skip_empty(needs_mapping),RUB,https://smart-lab.ru/q/RZSB/f/y/
RZSB,2024,net_debt,net_debt_mln,-1320.0,-1330.0,1.008,flag(needs_mapping),RUB,https://smart-lab.ru/q/RZSB/f/y/
RZSB,2025,net_debt,net_debt_mln,,-1420.0,,skip_empty(needs_mapping),RUB,https://smart-lab.ru/q/RZSB/f/y/
RZSB,2024,ocf,CFO_,774.0,774.0,1.0,flag(needs_mapping),RUB,https://smart-lab.ru/q/RZSB/f/y/
RZSB,2025,ocf,CFO_,,883.0,,skip_empty(needs_mapping),RUB,https://smart-lab.ru/q/RZSB/f/y/
RZSB,2024,capex,CAPEX_,81.0,81.0,1.0,flag(needs_mapping),RUB,https://smart-lab.ru/q/RZSB/f/y/
RZSB,2025,capex,CAPEX_,,215.0,,skip_empty(needs_mapping),RUB,https://smart-lab.ru/q/RZSB/f/y/
RZSB,2024,fcf,FCF,693.0,899.0,1.297,flag(needs_mapping),RUB,https://smart-lab.ru/q/RZSB/f/y/
RZSB,2025,fcf,FCF,,906.0,,skip_empty(needs_mapping),RUB,https://smart-lab.ru/q/RZSB/f/y/
SAGO,2024,revenue,revenue_mln,47530.7,47500.0,0.999,match,RUB,https://smart-lab.ru/q/SAGO/f/y/
SAGO,2025,revenue,revenue_mln,52600.0,52600.0,1.0,match,RUB,https://smart-lab.ru/q/SAGO/f/y/
SAGO,2024,net_income,net_profit_mln,2138.2,2140.0,1.001,match,RUB,https://smart-lab.ru/q/SAGO/f/y/
SAGO,2025,net_income,net_profit_mln,1890.0,1890.0,1.0,match,RUB,https://smart-lab.ru/q/SAGO/f/y/
SAGO,2024,ebitda,ebitda_mln,2125.7,2130.0,1.002,flag(needs_mapping),RUB,https://smart-lab.ru/q/SAGO/f/y/
SAGO,2025,ebitda,ebitda_mln,,1970.0,,skip_empty(needs_mapping),RUB,https://smart-lab.ru/q/SAGO/f/y/
SAGO,2024,assets,assets_mln,13202.6,13200.0,1.0,match,RUB,https://smart-lab.ru/q/SAGO/f/y/
SAGO,2025,assets,assets_mln,15200.0,15200.0,1.0,match,RUB,https://smart-lab.ru/q/SAGO/f/y/
SAGO,2024,net_assets,equity_mln,8897.3,8900.0,1.0,flag(needs_mapping),RUB,https://smart-lab.ru/q/SAGO/f/y/
SAGO,2025,net_assets,equity_mln,,9890.0,,skip_empty(needs_mapping),RUB,https://smart-lab.ru/q/SAGO/f/y/
SAGO,2024,debt,total_debt_mln,0.0,0.0,,flag(needs_mapping),RUB,https://smart-lab.ru/q/SAGO/f/y/
SAGO,2025,debt,total_debt_mln,,0.0,,skip_empty(needs_mapping),RUB,https://smart-lab.ru/q/SAGO/f/y/
SAGO,2024,net_debt,net_debt_mln,-4866.7,-5280.0,1.085,flag(needs_mapping),RUB,https://smart-lab.ru/q/SAGO/f/y/
SAGO,2025,net_debt,net_debt_mln,,-5470.0,,skip_empty(needs_mapping),RUB,https://smart-lab.ru/q/SAGO/f/y/
SAGO,2024,ocf,CFO_,173.1,173.0,1.0,flag(needs_mapping),RUB,https://smart-lab.ru/q/SAGO/f/y/
SAGO,2025,ocf,CFO_,,526.0,,skip_empty(needs_mapping),RUB,https://smart-lab.ru/q/SAGO/f/y/
SAGO,2024,capex,CAPEX_,516.2,516.0,1.0,flag(needs_mapping),RUB,https://smart-lab.ru/q/SAGO/f/y/
SAGO,2025,capex,CAPEX_,,572.0,,skip_empty(needs_mapping),RUB,https://smart-lab.ru/q/SAGO/f/y/
SAGO,2024,fcf,FCF,-343.2,546.0,-1.591,flag(needs_mapping),RUB,https://smart-lab.ru/q/SAGO/f/y/
SAGO,2025,fcf,FCF,,1090.0,,skip_empty(needs_mapping),RUB,https://smart-lab.ru/q/SAGO/f/y/
SAGOP,2024,revenue,revenue_mln,47530.7,47500.0,0.999,match,RUB,https://smart-lab.ru/q/SAGO/f/y/ (←SAGO)
SAGOP,2025,revenue,revenue_mln,,52600.0,,FILL,RUB,https://smart-lab.ru/q/SAGO/f/y/ (←SAGO)
SAGOP,2024,net_income,net_profit_mln,2138.2,2140.0,1.001,match,RUB,https://smart-lab.ru/q/SAGO/f/y/ (←SAGO)
SAGOP,2025,net_income,net_profit_mln,,1890.0,,FILL,RUB,https://smart-lab.ru/q/SAGO/f/y/ (←SAGO)
SAGOP,2024,ebitda,ebitda_mln,2125.7,2130.0,1.002,flag(needs_mapping),RUB,https://smart-lab.ru/q/SAGO/f/y/ (←SAGO)
SAGOP,2025,ebitda,ebitda_mln,,1970.0,,skip_empty(needs_mapping),RUB,https://smart-lab.ru/q/SAGO/f/y/ (←SAGO)
SAGOP,2024,assets,assets_mln,13202.6,13200.0,1.0,match,RUB,https://smart-lab.ru/q/SAGO/f/y/ (←SAGO)
SAGOP,2025,assets,assets_mln,,15200.0,,FILL,RUB,https://smart-lab.ru/q/SAGO/f/y/ (←SAGO)
SAGOP,2024,net_assets,equity_mln,8897.3,8900.0,1.0,flag(needs_mapping),RUB,https://smart-lab.ru/q/SAGO/f/y/ (←SAGO)
SAGOP,2025,net_assets,equity_mln,,9890.0,,skip_empty(needs_mapping),RUB,https://smart-lab.ru/q/SAGO/f/y/ (←SAGO)
SAGOP,2024,debt,total_debt_mln,,0.0,,skip_empty(needs_mapping),RUB,https://smart-lab.ru/q/SAGO/f/y/ (←SAGO)
SAGOP,2025,debt,total_debt_mln,,0.0,,skip_empty(needs_mapping),RUB,https://smart-lab.ru/q/SAGO/f/y/ (←SAGO)
SAGOP,2024,net_debt,net_debt_mln,-4866.7,-5280.0,1.085,flag(needs_mapping),RUB,https://smart-lab.ru/q/SAGO/f/y/ (←SAGO)
SAGOP,2025,net_debt,net_debt_mln,,-5470.0,,skip_empty(needs_mapping),RUB,https://smart-lab.ru/q/SAGO/f/y/ (←SAGO)
SAGOP,2024,ocf,CFO_,173.1,173.0,1.0,flag(needs_mapping),RUB,https://smart-lab.ru/q/SAGO/f/y/ (←SAGO)
SAGOP,2025,ocf,CFO_,,526.0,,skip_empty(needs_mapping),RUB,https://smart-lab.ru/q/SAGO/f/y/ (←SAGO)
SAGOP,2024,capex,CAPEX_,516.2,516.0,1.0,flag(needs_mapping),RUB,https://smart-lab.ru/q/SAGO/f/y/ (←SAGO)
SAGOP,2025,capex,CAPEX_,,572.0,,skip_empty(needs_mapping),RUB,https://smart-lab.ru/q/SAGO/f/y/ (←SAGO)
SAGOP,2024,fcf,FCF,-343.2,546.0,-1.591,flag(needs_mapping),RUB,https://smart-lab.ru/q/SAGO/f/y/ (←SAGO)
SAGOP,2025,fcf,FCF,,1090.0,,skip_empty(needs_mapping),RUB,https://smart-lab.ru/q/SAGO/f/y/ (←SAGO)
SARE,2024,revenue,revenue_mln,24905.0,24900.0,1.0,match,RUB,https://smart-lab.ru/q/SARE/f/y/
SARE,2025,revenue,revenue_mln,28100.0,28100.0,1.0,match,RUB,https://smart-lab.ru/q/SARE/f/y/
SARE,2024,net_income,net_profit_mln,948.4,948.0,1.0,match,RUB,https://smart-lab.ru/q/SARE/f/y/
SARE,2025,net_income,net_profit_mln,926.0,926.0,1.0,match,RUB,https://smart-lab.ru/q/SARE/f/y/
SARE,2024,ebitda,ebitda_mln,1101.5,1100.0,0.999,flag(needs_mapping),RUB,https://smart-lab.ru/q/SARE/f/y/
SARE,2025,ebitda,ebitda_mln,,1100.0,,skip_empty(needs_mapping),RUB,https://smart-lab.ru/q/SARE/f/y/
SARE,2024,assets,assets_mln,4488.8,4490.0,1.0,match,RUB,https://smart-lab.ru/q/SARE/f/y/
SARE,2025,assets,assets_mln,5630.0,5630.0,1.0,match,RUB,https://smart-lab.ru/q/SARE/f/y/
SARE,2024,net_assets,equity_mln,1587.3,1590.0,1.002,flag(needs_mapping),RUB,https://smart-lab.ru/q/SARE/f/y/
SARE,2025,net_assets,equity_mln,,2510.0,,skip_empty(needs_mapping),RUB,https://smart-lab.ru/q/SARE/f/y/
SARE,2024,debt,total_debt_mln,,0.0,,skip_empty(needs_mapping),RUB,https://smart-lab.ru/q/SARE/f/y/
SARE,2025,debt,total_debt_mln,,0.0,,skip_empty(needs_mapping),RUB,https://smart-lab.ru/q/SARE/f/y/
SARE,2024,net_debt,net_debt_mln,-1519.3,-1860.0,1.224,flag(needs_mapping),RUB,https://smart-lab.ru/q/SARE/f/y/
SARE,2025,net_debt,net_debt_mln,,-2430.0,,skip_empty(needs_mapping),RUB,https://smart-lab.ru/q/SARE/f/y/
SARE,2024,ocf,CFO_,1154.2,1150.0,0.996,flag(needs_mapping),RUB,https://smart-lab.ru/q/SARE/f/y/
SARE,2025,ocf,CFO_,,1010.0,,skip_empty(needs_mapping),RUB,https://smart-lab.ru/q/SARE/f/y/
SARE,2024,capex,CAPEX_,205.3,205.0,0.999,flag(needs_mapping),RUB,https://smart-lab.ru/q/SARE/f/y/
SARE,2025,capex,CAPEX_,,367.0,,skip_empty(needs_mapping),RUB,https://smart-lab.ru/q/SARE/f/y/
SARE,2024,fcf,FCF,948.9,871.0,0.918,flag(needs_mapping),RUB,https://smart-lab.ru/q/SARE/f/y/
SARE,2025,fcf,FCF,,558.0,,skip_empty(needs_mapping),RUB,https://smart-lab.ru/q/SARE/f/y/
SAREP,2024,revenue,revenue_mln,24905.0,24900.0,1.0,match,RUB,https://smart-lab.ru/q/SARE/f/y/ (←SARE)
SAREP,2025,revenue,revenue_mln,,28100.0,,FILL,RUB,https://smart-lab.ru/q/SARE/f/y/ (←SARE)
SAREP,2024,net_income,net_profit_mln,948.4,948.0,1.0,match,RUB,https://smart-lab.ru/q/SARE/f/y/ (←SARE)
SAREP,2025,net_income,net_profit_mln,,926.0,,FILL,RUB,https://smart-lab.ru/q/SARE/f/y/ (←SARE)
SAREP,2024,ebitda,ebitda_mln,1101.5,1100.0,0.999,flag(needs_mapping),RUB,https://smart-lab.ru/q/SARE/f/y/ (←SARE)
SAREP,2025,ebitda,ebitda_mln,,1100.0,,skip_empty(needs_mapping),RUB,https://smart-lab.ru/q/SARE/f/y/ (←SARE)
SAREP,2024,assets,assets_mln,4488.8,4490.0,1.0,match,RUB,https://smart-lab.ru/q/SARE/f/y/ (←SARE)
SAREP,2025,assets,assets_mln,,5630.0,,FILL,RUB,https://smart-lab.ru/q/SARE/f/y/ (←SARE)
SAREP,2024,net_assets,equity_mln,1587.3,1590.0,1.002,flag(needs_mapping),RUB,https://smart-lab.ru/q/SARE/f/y/ (←SARE)
SAREP,2025,net_assets,equity_mln,,2510.0,,skip_empty(needs_mapping),RUB,https://smart-lab.ru/q/SARE/f/y/ (←SARE)
SAREP,2024,debt,total_debt_mln,,0.0,,skip_empty(needs_mapping),RUB,https://smart-lab.ru/q/SARE/f/y/ (←SARE)
SAREP,2025,debt,total_debt_mln,,0.0,,skip_empty(needs_mapping),RUB,https://smart-lab.ru/q/SARE/f/y/ (←SARE)
SAREP,2024,net_debt,net_debt_mln,-1519.3,-1860.0,1.224,flag(needs_mapping),RUB,https://smart-lab.ru/q/SARE/f/y/ (←SARE)
SAREP,2025,net_debt,net_debt_mln,,-2430.0,,skip_empty(needs_mapping),RUB,https://smart-lab.ru/q/SARE/f/y/ (←SARE)
SAREP,2024,ocf,CFO_,1154.2,1150.0,0.996,flag(needs_mapping),RUB,https://smart-lab.ru/q/SARE/f/y/ (←SARE)
SAREP,2025,ocf,CFO_,,1010.0,,skip_empty(needs_mapping),RUB,https://smart-lab.ru/q/SARE/f/y/ (←SARE)
SAREP,2024,capex,CAPEX_,205.3,205.0,0.999,flag(needs_mapping),RUB,https://smart-lab.ru/q/SARE/f/y/ (←SARE)
SAREP,2025,capex,CAPEX_,,367.0,,skip_empty(needs_mapping),RUB,https://smart-lab.ru/q/SARE/f/y/ (←SARE)
SAREP,2024,fcf,FCF,948.9,871.0,0.918,flag(needs_mapping),RUB,https://smart-lab.ru/q/SARE/f/y/ (←SARE)
SAREP,2025,fcf,FCF,,558.0,,skip_empty(needs_mapping),RUB,https://smart-lab.ru/q/SARE/f/y/ (←SARE)
SBER,2024,net_income,net_profit_mln,1580300.0,1582000.0,1.001,match,RUB,https://smart-lab.ru/q/SBER/f/y/
SBER,2025,net_income,net_profit_mln,1707000.0,1707000.0,1.0,match,RUB,https://smart-lab.ru/q/SBER/f/y/
SBERP,2024,net_income,net_profit_mln,1580300.0,1582000.0,1.001,match,RUB,https://smart-lab.ru/q/SBER/f/y/ (←SBER)
SBERP,2025,net_income,net_profit_mln,,1707000.0,,FILL,RUB,https://smart-lab.ru/q/SBER/f/y/ (←SBER)
SELG,2024,revenue,revenue_mln,59289.0,59300.0,1.0,match,RUB,https://smart-lab.ru/q/SELG/f/y/
SELG,2025,revenue,revenue_mln,86900.0,86900.0,1.0,match,RUB,https://smart-lab.ru/q/SELG/f/y/
SELG,2024,net_income,net_profit_mln,-12824.8,5500.0,-0.429,FLAG_DIVERGENCE,RUB,https://smart-lab.ru/q/SELG/f/y/
SELG,2025,net_income,net_profit_mln,,-7940.0,,skip(col_diverged),RUB,https://smart-lab.ru/q/SELG/f/y/
SELG,2024,ebitda,ebitda_mln,2890.4,23600.0,8.165,flag(needs_mapping),RUB,https://smart-lab.ru/q/SELG/f/y/
SELG,2025,ebitda,ebitda_mln,,36300.0,,skip_empty(needs_mapping),RUB,https://smart-lab.ru/q/SELG/f/y/
SELG,2024,assets,assets_mln,179171.0,179200.0,1.0,match,RUB,https://smart-lab.ru/q/SELG/f/y/
SELG,2025,assets,assets_mln,213000.0,213000.0,1.0,match,RUB,https://smart-lab.ru/q/SELG/f/y/
SELG,2024,net_assets,equity_mln,21601.9,19400.0,0.898,flag(needs_mapping),RUB,https://smart-lab.ru/q/SELG/f/y/
SELG,2025,net_assets,equity_mln,44400.0,10600.0,0.239,flag(needs_mapping),RUB,https://smart-lab.ru/q/SELG/f/y/
SELG,2024,debt,total_debt_mln,89900.0,89900.0,1.0,flag(needs_mapping),RUB,https://smart-lab.ru/q/SELG/f/y/
SELG,2025,debt,total_debt_mln,,153500.0,,skip_empty(needs_mapping),RUB,https://smart-lab.ru/q/SELG/f/y/
SELG,2024,net_debt,net_debt_mln,82391.9,81500.0,0.989,flag(needs_mapping),RUB,https://smart-lab.ru/q/SELG/f/y/
SELG,2025,net_debt,net_debt_mln,0.0,144200.0,,flag(needs_mapping),RUB,https://smart-lab.ru/q/SELG/f/y/
SELG,2024,ocf,CFO_,9280.0,9280.0,1.0,flag(needs_mapping),RUB,https://smart-lab.ru/q/SELG/f/y/
SELG,2025,ocf,CFO_,,-24300.0,,skip_empty(needs_mapping),RUB,https://smart-lab.ru/q/SELG/f/y/
SELG,2024,capex,CAPEX_,16500.0,16500.0,1.0,flag(needs_mapping),RUB,https://smart-lab.ru/q/SELG/f/y/
SELG,2025,capex,CAPEX_,,20700.0,,skip_empty(needs_mapping),RUB,https://smart-lab.ru/q/SELG/f/y/
SELG,2024,fcf,FCF,-1684.8,-7570.0,4.493,flag(needs_mapping),RUB,https://smart-lab.ru/q/SELG/f/y/
SELG,2025,fcf,FCF,,-44800.0,,skip_empty(needs_mapping),RUB,https://smart-lab.ru/q/SELG/f/y/
SFIN,2024,revenue,revenue_mln,45955.6,43300.0,0.942,match,RUB,https://smart-lab.ru/q/SFIN/f/y/
SFIN,2025,revenue,revenue_mln,5820.0,5820.0,1.0,match,RUB,https://smart-lab.ru/q/SFIN/f/y/
SFIN,2024,net_income,net_profit_mln,22887.4,20900.0,0.913,FLAG_DIVERGENCE,RUB,https://smart-lab.ru/q/SFIN/f/y/
SFIN,2025,net_income,net_profit_mln,,4630.0,,skip(col_diverged),RUB,https://smart-lab.ru/q/SFIN/f/y/
SFIN,2024,assets,assets_mln,353866.5,353900.0,1.0,match,RUB,https://smart-lab.ru/q/SFIN/f/y/
SFIN,2025,assets,assets_mln,67600.0,67600.0,1.0,match,RUB,https://smart-lab.ru/q/SFIN/f/y/
SFIN,2024,net_assets,equity_mln,101379.8,93800.0,0.925,flag(needs_mapping),RUB,https://smart-lab.ru/q/SFIN/f/y/
SFIN,2025,net_assets,equity_mln,,64700.0,,skip_empty(needs_mapping),RUB,https://smart-lab.ru/q/SFIN/f/y/
SFIN,2024,debt,total_debt_mln,226700.0,226700.0,1.0,flag(needs_mapping),RUB,https://smart-lab.ru/q/SFIN/f/y/
SFIN,2025,debt,total_debt_mln,,0.0,,skip_empty(needs_mapping),RUB,https://smart-lab.ru/q/SFIN/f/y/
SFIN,2024,net_debt,net_debt_mln,149762.0,209400.0,1.398,flag(needs_mapping),RUB,https://smart-lab.ru/q/SFIN/f/y/
SFIN,2025,net_debt,net_debt_mln,,-13000.0,,skip_empty(needs_mapping),RUB,https://smart-lab.ru/q/SFIN/f/y/
SFIN,2024,ocf,CFO_,-10900.0,-10900.0,1.0,flag(needs_mapping),RUB,https://smart-lab.ru/q/SFIN/f/y/
SFIN,2025,ocf,CFO_,,87700.0,,skip_empty(needs_mapping),RUB,https://smart-lab.ru/q/SFIN/f/y/
SFIN,2024,capex,CAPEX_,377.0,377.0,1.0,flag(needs_mapping),RUB,https://smart-lab.ru/q/SFIN/f/y/
SFIN,2025,capex,CAPEX_,,132.0,,skip_empty(needs_mapping),RUB,https://smart-lab.ru/q/SFIN/f/y/
SFIN,2024,fcf,FCF,-11277.0,-10200.0,0.904,flag(needs_mapping),RUB,https://smart-lab.ru/q/SFIN/f/y/
SFIN,2025,fcf,FCF,,88100.0,,skip_empty(needs_mapping),RUB,https://smart-lab.ru/q/SFIN/f/y/
SGZH,2024,revenue,revenue_mln,101900.0,101900.0,1.0,match,RUB,https://smart-lab.ru/q/SGZH/f/y/
SGZH,2025,revenue,revenue_mln,89200.0,89200.0,1.0,match,RUB,https://smart-lab.ru/q/SGZH/f/y/
SGZH,2024,net_income,net_profit_mln,-22280.0,-22300.0,1.001,match,RUB,https://smart-lab.ru/q/SGZH/f/y/
SGZH,2025,net_income,net_profit_mln,-88300.0,-88300.0,1.0,match,RUB,https://smart-lab.ru/q/SGZH/f/y/
SGZH,2024,ebitda,ebitda_mln,10859.0,10000.0,0.921,flag(needs_mapping),RUB,https://smart-lab.ru/q/SGZH/f/y/
SGZH,2025,ebitda,ebitda_mln,,-36100.0,,skip_empty(needs_mapping),RUB,https://smart-lab.ru/q/SGZH/f/y/
SGZH,2024,assets,assets_mln,206554.0,206600.0,1.0,match,RUB,https://smart-lab.ru/q/SGZH/f/y/
SGZH,2025,assets,assets_mln,141700.0,141700.0,1.0,match,RUB,https://smart-lab.ru/q/SGZH/f/y/
SGZH,2024,net_assets,equity_mln,1084.0,1100.0,1.015,flag(needs_mapping),RUB,https://smart-lab.ru/q/SGZH/f/y/
SGZH,2025,net_assets,equity_mln,,236.0,,skip_empty(needs_mapping),RUB,https://smart-lab.ru/q/SGZH/f/y/
SGZH,2024,debt,total_debt_mln,152400.0,152400.0,1.0,flag(needs_mapping),RUB,https://smart-lab.ru/q/SGZH/f/y/
SGZH,2025,debt,total_debt_mln,,70100.0,,skip_empty(needs_mapping),RUB,https://smart-lab.ru/q/SGZH/f/y/
SGZH,2024,net_debt,net_debt_mln,161113.0,147800.0,0.917,flag(needs_mapping),RUB,https://smart-lab.ru/q/SGZH/f/y/
SGZH,2025,net_debt,net_debt_mln,,67000.0,,skip_empty(needs_mapping),RUB,https://smart-lab.ru/q/SGZH/f/y/
SGZH,2024,ocf,CFO_,-12700.0,-12700.0,1.0,flag(needs_mapping),RUB,https://smart-lab.ru/q/SGZH/f/y/
SGZH,2025,ocf,CFO_,,-26400.0,,skip_empty(needs_mapping),RUB,https://smart-lab.ru/q/SGZH/f/y/
SGZH,2024,capex,CAPEX_,9990.0,9990.0,1.0,flag(needs_mapping),RUB,https://smart-lab.ru/q/SGZH/f/y/
SGZH,2025,capex,CAPEX_,,5290.0,,skip_empty(needs_mapping),RUB,https://smart-lab.ru/q/SGZH/f/y/
SGZH,2024,fcf,FCF,-22690.0,-18800.0,0.829,flag(needs_mapping),RUB,https://smart-lab.ru/q/SGZH/f/y/
SGZH,2025,fcf,FCF,,-30800.0,,skip_empty(needs_mapping),RUB,https://smart-lab.ru/q/SGZH/f/y/
SIBN,2024,revenue,revenue_mln,4099708.0,4100000.0,1.0,match,RUB,https://smart-lab.ru/q/SIBN/f/y/
SIBN,2025,revenue,revenue_mln,3607000.0,3607000.0,1.0,match,RUB,https://smart-lab.ru/q/SIBN/f/y/
SIBN,2024,net_income,net_profit_mln,500762.0,479500.0,0.958,match,RUB,https://smart-lab.ru/q/SIBN/f/y/
SIBN,2025,net_income,net_profit_mln,245800.0,245800.0,1.0,match,RUB,https://smart-lab.ru/q/SIBN/f/y/
SIBN,2024,ebitda,ebitda_mln,1171331.0,1396000.0,1.192,flag(needs_mapping),RUB,https://smart-lab.ru/q/SIBN/f/y/
SIBN,2025,ebitda,ebitda_mln,,1071000.0,,skip_empty(needs_mapping),RUB,https://smart-lab.ru/q/SIBN/f/y/
SIBN,2024,assets,assets_mln,6140642.0,6141000.0,1.0,match,RUB,https://smart-lab.ru/q/SIBN/f/y/
SIBN,2025,assets,assets_mln,6454000.0,6454000.0,1.0,match,RUB,https://smart-lab.ru/q/SIBN/f/y/
SIBN,2024,net_assets,equity_mln,3168749.0,3088000.0,0.975,flag(needs_mapping),RUB,https://smart-lab.ru/q/SIBN/f/y/
SIBN,2025,net_assets,equity_mln,,3066000.0,,skip_empty(needs_mapping),RUB,https://smart-lab.ru/q/SIBN/f/y/
SIBN,2024,debt,total_debt_mln,960300.0,960300.0,1.0,flag(needs_mapping),RUB,https://smart-lab.ru/q/SIBN/f/y/
SIBN,2025,debt,total_debt_mln,,1278000.0,,skip_empty(needs_mapping),RUB,https://smart-lab.ru/q/SIBN/f/y/
SIBN,2024,net_debt,net_debt_mln,936883.0,721800.0,0.77,flag(needs_mapping),RUB,https://smart-lab.ru/q/SIBN/f/y/
SIBN,2025,net_debt,net_debt_mln,,1095000.0,,skip_empty(needs_mapping),RUB,https://smart-lab.ru/q/SIBN/f/y/
SIBN,2024,ocf,CFO_,823777.0,823800.0,1.0,flag(needs_mapping),RUB,https://smart-lab.ru/q/SIBN/f/y/
SIBN,2025,ocf,CFO_,,621200.0,,skip_empty(needs_mapping),RUB,https://smart-lab.ru/q/SIBN/f/y/
SIBN,2024,capex,CAPEX_,505491.0,505500.0,1.0,flag(needs_mapping),RUB,https://smart-lab.ru/q/SIBN/f/y/
SIBN,2025,capex,CAPEX_,,599300.0,,skip_empty(needs_mapping),RUB,https://smart-lab.ru/q/SIBN/f/y/
SIBN,2024,fcf,FCF,318286.0,318600.0,1.001,flag(needs_mapping),RUB,https://smart-lab.ru/q/SIBN/f/y/
SIBN,2025,fcf,FCF,,21800.0,,skip_empty(needs_mapping),RUB,https://smart-lab.ru/q/SIBN/f/y/
SLEN,2024,revenue,revenue_mln,15401.0,15400.0,1.0,match,RUB,https://smart-lab.ru/q/SLEN/f/y/
SLEN,2025,revenue,revenue_mln,18000.0,18000.0,1.0,match,RUB,https://smart-lab.ru/q/SLEN/f/y/
SLEN,2024,net_income,net_profit_mln,-9596.0,-9390.0,0.979,match,RUB,https://smart-lab.ru/q/SLEN/f/y/
SLEN,2025,net_income,net_profit_mln,5400.0,5400.0,1.0,match,RUB,https://smart-lab.ru/q/SLEN/f/y/
SLEN,2024,ebitda,ebitda_mln,-5824.0,-5880.0,1.01,flag(needs_mapping),RUB,https://smart-lab.ru/q/SLEN/f/y/
SLEN,2025,ebitda,ebitda_mln,,7830.0,,skip_empty(needs_mapping),RUB,https://smart-lab.ru/q/SLEN/f/y/
SLEN,2024,assets,assets_mln,35868.0,35600.0,0.993,match,RUB,https://smart-lab.ru/q/SLEN/f/y/
SLEN,2025,assets,assets_mln,40600.0,40600.0,1.0,match,RUB,https://smart-lab.ru/q/SLEN/f/y/
SLEN,2024,net_assets,equity_mln,7931.0,7680.0,0.968,flag(needs_mapping),RUB,https://smart-lab.ru/q/SLEN/f/y/
SLEN,2025,net_assets,equity_mln,,13500.0,,skip_empty(needs_mapping),RUB,https://smart-lab.ru/q/SLEN/f/y/
SLEN,2024,debt,total_debt_mln,,13500.0,,skip_empty(needs_mapping),RUB,https://smart-lab.ru/q/SLEN/f/y/
SLEN,2025,debt,total_debt_mln,,15900.0,,skip_empty(needs_mapping),RUB,https://smart-lab.ru/q/SLEN/f/y/
SLEN,2024,net_debt,net_debt_mln,21555.0,12400.0,0.575,flag(needs_mapping),RUB,https://smart-lab.ru/q/SLEN/f/y/
SLEN,2025,net_debt,net_debt_mln,,13900.0,,skip_empty(needs_mapping),RUB,https://smart-lab.ru/q/SLEN/f/y/
SLEN,2024,ocf,CFO_,7558.0,7560.0,1.0,flag(needs_mapping),RUB,https://smart-lab.ru/q/SLEN/f/y/
SLEN,2025,ocf,CFO_,,8390.0,,skip_empty(needs_mapping),RUB,https://smart-lab.ru/q/SLEN/f/y/
SLEN,2024,capex,CAPEX_,10196.0,10200.0,1.0,flag(needs_mapping),RUB,https://smart-lab.ru/q/SLEN/f/y/
SLEN,2025,capex,CAPEX_,,6050.0,,skip_empty(needs_mapping),RUB,https://smart-lab.ru/q/SLEN/f/y/
SLEN,2024,fcf,FCF,-2638.0,-108.0,0.041,flag(needs_mapping),RUB,https://smart-lab.ru/q/SLEN/f/y/
SLEN,2025,fcf,FCF,,-1960.0,,skip_empty(needs_mapping),RUB,https://smart-lab.ru/q/SLEN/f/y/
SMLT,2024,revenue,revenue_mln,339056.0,339100.0,1.0,match,RUB,https://smart-lab.ru/q/SMLT/f/y/
SMLT,2025,revenue,revenue_mln,366800.0,366800.0,1.0,match,RUB,https://smart-lab.ru/q/SMLT/f/y/
SMLT,2024,net_income,net_profit_mln,8158.0,5410.0,0.663,FLAG_DIVERGENCE,RUB,https://smart-lab.ru/q/SMLT/f/y/
SMLT,2025,net_income,net_profit_mln,,-1730.0,,skip(col_diverged),RUB,https://smart-lab.ru/q/SMLT/f/y/
SMLT,2024,ebitda,ebitda_mln,83603.0,109200.0,1.306,flag(needs_mapping),RUB,https://smart-lab.ru/q/SMLT/f/y/
SMLT,2025,ebitda,ebitda_mln,,125200.0,,skip_empty(needs_mapping),RUB,https://smart-lab.ru/q/SMLT/f/y/
SMLT,2024,assets,assets_mln,961122.0,961100.0,1.0,match,RUB,https://smart-lab.ru/q/SMLT/f/y/
SMLT,2025,assets,assets_mln,1020000.0,1020000.0,1.0,match,RUB,https://smart-lab.ru/q/SMLT/f/y/
SMLT,2024,net_assets,equity_mln,52634.0,29100.0,0.553,flag(needs_mapping),RUB,https://smart-lab.ru/q/SMLT/f/y/
SMLT,2025,net_assets,equity_mln,60800.0,26700.0,0.439,flag(needs_mapping),RUB,https://smart-lab.ru/q/SMLT/f/y/
SMLT,2024,debt,total_debt_mln,641100.0,641100.0,1.0,flag(needs_mapping),RUB,https://smart-lab.ru/q/SMLT/f/y/
SMLT,2025,debt,total_debt_mln,,749100.0,,skip_empty(needs_mapping),RUB,https://smart-lab.ru/q/SMLT/f/y/
SMLT,2024,net_debt,net_debt_mln,616986.0,291200.0,0.472,flag(needs_mapping),RUB,https://smart-lab.ru/q/SMLT/f/y/
SMLT,2025,net_debt,net_debt_mln,0.0,373200.0,,flag(needs_mapping),RUB,https://smart-lab.ru/q/SMLT/f/y/
SMLT,2024,ocf,CFO_,-271700.0,-271700.0,1.0,flag(needs_mapping),RUB,https://smart-lab.ru/q/SMLT/f/y/
SMLT,2025,ocf,CFO_,,-212200.0,,skip_empty(needs_mapping),RUB,https://smart-lab.ru/q/SMLT/f/y/
SMLT,2024,capex,CAPEX_,10600.0,10600.0,1.0,flag(needs_mapping),RUB,https://smart-lab.ru/q/SMLT/f/y/
SMLT,2025,capex,CAPEX_,,7110.0,,skip_empty(needs_mapping),RUB,https://smart-lab.ru/q/SMLT/f/y/
SMLT,2024,fcf,FCF,-282300.0,-291100.0,1.031,flag(needs_mapping),RUB,https://smart-lab.ru/q/SMLT/f/y/
SMLT,2025,fcf,FCF,,-217200.0,,skip_empty(needs_mapping),RUB,https://smart-lab.ru/q/SMLT/f/y/
SOFL,2024,revenue,revenue_mln,81126.0,80700.0,0.995,flag(unit_mismatch),RUB,https://smart-lab.ru/q/SOFL/f/y/
SOFL,2025,revenue,revenue_mln,,95500.0,,"skip(unit:cur=RUB,med=1.22)",RUB,https://smart-lab.ru/q/SOFL/f/y/
SOFL,2024,net_income,net_profit_mln,2604.0,3710.0,1.425,flag(unit_mismatch),RUB,https://smart-lab.ru/q/SOFL/f/y/
SOFL,2025,net_income,net_profit_mln,14.0,1850.0,132.143,flag(unit_mismatch),RUB,https://smart-lab.ru/q/SOFL/f/y/
SOFL,2024,ebitda,ebitda_mln,10093.0,7100.0,0.703,flag(unit_mismatch),RUB,https://smart-lab.ru/q/SOFL/f/y/
SOFL,2025,ebitda,ebitda_mln,8060.0,8060.0,1.0,flag(unit_mismatch),RUB,https://smart-lab.ru/q/SOFL/f/y/
SOFL,2024,assets,assets_mln,98874.0,100900.0,1.02,flag(unit_mismatch),RUB,https://smart-lab.ru/q/SOFL/f/y/
SOFL,2025,assets,assets_mln,,117700.0,,"skip(unit:cur=RUB,med=1.22)",RUB,https://smart-lab.ru/q/SOFL/f/y/
SOFL,2024,net_assets,equity_mln,22287.0,16900.0,0.758,flag(unit_mismatch),RUB,https://smart-lab.ru/q/SOFL/f/y/
SOFL,2025,net_assets,equity_mln,31700.0,22100.0,0.697,flag(unit_mismatch),RUB,https://smart-lab.ru/q/SOFL/f/y/
SOFL,2024,debt,total_debt_mln,,21400.0,,skip_empty(needs_mapping),RUB,https://smart-lab.ru/q/SOFL/f/y/
SOFL,2025,debt,total_debt_mln,,27900.0,,skip_empty(needs_mapping),RUB,https://smart-lab.ru/q/SOFL/f/y/
SOFL,2024,net_debt,net_debt_mln,12753.0,4720.0,0.37,flag(unit_mismatch),RUB,https://smart-lab.ru/q/SOFL/f/y/
SOFL,2025,net_debt,net_debt_mln,0.0,11700.0,,flag(unit_mismatch),RUB,https://smart-lab.ru/q/SOFL/f/y/
SOFL,2024,ocf,CFO_,-3250.0,-3250.0,1.0,flag(unit_mismatch),RUB,https://smart-lab.ru/q/SOFL/f/y/
SOFL,2025,ocf,CFO_,,-1530.0,,skip_empty(needs_mapping),RUB,https://smart-lab.ru/q/SOFL/f/y/
SOFL,2024,capex,CAPEX_,4380.0,4380.0,1.0,flag(unit_mismatch),RUB,https://smart-lab.ru/q/SOFL/f/y/
SOFL,2025,capex,CAPEX_,,4880.0,,skip_empty(needs_mapping),RUB,https://smart-lab.ru/q/SOFL/f/y/
SOFL,2024,fcf,FCF,-7630.0,-14900.0,1.953,flag(unit_mismatch),RUB,https://smart-lab.ru/q/SOFL/f/y/
SOFL,2025,fcf,FCF,,-10100.0,,skip_empty(needs_mapping),RUB,https://smart-lab.ru/q/SOFL/f/y/
SPBE,2024,revenue,revenue_mln,3951.9,3950.0,1.0,match,RUB,https://smart-lab.ru/q/SPBE/f/y/
SPBE,2025,revenue,revenue_mln,4100.0,4100.0,1.0,match,RUB,https://smart-lab.ru/q/SPBE/f/y/
SPBE,2024,net_income,net_profit_mln,1065.3,1010.0,0.948,match,RUB,https://smart-lab.ru/q/SPBE/f/y/
SPBE,2025,net_income,net_profit_mln,561.0,561.0,1.0,match,RUB,https://smart-lab.ru/q/SPBE/f/y/
SPBE,2024,ebitda,ebitda_mln,3640.0,3640.0,1.0,flag(needs_mapping),RUB,https://smart-lab.ru/q/SPBE/f/y/
SPBE,2025,ebitda,ebitda_mln,,3760.0,,skip_empty(needs_mapping),RUB,https://smart-lab.ru/q/SPBE/f/y/
SPBE,2024,assets,assets_mln,90162.2,90200.0,1.0,match,RUB,https://smart-lab.ru/q/SPBE/f/y/
SPBE,2025,assets,assets_mln,89000.0,89000.0,1.0,match,RUB,https://smart-lab.ru/q/SPBE/f/y/
SPBE,2024,net_assets,equity_mln,21402.3,20600.0,0.963,flag(needs_mapping),RUB,https://smart-lab.ru/q/SPBE/f/y/
SPBE,2025,net_assets,equity_mln,,21600.0,,skip_empty(needs_mapping),RUB,https://smart-lab.ru/q/SPBE/f/y/
SPBE,2024,net_debt,net_debt_mln,-14600.0,-14600.0,1.0,flag(needs_mapping),RUB,https://smart-lab.ru/q/SPBE/f/y/
SPBE,2025,net_debt,net_debt_mln,,-15400.0,,skip_empty(needs_mapping),RUB,https://smart-lab.ru/q/SPBE/f/y/
SPBE,2024,ocf,CFO_,-15400.0,-15400.0,1.0,flag(needs_mapping),RUB,https://smart-lab.ru/q/SPBE/f/y/
SPBE,2025,ocf,CFO_,,2900.0,,skip_empty(needs_mapping),RUB,https://smart-lab.ru/q/SPBE/f/y/
SPBE,2024,capex,CAPEX_,324.0,324.0,1.0,flag(needs_mapping),RUB,https://smart-lab.ru/q/SPBE/f/y/
SPBE,2025,capex,CAPEX_,,598.0,,skip_empty(needs_mapping),RUB,https://smart-lab.ru/q/SPBE/f/y/
SPBE,2024,fcf,FCF,-15724.0,-15700.0,0.998,flag(needs_mapping),RUB,https://smart-lab.ru/q/SPBE/f/y/
SPBE,2025,fcf,FCF,,2220.0,,skip_empty(needs_mapping),RUB,https://smart-lab.ru/q/SPBE/f/y/
SVAV,2024,revenue,revenue_mln,91761.0,91800.0,1.0,match,RUB,https://smart-lab.ru/q/SVAV/f/y/
SVAV,2025,revenue,revenue_mln,62500.0,62500.0,1.0,match,RUB,https://smart-lab.ru/q/SVAV/f/y/
SVAV,2024,net_income,net_profit_mln,3733.0,3730.0,0.999,match,RUB,https://smart-lab.ru/q/SVAV/f/y/
SVAV,2025,net_income,net_profit_mln,2300.0,2300.0,1.0,match,RUB,https://smart-lab.ru/q/SVAV/f/y/
SVAV,2024,ebitda,ebitda_mln,9734.0,5710.0,0.587,flag(needs_mapping),RUB,https://smart-lab.ru/q/SVAV/f/y/
SVAV,2025,ebitda,ebitda_mln,,8070.0,,skip_empty(needs_mapping),RUB,https://smart-lab.ru/q/SVAV/f/y/
SVAV,2024,assets,assets_mln,78239.0,78200.0,1.0,match,RUB,https://smart-lab.ru/q/SVAV/f/y/
SVAV,2025,assets,assets_mln,81300.0,81300.0,1.0,match,RUB,https://smart-lab.ru/q/SVAV/f/y/
SVAV,2024,net_assets,equity_mln,25002.0,16000.0,0.64,flag(needs_mapping),RUB,https://smart-lab.ru/q/SVAV/f/y/
SVAV,2025,net_assets,equity_mln,,16100.0,,skip_empty(needs_mapping),RUB,https://smart-lab.ru/q/SVAV/f/y/
SVAV,2024,debt,total_debt_mln,14200.0,14200.0,1.0,flag(needs_mapping),RUB,https://smart-lab.ru/q/SVAV/f/y/
SVAV,2025,debt,total_debt_mln,,16200.0,,skip_empty(needs_mapping),RUB,https://smart-lab.ru/q/SVAV/f/y/
SVAV,2024,net_debt,net_debt_mln,3382.0,2940.0,0.869,flag(needs_mapping),RUB,https://smart-lab.ru/q/SVAV/f/y/
SVAV,2025,net_debt,net_debt_mln,,4900.0,,skip_empty(needs_mapping),RUB,https://smart-lab.ru/q/SVAV/f/y/
SVAV,2024,ocf,CFO_,2570.0,2570.0,1.0,flag(needs_mapping),RUB,https://smart-lab.ru/q/SVAV/f/y/
SVAV,2025,ocf,CFO_,,4810.0,,skip_empty(needs_mapping),RUB,https://smart-lab.ru/q/SVAV/f/y/
SVAV,2024,capex,CAPEX_,8240.0,8240.0,1.0,flag(needs_mapping),RUB,https://smart-lab.ru/q/SVAV/f/y/
SVAV,2025,capex,CAPEX_,,6570.0,,skip_empty(needs_mapping),RUB,https://smart-lab.ru/q/SVAV/f/y/
SVAV,2024,fcf,FCF,-5670.0,-3270.0,0.577,flag(needs_mapping),RUB,https://smart-lab.ru/q/SVAV/f/y/
SVAV,2025,fcf,FCF,,-1290.0,,skip_empty(needs_mapping),RUB,https://smart-lab.ru/q/SVAV/f/y/
SVCB,2024,net_income,net_profit_mln,77234.0,75600.0,0.979,match,RUB,https://smart-lab.ru/q/SVCB/f/y/
SVCB,2025,net_income,net_profit_mln,48900.0,48900.0,1.0,match,RUB,https://smart-lab.ru/q/SVCB/f/y/
T,2024,net_income,net_profit_mln,122238.0,122400.0,1.001,match,RUB,https://smart-lab.ru/q/T/f/y/
T,2025,net_income,net_profit_mln,177000.0,177000.0,1.0,match,RUB,https://smart-lab.ru/q/T/f/y/
T,2024,ocf,CFO_,522276.0,522300.0,1.0,flag(needs_mapping),RUB,https://smart-lab.ru/q/T/f/y/
T,2025,ocf,CFO_,,-105200.0,,skip_empty(needs_mapping),RUB,https://smart-lab.ru/q/T/f/y/
TATN,2024,revenue,revenue_mln,2030371.0,2030000.0,1.0,match,RUB,https://smart-lab.ru/q/TATN/f/y/
TATN,2025,revenue,revenue_mln,1818000.0,1818000.0,1.0,match,RUB,https://smart-lab.ru/q/TATN/f/y/
TATN,2024,net_income,net_profit_mln,308929.0,306100.0,0.991,match,RUB,https://smart-lab.ru/q/TATN/f/y/
TATN,2025,net_income,net_profit_mln,158600.0,158600.0,1.0,match,RUB,https://smart-lab.ru/q/TATN/f/y/
TATN,2024,ebitda,ebitda_mln,471456.0,478400.0,1.015,flag(needs_mapping),RUB,https://smart-lab.ru/q/TATN/f/y/
TATN,2025,ebitda,ebitda_mln,,327500.0,,skip_empty(needs_mapping),RUB,https://smart-lab.ru/q/TATN/f/y/
TATN,2024,assets,assets_mln,2204909.0,2205000.0,1.0,match,RUB,https://smart-lab.ru/q/TATN/f/y/
TATN,2025,assets,assets_mln,2134000.0,2134000.0,1.0,match,RUB,https://smart-lab.ru/q/TATN/f/y/
TATN,2024,net_assets,equity_mln,1330244.0,1322000.0,0.994,flag(needs_mapping),RUB,https://smart-lab.ru/q/TATN/f/y/
TATN,2025,net_assets,equity_mln,,1322000.0,,skip_empty(needs_mapping),RUB,https://smart-lab.ru/q/TATN/f/y/
TATN,2024,debt,total_debt_mln,13300.0,13300.0,1.0,flag(needs_mapping),RUB,https://smart-lab.ru/q/TATN/f/y/
TATN,2025,debt,total_debt_mln,,35000.0,,skip_empty(needs_mapping),RUB,https://smart-lab.ru/q/TATN/f/y/
TATN,2024,net_debt,net_debt_mln,-104171.0,-104200.0,1.0,flag(needs_mapping),RUB,https://smart-lab.ru/q/TATN/f/y/
TATN,2025,net_debt,net_debt_mln,,-32000.0,,skip_empty(needs_mapping),RUB,https://smart-lab.ru/q/TATN/f/y/
TATN,2024,ocf,CFO_,425100.0,425100.0,1.0,flag(needs_mapping),RUB,https://smart-lab.ru/q/TATN/f/y/
TATN,2025,ocf,CFO_,,261800.0,,skip_empty(needs_mapping),RUB,https://smart-lab.ru/q/TATN/f/y/
TATN,2024,capex,CAPEX_,171000.0,174700.0,1.022,flag(needs_mapping),RUB,https://smart-lab.ru/q/TATN/f/y/
TATN,2025,capex,CAPEX_,,141500.0,,skip_empty(needs_mapping),RUB,https://smart-lab.ru/q/TATN/f/y/
TATN,2024,fcf,FCF,254100.0,235600.0,0.927,flag(needs_mapping),RUB,https://smart-lab.ru/q/TATN/f/y/
TATN,2025,fcf,FCF,,115100.0,,skip_empty(needs_mapping),RUB,https://smart-lab.ru/q/TATN/f/y/
TATNP,2024,revenue,revenue_mln,2030371.0,2030000.0,1.0,match,RUB,https://smart-lab.ru/q/TATN/f/y/ (←TATN)
TATNP,2025,revenue,revenue_mln,,1818000.0,,FILL,RUB,https://smart-lab.ru/q/TATN/f/y/ (←TATN)
TATNP,2024,net_income,net_profit_mln,308929.0,306100.0,0.991,match,RUB,https://smart-lab.ru/q/TATN/f/y/ (←TATN)
TATNP,2025,net_income,net_profit_mln,,158600.0,,FILL,RUB,https://smart-lab.ru/q/TATN/f/y/ (←TATN)
TATNP,2024,ebitda,ebitda_mln,471456.0,478400.0,1.015,flag(needs_mapping),RUB,https://smart-lab.ru/q/TATN/f/y/ (←TATN)
TATNP,2025,ebitda,ebitda_mln,,327500.0,,skip_empty(needs_mapping),RUB,https://smart-lab.ru/q/TATN/f/y/ (←TATN)
TATNP,2024,assets,assets_mln,2204909.0,2205000.0,1.0,match,RUB,https://smart-lab.ru/q/TATN/f/y/ (←TATN)
TATNP,2025,assets,assets_mln,,2134000.0,,FILL,RUB,https://smart-lab.ru/q/TATN/f/y/ (←TATN)
TATNP,2024,net_assets,equity_mln,1330244.0,1322000.0,0.994,flag(needs_mapping),RUB,https://smart-lab.ru/q/TATN/f/y/ (←TATN)
TATNP,2025,net_assets,equity_mln,,1322000.0,,skip_empty(needs_mapping),RUB,https://smart-lab.ru/q/TATN/f/y/ (←TATN)
TATNP,2024,debt,total_debt_mln,,13300.0,,skip_empty(needs_mapping),RUB,https://smart-lab.ru/q/TATN/f/y/ (←TATN)
TATNP,2025,debt,total_debt_mln,,35000.0,,skip_empty(needs_mapping),RUB,https://smart-lab.ru/q/TATN/f/y/ (←TATN)
TATNP,2024,net_debt,net_debt_mln,-104171.0,-104200.0,1.0,flag(needs_mapping),RUB,https://smart-lab.ru/q/TATN/f/y/ (←TATN)
TATNP,2025,net_debt,net_debt_mln,,-32000.0,,skip_empty(needs_mapping),RUB,https://smart-lab.ru/q/TATN/f/y/ (←TATN)
TATNP,2024,ocf,CFO_,425100.0,425100.0,1.0,flag(needs_mapping),RUB,https://smart-lab.ru/q/TATN/f/y/ (←TATN)
TATNP,2025,ocf,CFO_,,261800.0,,skip_empty(needs_mapping),RUB,https://smart-lab.ru/q/TATN/f/y/ (←TATN)
TATNP,2024,capex,CAPEX_,171000.0,174700.0,1.022,flag(needs_mapping),RUB,https://smart-lab.ru/q/TATN/f/y/ (←TATN)
TATNP,2025,capex,CAPEX_,,141500.0,,skip_empty(needs_mapping),RUB,https://smart-lab.ru/q/TATN/f/y/ (←TATN)
TATNP,2024,fcf,FCF,254100.0,235600.0,0.927,flag(needs_mapping),RUB,https://smart-lab.ru/q/TATN/f/y/ (←TATN)
TATNP,2025,fcf,FCF,,115100.0,,skip_empty(needs_mapping),RUB,https://smart-lab.ru/q/TATN/f/y/ (←TATN)
TCSG,2024,net_income,net_profit_mln,122238.0,122400.0,1.001,match,RUB,https://smart-lab.ru/q/T/f/y/
TCSG,2025,net_income,net_profit_mln,,177000.0,,FILL,RUB,https://smart-lab.ru/q/T/f/y/
TCSG,2024,ocf,CFO_,522276.0,522300.0,1.0,flag(needs_mapping),RUB,https://smart-lab.ru/q/T/f/y/
TCSG,2025,ocf,CFO_,,-105200.0,,skip_empty(needs_mapping),RUB,https://smart-lab.ru/q/T/f/y/
TGKB,2024,revenue,revenue_mln,56658.3,56700.0,1.001,match,RUB,https://smart-lab.ru/q/TGKB/f/y/
TGKB,2025,revenue,revenue_mln,65000.0,65000.0,1.0,match,RUB,https://smart-lab.ru/q/TGKB/f/y/
TGKB,2024,net_income,net_profit_mln,-3274.1,-3270.0,0.999,match,RUB,https://smart-lab.ru/q/TGKB/f/y/
TGKB,2025,net_income,net_profit_mln,3580.0,3580.0,1.0,match,RUB,https://smart-lab.ru/q/TGKB/f/y/
TGKB,2024,ebitda,ebitda_mln,1190.5,4990.0,4.191,flag(needs_mapping),RUB,https://smart-lab.ru/q/TGKB/f/y/
TGKB,2025,ebitda,ebitda_mln,,182.0,,skip_empty(needs_mapping),RUB,https://smart-lab.ru/q/TGKB/f/y/
TGKB,2024,assets,assets_mln,49170.4,49200.0,1.001,match,RUB,https://smart-lab.ru/q/TGKB/f/y/
TGKB,2025,assets,assets_mln,67500.0,67500.0,1.0,match,RUB,https://smart-lab.ru/q/TGKB/f/y/
TGKB,2024,net_assets,equity_mln,8333.8,8330.0,1.0,flag(needs_mapping),RUB,https://smart-lab.ru/q/TGKB/f/y/
TGKB,2025,net_assets,equity_mln,,20600.0,,skip_empty(needs_mapping),RUB,https://smart-lab.ru/q/TGKB/f/y/
TGKB,2024,debt,total_debt_mln,14019.2,13800.0,0.984,flag(needs_mapping),RUB,https://smart-lab.ru/q/TGKB/f/y/
TGKB,2025,debt,total_debt_mln,,13000.0,,skip_empty(needs_mapping),RUB,https://smart-lab.ru/q/TGKB/f/y/
TGKB,2024,net_debt,net_debt_mln,12319.5,12200.0,0.99,flag(needs_mapping),RUB,https://smart-lab.ru/q/TGKB/f/y/
TGKB,2025,net_debt,net_debt_mln,,7370.0,,skip_empty(needs_mapping),RUB,https://smart-lab.ru/q/TGKB/f/y/
TGKB,2024,ocf,CFO_,12402.7,12400.0,1.0,flag(needs_mapping),RUB,https://smart-lab.ru/q/TGKB/f/y/
TGKB,2025,ocf,CFO_,,17000.0,,skip_empty(needs_mapping),RUB,https://smart-lab.ru/q/TGKB/f/y/
TGKB,2024,capex,CAPEX_,1993.7,1990.0,0.998,flag(needs_mapping),RUB,https://smart-lab.ru/q/TGKB/f/y/
TGKB,2025,capex,CAPEX_,,3070.0,,skip_empty(needs_mapping),RUB,https://smart-lab.ru/q/TGKB/f/y/
TGKB,2024,fcf,FCF,10409.0,7770.0,0.746,flag(needs_mapping),RUB,https://smart-lab.ru/q/TGKB/f/y/
TGKB,2025,fcf,FCF,,17200.0,,skip_empty(needs_mapping),RUB,https://smart-lab.ru/q/TGKB/f/y/
TGKBP,2024,revenue,revenue_mln,56658.3,56700.0,1.001,match,RUB,https://smart-lab.ru/q/TGKB/f/y/ (←TGKB)
TGKBP,2025,revenue,revenue_mln,,65000.0,,FILL,RUB,https://smart-lab.ru/q/TGKB/f/y/ (←TGKB)
TGKBP,2024,net_income,net_profit_mln,-3274.1,-3270.0,0.999,match,RUB,https://smart-lab.ru/q/TGKB/f/y/ (←TGKB)
TGKBP,2025,net_income,net_profit_mln,,3580.0,,FILL,RUB,https://smart-lab.ru/q/TGKB/f/y/ (←TGKB)
TGKBP,2024,ebitda,ebitda_mln,1190.5,4990.0,4.191,flag(needs_mapping),RUB,https://smart-lab.ru/q/TGKB/f/y/ (←TGKB)
TGKBP,2025,ebitda,ebitda_mln,,182.0,,skip_empty(needs_mapping),RUB,https://smart-lab.ru/q/TGKB/f/y/ (←TGKB)
TGKBP,2024,assets,assets_mln,49170.4,49200.0,1.001,match,RUB,https://smart-lab.ru/q/TGKB/f/y/ (←TGKB)
TGKBP,2025,assets,assets_mln,,67500.0,,FILL,RUB,https://smart-lab.ru/q/TGKB/f/y/ (←TGKB)
TGKBP,2024,net_assets,equity_mln,8333.8,8330.0,1.0,flag(needs_mapping),RUB,https://smart-lab.ru/q/TGKB/f/y/ (←TGKB)
TGKBP,2025,net_assets,equity_mln,,20600.0,,skip_empty(needs_mapping),RUB,https://smart-lab.ru/q/TGKB/f/y/ (←TGKB)
TGKBP,2024,debt,total_debt_mln,,13800.0,,skip_empty(needs_mapping),RUB,https://smart-lab.ru/q/TGKB/f/y/ (←TGKB)
TGKBP,2025,debt,total_debt_mln,,13000.0,,skip_empty(needs_mapping),RUB,https://smart-lab.ru/q/TGKB/f/y/ (←TGKB)
TGKBP,2024,net_debt,net_debt_mln,12319.5,12200.0,0.99,flag(needs_mapping),RUB,https://smart-lab.ru/q/TGKB/f/y/ (←TGKB)
TGKBP,2025,net_debt,net_debt_mln,,7370.0,,skip_empty(needs_mapping),RUB,https://smart-lab.ru/q/TGKB/f/y/ (←TGKB)
TGKBP,2024,ocf,CFO_,12400.0,12400.0,1.0,flag(needs_mapping),RUB,https://smart-lab.ru/q/TGKB/f/y/ (←TGKB)
TGKBP,2025,ocf,CFO_,,17000.0,,skip_empty(needs_mapping),RUB,https://smart-lab.ru/q/TGKB/f/y/ (←TGKB)
TGKBP,2024,capex,CAPEX_,1990.0,1990.0,1.0,flag(needs_mapping),RUB,https://smart-lab.ru/q/TGKB/f/y/ (←TGKB)
TGKBP,2025,capex,CAPEX_,,3070.0,,skip_empty(needs_mapping),RUB,https://smart-lab.ru/q/TGKB/f/y/ (←TGKB)
TGKBP,2024,fcf,FCF,10410.0,7770.0,0.746,flag(needs_mapping),RUB,https://smart-lab.ru/q/TGKB/f/y/ (←TGKB)
TGKBP,2025,fcf,FCF,,17200.0,,skip_empty(needs_mapping),RUB,https://smart-lab.ru/q/TGKB/f/y/ (←TGKB)
TGKN,2024,revenue,revenue_mln,19292.3,19300.0,1.0,match,RUB,https://smart-lab.ru/q/TGKN/f/y/
TGKN,2025,revenue,revenue_mln,21600.0,21600.0,1.0,match,RUB,https://smart-lab.ru/q/TGKN/f/y/
TGKN,2024,net_income,net_profit_mln,1760.7,1760.0,1.0,match,RUB,https://smart-lab.ru/q/TGKN/f/y/
TGKN,2025,net_income,net_profit_mln,238.0,238.0,1.0,match,RUB,https://smart-lab.ru/q/TGKN/f/y/
TGKN,2024,ebitda,ebitda_mln,3782.8,3780.0,0.999,flag(needs_mapping),RUB,https://smart-lab.ru/q/TGKN/f/y/
TGKN,2025,ebitda,ebitda_mln,,3100.0,,skip_empty(needs_mapping),RUB,https://smart-lab.ru/q/TGKN/f/y/
TGKN,2024,assets,assets_mln,23765.9,23800.0,1.001,match,RUB,https://smart-lab.ru/q/TGKN/f/y/
TGKN,2025,assets,assets_mln,34000.0,34000.0,1.0,match,RUB,https://smart-lab.ru/q/TGKN/f/y/
TGKN,2024,net_assets,equity_mln,7102.8,7100.0,1.0,flag(needs_mapping),RUB,https://smart-lab.ru/q/TGKN/f/y/
TGKN,2025,net_assets,equity_mln,,6420.0,,skip_empty(needs_mapping),RUB,https://smart-lab.ru/q/TGKN/f/y/
TGKN,2024,debt,total_debt_mln,,9620.0,,skip_empty(needs_mapping),RUB,https://smart-lab.ru/q/TGKN/f/y/
TGKN,2025,debt,total_debt_mln,,19700.0,,skip_empty(needs_mapping),RUB,https://smart-lab.ru/q/TGKN/f/y/
TGKN,2024,net_debt,net_debt_mln,6922.8,6920.0,1.0,flag(needs_mapping),RUB,https://smart-lab.ru/q/TGKN/f/y/
TGKN,2025,net_debt,net_debt_mln,,11500.0,,skip_empty(needs_mapping),RUB,https://smart-lab.ru/q/TGKN/f/y/
TGKN,2024,ocf,CFO_,4220.0,4220.0,1.0,flag(needs_mapping),RUB,https://smart-lab.ru/q/TGKN/f/y/
TGKN,2025,ocf,CFO_,,1590.0,,skip_empty(needs_mapping),RUB,https://smart-lab.ru/q/TGKN/f/y/
TGKN,2024,capex,CAPEX_,3730.0,3730.0,1.0,flag(needs_mapping),RUB,https://smart-lab.ru/q/TGKN/f/y/
TGKN,2025,capex,CAPEX_,,5080.0,,skip_empty(needs_mapping),RUB,https://smart-lab.ru/q/TGKN/f/y/
TGKN,2024,fcf,FCF,490.0,3380.0,6.898,flag(needs_mapping),RUB,https://smart-lab.ru/q/TGKN/f/y/
TGKN,2025,fcf,FCF,,-1950.0,,skip_empty(needs_mapping),RUB,https://smart-lab.ru/q/TGKN/f/y/
TNSE,2024,revenue,revenue_mln,307875.1,307900.0,1.0,match,RUB,https://smart-lab.ru/q/TNSE/f/y/
TNSE,2025,revenue,revenue_mln,347800.0,347800.0,1.0,match,RUB,https://smart-lab.ru/q/TNSE/f/y/
TNSE,2024,net_income,net_profit_mln,11332.8,10600.0,0.935,match,RUB,https://smart-lab.ru/q/TNSE/f/y/
TNSE,2025,net_income,net_profit_mln,19200.0,19200.0,1.0,match,RUB,https://smart-lab.ru/q/TNSE/f/y/
TNSE,2024,ebitda,ebitda_mln,13755.8,13800.0,1.003,flag(needs_mapping),RUB,https://smart-lab.ru/q/TNSE/f/y/
TNSE,2025,ebitda,ebitda_mln,,25700.0,,skip_empty(needs_mapping),RUB,https://smart-lab.ru/q/TNSE/f/y/
TNSE,2024,assets,assets_mln,81502.7,81500.0,1.0,match,RUB,https://smart-lab.ru/q/TNSE/f/y/
TNSE,2025,assets,assets_mln,104000.0,104000.0,1.0,match,RUB,https://smart-lab.ru/q/TNSE/f/y/
TNSE,2024,net_assets,equity_mln,23042.9,20600.0,0.894,flag(needs_mapping),RUB,https://smart-lab.ru/q/TNSE/f/y/
TNSE,2025,net_assets,equity_mln,,39600.0,,skip_empty(needs_mapping),RUB,https://smart-lab.ru/q/TNSE/f/y/
TNSE,2024,debt,total_debt_mln,1040.0,1040.0,1.0,flag(needs_mapping),RUB,https://smart-lab.ru/q/TNSE/f/y/
TNSE,2025,debt,total_debt_mln,,254.0,,skip_empty(needs_mapping),RUB,https://smart-lab.ru/q/TNSE/f/y/
TNSE,2024,net_debt,net_debt_mln,-16558.7,-16600.0,1.002,flag(needs_mapping),RUB,https://smart-lab.ru/q/TNSE/f/y/
TNSE,2025,net_debt,net_debt_mln,,-31900.0,,skip_empty(needs_mapping),RUB,https://smart-lab.ru/q/TNSE/f/y/
TNSE,2024,ocf,CFO_,9813.0,9810.0,1.0,flag(needs_mapping),RUB,https://smart-lab.ru/q/TNSE/f/y/
TNSE,2025,ocf,CFO_,,13200.0,,skip_empty(needs_mapping),RUB,https://smart-lab.ru/q/TNSE/f/y/
TNSE,2024,capex,CAPEX_,1862.2,1860.0,0.999,flag(needs_mapping),RUB,https://smart-lab.ru/q/TNSE/f/y/
TNSE,2025,capex,CAPEX_,,3360.0,,skip_empty(needs_mapping),RUB,https://smart-lab.ru/q/TNSE/f/y/
TNSE,2024,fcf,FCF,7950.7,12100.0,1.522,flag(needs_mapping),RUB,https://smart-lab.ru/q/TNSE/f/y/
TNSE,2025,fcf,FCF,,15600.0,,skip_empty(needs_mapping),RUB,https://smart-lab.ru/q/TNSE/f/y/
TORS,2024,revenue,revenue_mln,9965.6,9970.0,1.0,match,RUB,https://smart-lab.ru/q/TORS/f/y/
TORS,2025,revenue,revenue_mln,11800.0,11800.0,1.0,match,RUB,https://smart-lab.ru/q/TORS/f/y/
TORS,2024,net_income,net_profit_mln,220.1,220.0,1.0,match,RUB,https://smart-lab.ru/q/TORS/f/y/
TORS,2025,net_income,net_profit_mln,347.0,347.0,1.0,match,RUB,https://smart-lab.ru/q/TORS/f/y/
TORS,2024,ebitda,ebitda_mln,859.8,860.0,1.0,flag(needs_mapping),RUB,https://smart-lab.ru/q/TORS/f/y/
TORS,2025,ebitda,ebitda_mln,,1020.0,,skip_empty(needs_mapping),RUB,https://smart-lab.ru/q/TORS/f/y/
TORS,2024,assets,assets_mln,5691.9,5690.0,1.0,match,RUB,https://smart-lab.ru/q/TORS/f/y/
TORS,2025,assets,assets_mln,6440.0,6440.0,1.0,match,RUB,https://smart-lab.ru/q/TORS/f/y/
TORS,2024,net_assets,equity_mln,4103.6,4100.0,0.999,flag(needs_mapping),RUB,https://smart-lab.ru/q/TORS/f/y/
TORS,2025,net_assets,equity_mln,,4360.0,,skip_empty(needs_mapping),RUB,https://smart-lab.ru/q/TORS/f/y/
TORS,2024,debt,total_debt_mln,,135.0,,skip_empty(needs_mapping),RUB,https://smart-lab.ru/q/TORS/f/y/
TORS,2025,debt,total_debt_mln,,108.0,,skip_empty(needs_mapping),RUB,https://smart-lab.ru/q/TORS/f/y/
TORS,2024,net_debt,net_debt_mln,117.0,120.0,1.026,flag(needs_mapping),RUB,https://smart-lab.ru/q/TORS/f/y/
TORS,2025,net_debt,net_debt_mln,,80.0,,skip_empty(needs_mapping),RUB,https://smart-lab.ru/q/TORS/f/y/
TORS,2024,ocf,CFO_,776.9,777.0,1.0,flag(needs_mapping),RUB,https://smart-lab.ru/q/TORS/f/y/
TORS,2025,ocf,CFO_,,883.0,,skip_empty(needs_mapping),RUB,https://smart-lab.ru/q/TORS/f/y/
TORS,2024,capex,CAPEX_,957.5,957.0,0.999,flag(needs_mapping),RUB,https://smart-lab.ru/q/TORS/f/y/
TORS,2025,capex,CAPEX_,,781.0,,skip_empty(needs_mapping),RUB,https://smart-lab.ru/q/TORS/f/y/
TORS,2024,fcf,FCF,-180.6,-138.0,0.764,flag(needs_mapping),RUB,https://smart-lab.ru/q/TORS/f/y/
TORS,2025,fcf,FCF,,99.0,,skip_empty(needs_mapping),RUB,https://smart-lab.ru/q/TORS/f/y/
TORSP,2024,revenue,revenue_mln,9965.6,9970.0,1.0,match,RUB,https://smart-lab.ru/q/TORS/f/y/ (←TORS)
TORSP,2025,revenue,revenue_mln,,11800.0,,FILL,RUB,https://smart-lab.ru/q/TORS/f/y/ (←TORS)
TORSP,2024,net_income,net_profit_mln,220.1,220.0,1.0,match,RUB,https://smart-lab.ru/q/TORS/f/y/ (←TORS)
TORSP,2025,net_income,net_profit_mln,,347.0,,FILL,RUB,https://smart-lab.ru/q/TORS/f/y/ (←TORS)
TORSP,2024,ebitda,ebitda_mln,859.8,860.0,1.0,flag(needs_mapping),RUB,https://smart-lab.ru/q/TORS/f/y/ (←TORS)
TORSP,2025,ebitda,ebitda_mln,,1020.0,,skip_empty(needs_mapping),RUB,https://smart-lab.ru/q/TORS/f/y/ (←TORS)
TORSP,2024,assets,assets_mln,5691.9,5690.0,1.0,match,RUB,https://smart-lab.ru/q/TORS/f/y/ (←TORS)
TORSP,2025,assets,assets_mln,,6440.0,,FILL,RUB,https://smart-lab.ru/q/TORS/f/y/ (←TORS)
TORSP,2024,net_assets,equity_mln,4103.6,4100.0,0.999,flag(needs_mapping),RUB,https://smart-lab.ru/q/TORS/f/y/ (←TORS)
TORSP,2025,net_assets,equity_mln,,4360.0,,skip_empty(needs_mapping),RUB,https://smart-lab.ru/q/TORS/f/y/ (←TORS)
TORSP,2024,debt,total_debt_mln,,135.0,,skip_empty(needs_mapping),RUB,https://smart-lab.ru/q/TORS/f/y/ (←TORS)
TORSP,2025,debt,total_debt_mln,,108.0,,skip_empty(needs_mapping),RUB,https://smart-lab.ru/q/TORS/f/y/ (←TORS)
TORSP,2024,net_debt,net_debt_mln,117.0,120.0,1.026,flag(needs_mapping),RUB,https://smart-lab.ru/q/TORS/f/y/ (←TORS)
TORSP,2025,net_debt,net_debt_mln,,80.0,,skip_empty(needs_mapping),RUB,https://smart-lab.ru/q/TORS/f/y/ (←TORS)
TORSP,2024,ocf,CFO_,776.9,777.0,1.0,flag(needs_mapping),RUB,https://smart-lab.ru/q/TORS/f/y/ (←TORS)
TORSP,2025,ocf,CFO_,,883.0,,skip_empty(needs_mapping),RUB,https://smart-lab.ru/q/TORS/f/y/ (←TORS)
TORSP,2024,capex,CAPEX_,957.5,957.0,0.999,flag(needs_mapping),RUB,https://smart-lab.ru/q/TORS/f/y/ (←TORS)
TORSP,2025,capex,CAPEX_,,781.0,,skip_empty(needs_mapping),RUB,https://smart-lab.ru/q/TORS/f/y/ (←TORS)
TORSP,2024,fcf,FCF,-180.6,-138.0,0.764,flag(needs_mapping),RUB,https://smart-lab.ru/q/TORS/f/y/ (←TORS)
TORSP,2025,fcf,FCF,,99.0,,skip_empty(needs_mapping),RUB,https://smart-lab.ru/q/TORS/f/y/ (←TORS)
TRMK,2024,revenue,revenue_mln,532165.0,532200.0,1.0,match,RUB,https://smart-lab.ru/q/TRMK/f/y/
TRMK,2025,revenue,revenue_mln,404400.0,404400.0,1.0,match,RUB,https://smart-lab.ru/q/TRMK/f/y/
TRMK,2024,net_income,net_profit_mln,-27728.0,-23900.0,0.862,FLAG_DIVERGENCE,RUB,https://smart-lab.ru/q/TRMK/f/y/
TRMK,2025,net_income,net_profit_mln,,-21100.0,,skip(col_diverged),RUB,https://smart-lab.ru/q/TRMK/f/y/
TRMK,2024,ebitda,ebitda_mln,56098.0,92400.0,1.647,flag(needs_mapping),RUB,https://smart-lab.ru/q/TRMK/f/y/
TRMK,2025,ebitda,ebitda_mln,,74700.0,,skip_empty(needs_mapping),RUB,https://smart-lab.ru/q/TRMK/f/y/
TRMK,2024,assets,assets_mln,692913.0,692900.0,1.0,match,RUB,https://smart-lab.ru/q/TRMK/f/y/
TRMK,2025,assets,assets_mln,596500.0,596500.0,1.0,match,RUB,https://smart-lab.ru/q/TRMK/f/y/
TRMK,2024,net_assets,equity_mln,57240.0,57200.0,0.999,flag(needs_mapping),RUB,https://smart-lab.ru/q/TRMK/f/y/
TRMK,2025,net_assets,equity_mln,,32600.0,,skip_empty(needs_mapping),RUB,https://smart-lab.ru/q/TRMK/f/y/
TRMK,2024,debt,total_debt_mln,381700.0,381700.0,1.0,flag(needs_mapping),RUB,https://smart-lab.ru/q/TRMK/f/y/
TRMK,2025,debt,total_debt_mln,,390500.0,,skip_empty(needs_mapping),RUB,https://smart-lab.ru/q/TRMK/f/y/
TRMK,2024,net_debt,net_debt_mln,266955.0,260700.0,0.977,flag(needs_mapping),RUB,https://smart-lab.ru/q/TRMK/f/y/
TRMK,2025,net_debt,net_debt_mln,,294700.0,,skip_empty(needs_mapping),RUB,https://smart-lab.ru/q/TRMK/f/y/
TRMK,2024,ocf,CFO_,120400.0,120400.0,1.0,flag(needs_mapping),RUB,https://smart-lab.ru/q/TRMK/f/y/
TRMK,2025,ocf,CFO_,,19100.0,,skip_empty(needs_mapping),RUB,https://smart-lab.ru/q/TRMK/f/y/
TRMK,2024,capex,CAPEX_,28800.0,28800.0,1.0,flag(needs_mapping),RUB,https://smart-lab.ru/q/TRMK/f/y/
TRMK,2025,capex,CAPEX_,,17900.0,,skip_empty(needs_mapping),RUB,https://smart-lab.ru/q/TRMK/f/y/
TRMK,2024,fcf,FCF,91600.0,36000.0,0.393,flag(needs_mapping),RUB,https://smart-lab.ru/q/TRMK/f/y/
TRMK,2025,fcf,FCF,,-64400.0,,skip_empty(needs_mapping),RUB,https://smart-lab.ru/q/TRMK/f/y/
TRNFP,2024,revenue,revenue_mln,1423904.0,1424000.0,1.0,match,RUB,https://smart-lab.ru/q/TRNFP/f/y/
TRNFP,2025,revenue,revenue_mln,1440000.0,1440000.0,1.0,match,RUB,https://smart-lab.ru/q/TRNFP/f/y/
TRNFP,2024,net_income,net_profit_mln,299976.0,287700.0,0.959,match,RUB,https://smart-lab.ru/q/TRNFP/f/y/
TRNFP,2025,net_income,net_profit_mln,226100.0,226100.0,1.0,match,RUB,https://smart-lab.ru/q/TRNFP/f/y/
TRNFP,2024,ebitda,ebitda_mln,567869.0,545000.0,0.96,flag(needs_mapping),RUB,https://smart-lab.ru/q/TRNFP/f/y/
TRNFP,2025,ebitda,ebitda_mln,,584600.0,,skip_empty(needs_mapping),RUB,https://smart-lab.ru/q/TRNFP/f/y/
TRNFP,2024,assets,assets_mln,3691024.0,3691000.0,1.0,match,RUB,https://smart-lab.ru/q/TRNFP/f/y/
TRNFP,2025,assets,assets_mln,3702000.0,3702000.0,1.0,match,RUB,https://smart-lab.ru/q/TRNFP/f/y/
TRNFP,2024,net_assets,equity_mln,2927953.0,2858000.0,0.976,flag(needs_mapping),RUB,https://smart-lab.ru/q/TRNFP/f/y/
TRNFP,2025,net_assets,equity_mln,,2924000.0,,skip_empty(needs_mapping),RUB,https://smart-lab.ru/q/TRNFP/f/y/
TRNFP,2024,debt,total_debt_mln,275900.0,275900.0,1.0,flag(needs_mapping),RUB,https://smart-lab.ru/q/TRNFP/f/y/
TRNFP,2025,debt,total_debt_mln,,207000.0,,skip_empty(needs_mapping),RUB,https://smart-lab.ru/q/TRNFP/f/y/
TRNFP,2024,net_debt,net_debt_mln,160375.0,-239000.0,-1.49,flag(needs_mapping),RUB,https://smart-lab.ru/q/TRNFP/f/y/
TRNFP,2025,net_debt,net_debt_mln,,-284900.0,,skip_empty(needs_mapping),RUB,https://smart-lab.ru/q/TRNFP/f/y/
TRNFP,2024,ocf,CFO_,449331.0,449300.0,1.0,flag(needs_mapping),RUB,https://smart-lab.ru/q/TRNFP/f/y/
TRNFP,2025,ocf,CFO_,,439000.0,,skip_empty(needs_mapping),RUB,https://smart-lab.ru/q/TRNFP/f/y/
TRNFP,2024,capex,CAPEX_,351655.0,351700.0,1.0,flag(needs_mapping),RUB,https://smart-lab.ru/q/TRNFP/f/y/
TRNFP,2025,capex,CAPEX_,,356800.0,,skip_empty(needs_mapping),RUB,https://smart-lab.ru/q/TRNFP/f/y/
TRNFP,2024,fcf,FCF,97676.0,177000.0,1.812,flag(needs_mapping),RUB,https://smart-lab.ru/q/TRNFP/f/y/
TRNFP,2025,fcf,FCF,,194000.0,,skip_empty(needs_mapping),RUB,https://smart-lab.ru/q/TRNFP/f/y/
TTLK,2024,revenue,revenue_mln,11612.0,11600.0,0.999,match,RUB,https://smart-lab.ru/q/TTLK/f/y/
TTLK,2025,revenue,revenue_mln,12400.0,12400.0,1.0,match,RUB,https://smart-lab.ru/q/TTLK/f/y/
TTLK,2024,net_income,net_profit_mln,2246.6,2240.0,0.997,match,RUB,https://smart-lab.ru/q/TTLK/f/y/
TTLK,2025,net_income,net_profit_mln,2130.0,2130.0,1.0,match,RUB,https://smart-lab.ru/q/TTLK/f/y/
TTLK,2024,ebitda,ebitda_mln,3428.8,3420.0,0.997,flag(needs_mapping),RUB,https://smart-lab.ru/q/TTLK/f/y/
TTLK,2025,ebitda,ebitda_mln,,3260.0,,skip_empty(needs_mapping),RUB,https://smart-lab.ru/q/TTLK/f/y/
TTLK,2024,assets,assets_mln,17488.1,17500.0,1.001,match,RUB,https://smart-lab.ru/q/TTLK/f/y/
TTLK,2025,assets,assets_mln,19500.0,19500.0,1.0,match,RUB,https://smart-lab.ru/q/TTLK/f/y/
TTLK,2024,net_assets,equity_mln,13961.0,13900.0,0.996,flag(needs_mapping),RUB,https://smart-lab.ru/q/TTLK/f/y/
TTLK,2025,net_assets,equity_mln,,15300.0,,skip_empty(needs_mapping),RUB,https://smart-lab.ru/q/TTLK/f/y/
TTLK,2024,debt,total_debt_mln,0.0,0.0,,flag(needs_mapping),RUB,https://smart-lab.ru/q/TTLK/f/y/
TTLK,2025,debt,total_debt_mln,,0.0,,skip_empty(needs_mapping),RUB,https://smart-lab.ru/q/TTLK/f/y/
TTLK,2024,net_debt,net_debt_mln,-1367.8,-5330.0,3.897,flag(needs_mapping),RUB,https://smart-lab.ru/q/TTLK/f/y/
TTLK,2025,net_debt,net_debt_mln,,-7130.0,,skip_empty(needs_mapping),RUB,https://smart-lab.ru/q/TTLK/f/y/
TTLK,2024,ocf,CFO_,2732.7,2730.0,0.999,flag(needs_mapping),RUB,https://smart-lab.ru/q/TTLK/f/y/
TTLK,2025,ocf,CFO_,,3080.0,,skip_empty(needs_mapping),RUB,https://smart-lab.ru/q/TTLK/f/y/
TTLK,2024,capex,CAPEX_,1915.1,2010.0,1.05,flag(needs_mapping),RUB,https://smart-lab.ru/q/TTLK/f/y/
TTLK,2025,capex,CAPEX_,,1640.0,,skip_empty(needs_mapping),RUB,https://smart-lab.ru/q/TTLK/f/y/
TTLK,2024,fcf,FCF,817.6,1570.0,1.92,flag(needs_mapping),RUB,https://smart-lab.ru/q/TTLK/f/y/
TTLK,2025,fcf,FCF,,2530.0,,skip_empty(needs_mapping),RUB,https://smart-lab.ru/q/TTLK/f/y/
TUZA,2024,revenue,revenue_mln,13147.4,13200.0,1.004,match,RUB,https://smart-lab.ru/q/TUZA/f/y/
TUZA,2025,revenue,revenue_mln,4190.0,4190.0,1.0,match,RUB,https://smart-lab.ru/q/TUZA/f/y/
TUZA,2024,net_income,net_profit_mln,483.6,484.0,1.001,match,RUB,https://smart-lab.ru/q/TUZA/f/y/
TUZA,2025,net_income,net_profit_mln,-542.0,-542.0,1.0,match,RUB,https://smart-lab.ru/q/TUZA/f/y/
TUZA,2024,ebitda,ebitda_mln,564.8,565.0,1.0,flag(needs_mapping),RUB,https://smart-lab.ru/q/TUZA/f/y/
TUZA,2025,ebitda,ebitda_mln,,-531.0,,skip_empty(needs_mapping),RUB,https://smart-lab.ru/q/TUZA/f/y/
TUZA,2024,assets,assets_mln,4600.3,4600.0,1.0,match,RUB,https://smart-lab.ru/q/TUZA/f/y/
TUZA,2025,assets,assets_mln,2430.0,2430.0,1.0,match,RUB,https://smart-lab.ru/q/TUZA/f/y/
TUZA,2024,net_assets,equity_mln,1602.6,1600.0,0.998,flag(needs_mapping),RUB,https://smart-lab.ru/q/TUZA/f/y/
TUZA,2025,net_assets,equity_mln,,1060.0,,skip_empty(needs_mapping),RUB,https://smart-lab.ru/q/TUZA/f/y/
TUZA,2024,debt,total_debt_mln,,0.0,,skip_empty(needs_mapping),RUB,https://smart-lab.ru/q/TUZA/f/y/
TUZA,2025,debt,total_debt_mln,,398.0,,skip_empty(needs_mapping),RUB,https://smart-lab.ru/q/TUZA/f/y/
TUZA,2024,net_debt,net_debt_mln,-508.3,-610.0,1.2,flag(needs_mapping),RUB,https://smart-lab.ru/q/TUZA/f/y/
TUZA,2025,net_debt,net_debt_mln,,370.0,,skip_empty(needs_mapping),RUB,https://smart-lab.ru/q/TUZA/f/y/
TUZA,2024,ocf,CFO_,1034.1,1030.0,0.996,flag(needs_mapping),RUB,https://smart-lab.ru/q/TUZA/f/y/
TUZA,2025,ocf,CFO_,,-920.0,,skip_empty(needs_mapping),RUB,https://smart-lab.ru/q/TUZA/f/y/
TUZA,2024,capex,CAPEX_,72.5,72.0,0.994,flag(needs_mapping),RUB,https://smart-lab.ru/q/TUZA/f/y/
TUZA,2025,capex,CAPEX_,,7.0,,skip_empty(needs_mapping),RUB,https://smart-lab.ru/q/TUZA/f/y/
TUZA,2024,fcf,FCF,961.6,934.0,0.971,flag(needs_mapping),RUB,https://smart-lab.ru/q/TUZA/f/y/
TUZA,2025,fcf,FCF,,-977.0,,skip_empty(needs_mapping),RUB,https://smart-lab.ru/q/TUZA/f/y/
UGLD,2024,revenue,revenue_mln,75883.0,75900.0,1.0,match,RUB,https://smart-lab.ru/q/UGLD/f/y/
UGLD,2025,revenue,revenue_mln,108800.0,108800.0,1.0,match,RUB,https://smart-lab.ru/q/UGLD/f/y/
UGLD,2024,net_income,net_profit_mln,8839.0,8820.0,0.998,match,RUB,https://smart-lab.ru/q/UGLD/f/y/
UGLD,2025,net_income,net_profit_mln,15200.0,15200.0,1.0,match,RUB,https://smart-lab.ru/q/UGLD/f/y/
UGLD,2024,ebitda,ebitda_mln,26619.0,34400.0,1.292,flag(needs_mapping),RUB,https://smart-lab.ru/q/UGLD/f/y/
UGLD,2025,ebitda,ebitda_mln,,42600.0,,skip_empty(needs_mapping),RUB,https://smart-lab.ru/q/UGLD/f/y/
UGLD,2024,assets,assets_mln,154631.0,154600.0,1.0,match,RUB,https://smart-lab.ru/q/UGLD/f/y/
UGLD,2025,assets,assets_mln,177200.0,177200.0,1.0,match,RUB,https://smart-lab.ru/q/UGLD/f/y/
UGLD,2024,net_assets,equity_mln,48088.0,48000.0,0.998,flag(needs_mapping),RUB,https://smart-lab.ru/q/UGLD/f/y/
UGLD,2025,net_assets,equity_mln,122000.0,63000.0,0.516,flag(needs_mapping),RUB,https://smart-lab.ru/q/UGLD/f/y/
UGLD,2024,debt,total_debt_mln,71600.0,71600.0,1.0,flag(needs_mapping),RUB,https://smart-lab.ru/q/UGLD/f/y/
UGLD,2025,debt,total_debt_mln,,80400.0,,skip_empty(needs_mapping),RUB,https://smart-lab.ru/q/UGLD/f/y/
UGLD,2024,net_debt,net_debt_mln,58255.0,71100.0,1.22,flag(needs_mapping),RUB,https://smart-lab.ru/q/UGLD/f/y/
UGLD,2025,net_debt,net_debt_mln,0.0,78100.0,,flag(needs_mapping),RUB,https://smart-lab.ru/q/UGLD/f/y/
UGLD,2024,ocf,CFO_,23600.0,23600.0,1.0,flag(needs_mapping),RUB,https://smart-lab.ru/q/UGLD/f/y/
UGLD,2025,ocf,CFO_,,20400.0,,skip_empty(needs_mapping),RUB,https://smart-lab.ru/q/UGLD/f/y/
UGLD,2024,capex,CAPEX_,25700.0,25700.0,1.0,flag(needs_mapping),RUB,https://smart-lab.ru/q/UGLD/f/y/
UGLD,2025,capex,CAPEX_,,28300.0,,skip_empty(needs_mapping),RUB,https://smart-lab.ru/q/UGLD/f/y/
UGLD,2024,fcf,FCF,-2100.0,-7790.0,3.71,flag(needs_mapping),RUB,https://smart-lab.ru/q/UGLD/f/y/
UGLD,2025,fcf,FCF,,-10400.0,,skip_empty(needs_mapping),RUB,https://smart-lab.ru/q/UGLD/f/y/
UKUZ,2024,revenue,revenue_mln,39284.6,39300.0,1.0,match,RUB,https://smart-lab.ru/q/UKUZ/f/y/
UKUZ,2025,revenue,revenue_mln,25500.0,25500.0,1.0,match,RUB,https://smart-lab.ru/q/UKUZ/f/y/
UKUZ,2024,net_income,net_profit_mln,-17105.2,-17100.0,1.0,match,RUB,https://smart-lab.ru/q/UKUZ/f/y/
UKUZ,2025,net_income,net_profit_mln,-28400.0,-28400.0,1.0,match,RUB,https://smart-lab.ru/q/UKUZ/f/y/
UKUZ,2024,ebitda,ebitda_mln,-5446.5,-5480.0,1.006,flag(needs_mapping),RUB,https://smart-lab.ru/q/UKUZ/f/y/
UKUZ,2025,ebitda,ebitda_mln,,-17900.0,,skip_empty(needs_mapping),RUB,https://smart-lab.ru/q/UKUZ/f/y/
UKUZ,2024,assets,assets_mln,66167.5,66200.0,1.0,match,RUB,https://smart-lab.ru/q/UKUZ/f/y/
UKUZ,2025,assets,assets_mln,65700.0,65700.0,1.0,match,RUB,https://smart-lab.ru/q/UKUZ/f/y/
UKUZ,2024,net_assets,equity_mln,-44110.2,-44100.0,1.0,flag(needs_mapping),RUB,https://smart-lab.ru/q/UKUZ/f/y/
UKUZ,2025,net_assets,equity_mln,,-103300.0,,skip_empty(needs_mapping),RUB,https://smart-lab.ru/q/UKUZ/f/y/
UKUZ,2024,debt,total_debt_mln,50400.0,50400.0,1.0,flag(needs_mapping),RUB,https://smart-lab.ru/q/UKUZ/f/y/
UKUZ,2025,debt,total_debt_mln,,50100.0,,skip_empty(needs_mapping),RUB,https://smart-lab.ru/q/UKUZ/f/y/
UKUZ,2024,net_debt,net_debt_mln,53508.2,50400.0,0.942,flag(needs_mapping),RUB,https://smart-lab.ru/q/UKUZ/f/y/
UKUZ,2025,net_debt,net_debt_mln,,50100.0,,skip_empty(needs_mapping),RUB,https://smart-lab.ru/q/UKUZ/f/y/
UKUZ,2024,ocf,CFO_,42778.0,42800.0,1.001,flag(needs_mapping),RUB,https://smart-lab.ru/q/UKUZ/f/y/
UKUZ,2025,ocf,CFO_,,54200.0,,skip_empty(needs_mapping),RUB,https://smart-lab.ru/q/UKUZ/f/y/
UKUZ,2024,capex,CAPEX_,2203.0,2200.0,0.999,flag(needs_mapping),RUB,https://smart-lab.ru/q/UKUZ/f/y/
UKUZ,2025,capex,CAPEX_,,1080.0,,skip_empty(needs_mapping),RUB,https://smart-lab.ru/q/UKUZ/f/y/
UKUZ,2024,fcf,FCF,40575.0,5250.0,0.129,flag(needs_mapping),RUB,https://smart-lab.ru/q/UKUZ/f/y/
UKUZ,2025,fcf,FCF,,1570.0,,skip_empty(needs_mapping),RUB,https://smart-lab.ru/q/UKUZ/f/y/
UNAC,2024,revenue,revenue_mln,538931.0,538900.0,1.0,match,RUB,https://smart-lab.ru/q/UNAC/f/y/
UNAC,2025,revenue,revenue_mln,324900.0,759000.0,2.336,FLAG_DIVERGENCE,RUB,https://smart-lab.ru/q/UNAC/f/y/
UNAC,2024,net_income,net_profit_mln,-14198.0,-15300.0,1.078,FLAG_DIVERGENCE,RUB,https://smart-lab.ru/q/UNAC/f/y/
UNAC,2025,net_income,net_profit_mln,6890.0,9360.0,1.358,FLAG_DIVERGENCE,RUB,https://smart-lab.ru/q/UNAC/f/y/
UNAC,2024,ebitda,ebitda_mln,21526.0,18400.0,0.855,flag(needs_mapping),RUB,https://smart-lab.ru/q/UNAC/f/y/
UNAC,2025,ebitda,ebitda_mln,,113500.0,,skip_empty(needs_mapping),RUB,https://smart-lab.ru/q/UNAC/f/y/
UNAC,2024,assets,assets_mln,2288901.0,2289000.0,1.0,match,RUB,https://smart-lab.ru/q/UNAC/f/y/
UNAC,2025,assets,assets_mln,2060000.0,2348000.0,1.14,FLAG_DIVERGENCE,RUB,https://smart-lab.ru/q/UNAC/f/y/
UNAC,2024,net_assets,equity_mln,79723.0,74800.0,0.938,flag(needs_mapping),RUB,https://smart-lab.ru/q/UNAC/f/y/
UNAC,2025,net_assets,equity_mln,489300.0,135000.0,0.276,flag(needs_mapping),RUB,https://smart-lab.ru/q/UNAC/f/y/
UNAC,2024,debt,total_debt_mln,879800.0,879800.0,1.0,flag(needs_mapping),RUB,https://smart-lab.ru/q/UNAC/f/y/
UNAC,2025,debt,total_debt_mln,651500.0,806000.0,1.237,flag(needs_mapping),RUB,https://smart-lab.ru/q/UNAC/f/y/
UNAC,2024,net_debt,net_debt_mln,555776.0,542200.0,0.976,flag(needs_mapping),RUB,https://smart-lab.ru/q/UNAC/f/y/
UNAC,2025,net_debt,net_debt_mln,546600.0,594600.0,1.088,flag(needs_mapping),RUB,https://smart-lab.ru/q/UNAC/f/y/
UNAC,2024,ocf,CFO_,-74297.0,-74300.0,1.0,flag(needs_mapping),RUB,https://smart-lab.ru/q/UNAC/f/y/
UNAC,2025,ocf,CFO_,-31800.0,-34300.0,1.079,flag(needs_mapping),RUB,https://smart-lab.ru/q/UNAC/f/y/
UNAC,2024,capex,CAPEX_,116217.0,116200.0,1.0,flag(needs_mapping),RUB,https://smart-lab.ru/q/UNAC/f/y/
UNAC,2025,capex,CAPEX_,12800.0,127200.0,9.938,flag(needs_mapping),RUB,https://smart-lab.ru/q/UNAC/f/y/
UNAC,2024,fcf,FCF,-190514.0,-191400.0,1.005,flag(needs_mapping),RUB,https://smart-lab.ru/q/UNAC/f/y/
UNAC,2025,fcf,FCF,,-163200.0,,skip_empty(needs_mapping),RUB,https://smart-lab.ru/q/UNAC/f/y/
UNKL,2024,revenue,revenue_mln,213.7,214.0,1.001,match,RUB,https://smart-lab.ru/q/UNKL/f/y/
UNKL,2025,revenue,revenue_mln,159.0,159.0,1.0,match,RUB,https://smart-lab.ru/q/UNKL/f/y/
UNKL,2024,net_income,net_profit_mln,-271.6,-272.0,1.001,match,RUB,https://smart-lab.ru/q/UNKL/f/y/
UNKL,2025,net_income,net_profit_mln,380.0,380.0,1.0,match,RUB,https://smart-lab.ru/q/UNKL/f/y/
UNKL,2024,assets,assets_mln,5075.4,5080.0,1.001,match,RUB,https://smart-lab.ru/q/UNKL/f/y/
UNKL,2025,assets,assets_mln,5470.0,5470.0,1.0,match,RUB,https://smart-lab.ru/q/UNKL/f/y/
UNKL,2024,net_assets,equity_mln,3643.9,3640.0,0.999,flag(needs_mapping),RUB,https://smart-lab.ru/q/UNKL/f/y/
UNKL,2025,net_assets,equity_mln,,4020.0,,skip_empty(needs_mapping),RUB,https://smart-lab.ru/q/UNKL/f/y/
UNKL,2024,debt,total_debt_mln,,0.0,,skip_empty(needs_mapping),RUB,https://smart-lab.ru/q/UNKL/f/y/
UNKL,2025,debt,total_debt_mln,,0.0,,skip_empty(needs_mapping),RUB,https://smart-lab.ru/q/UNKL/f/y/
UNKL,2024,net_debt,net_debt_mln,392.9,0.0,,flag(needs_mapping),RUB,https://smart-lab.ru/q/UNKL/f/y/
UNKL,2025,net_debt,net_debt_mln,,0.0,,skip_empty(needs_mapping),RUB,https://smart-lab.ru/q/UNKL/f/y/
UNKL,2024,ocf,CFO_,-101.7,-102.0,1.002,flag(needs_mapping),RUB,https://smart-lab.ru/q/UNKL/f/y/
UNKL,2025,ocf,CFO_,,-145.0,,skip_empty(needs_mapping),RUB,https://smart-lab.ru/q/UNKL/f/y/
UNKL,2024,capex,CAPEX_,42.9,43.0,1.003,flag(needs_mapping),RUB,https://smart-lab.ru/q/UNKL/f/y/
UNKL,2025,capex,CAPEX_,,9.0,,skip_empty(needs_mapping),RUB,https://smart-lab.ru/q/UNKL/f/y/
UNKL,2024,fcf,FCF,-144.6,1.0,-0.007,flag(needs_mapping),RUB,https://smart-lab.ru/q/UNKL/f/y/
UNKL,2025,fcf,FCF,,-34.0,,skip_empty(needs_mapping),RUB,https://smart-lab.ru/q/UNKL/f/y/
UPRO,2024,revenue,revenue_mln,128250.9,128300.0,1.0,match,RUB,https://smart-lab.ru/q/UPRO/f/y/
UPRO,2025,revenue,revenue_mln,134300.0,134300.0,1.0,match,RUB,https://smart-lab.ru/q/UPRO/f/y/
UPRO,2024,net_income,net_profit_mln,31927.5,31900.0,0.999,match,RUB,https://smart-lab.ru/q/UPRO/f/y/
UPRO,2025,net_income,net_profit_mln,39400.0,39400.0,1.0,match,RUB,https://smart-lab.ru/q/UPRO/f/y/
UPRO,2024,ebitda,ebitda_mln,32875.0,49100.0,1.494,flag(needs_mapping),RUB,https://smart-lab.ru/q/UPRO/f/y/
UPRO,2024,assets,assets_mln,197150.1,197200.0,1.0,match,RUB,https://smart-lab.ru/q/UPRO/f/y/
UPRO,2025,assets,assets_mln,238800.0,238800.0,1.0,match,RUB,https://smart-lab.ru/q/UPRO/f/y/
UPRO,2024,net_assets,equity_mln,184124.7,184100.0,1.0,flag(needs_mapping),RUB,https://smart-lab.ru/q/UPRO/f/y/
UPRO,2025,net_assets,equity_mln,93600.0,223700.0,2.39,flag(needs_mapping),RUB,https://smart-lab.ru/q/UPRO/f/y/
UPRO,2024,debt,total_debt_mln,0.0,0.0,,flag(needs_mapping),RUB,https://smart-lab.ru/q/UPRO/f/y/
UPRO,2024,net_debt,net_debt_mln,-26260.7,-92000.0,3.503,flag(needs_mapping),RUB,https://smart-lab.ru/q/UPRO/f/y/
UPRO,2025,net_debt,net_debt_mln,0.0,0.0,,flag(needs_mapping),RUB,https://smart-lab.ru/q/UPRO/f/y/
UPRO,2024,ocf,CFO_,35800.0,35800.0,1.0,flag(needs_mapping),RUB,https://smart-lab.ru/q/UPRO/f/y/
UPRO,2024,capex,CAPEX_,13200.0,13200.0,1.0,flag(needs_mapping),RUB,https://smart-lab.ru/q/UPRO/f/y/
UPRO,2024,fcf,FCF,22600.0,32300.0,1.429,flag(needs_mapping),RUB,https://smart-lab.ru/q/UPRO/f/y/
URKA,2024,revenue,revenue_mln,419430.0,419400.0,1.0,match,RUB,https://smart-lab.ru/q/URKA/f/y/
URKA,2025,revenue,revenue_mln,,463300.0,,FILL,RUB,https://smart-lab.ru/q/URKA/f/y/
URKA,2024,net_income,net_profit_mln,29221.0,29200.0,0.999,match,RUB,https://smart-lab.ru/q/URKA/f/y/
URKA,2025,net_income,net_profit_mln,,149600.0,,FILL,RUB,https://smart-lab.ru/q/URKA/f/y/
URKA,2024,ebitda,ebitda_mln,127279.0,127300.0,1.0,flag(needs_mapping),RUB,https://smart-lab.ru/q/URKA/f/y/
URKA,2025,ebitda,ebitda_mln,,168400.0,,skip_empty(needs_mapping),RUB,https://smart-lab.ru/q/URKA/f/y/
URKA,2024,assets,assets_mln,860812.0,860800.0,1.0,match,RUB,https://smart-lab.ru/q/URKA/f/y/
URKA,2025,assets,assets_mln,,734200.0,,FILL,RUB,https://smart-lab.ru/q/URKA/f/y/
URKA,2024,net_assets,equity_mln,36311.0,36000.0,0.991,flag(needs_mapping),RUB,https://smart-lab.ru/q/URKA/f/y/
URKA,2025,net_assets,equity_mln,,140500.0,,skip_empty(needs_mapping),RUB,https://smart-lab.ru/q/URKA/f/y/
URKA,2024,debt,total_debt_mln,824501.0,625300.0,0.758,flag(needs_mapping),RUB,https://smart-lab.ru/q/URKA/f/y/
URKA,2025,debt,total_debt_mln,,385000.0,,skip_empty(needs_mapping),RUB,https://smart-lab.ru/q/URKA/f/y/
URKA,2024,net_debt,net_debt_mln,591202.0,572800.0,0.969,flag(needs_mapping),RUB,https://smart-lab.ru/q/URKA/f/y/
URKA,2025,net_debt,net_debt_mln,,323500.0,,skip_empty(needs_mapping),RUB,https://smart-lab.ru/q/URKA/f/y/
URKA,2024,ocf,CFO_,74210.0,74200.0,1.0,flag(needs_mapping),RUB,https://smart-lab.ru/q/URKA/f/y/
URKA,2025,ocf,CFO_,,87100.0,,skip_empty(needs_mapping),RUB,https://smart-lab.ru/q/URKA/f/y/
URKA,2024,capex,CAPEX_,50656.0,50700.0,1.001,flag(needs_mapping),RUB,https://smart-lab.ru/q/URKA/f/y/
URKA,2025,capex,CAPEX_,,22500.0,,skip_empty(needs_mapping),RUB,https://smart-lab.ru/q/URKA/f/y/
URKA,2024,fcf,FCF,23554.0,5110.0,0.217,flag(needs_mapping),RUB,https://smart-lab.ru/q/URKA/f/y/
URKA,2025,fcf,FCF,,209100.0,,skip_empty(needs_mapping),RUB,https://smart-lab.ru/q/URKA/f/y/
URKZ,2024,revenue,revenue_mln,23528.3,23500.0,0.999,match,RUB,https://smart-lab.ru/q/URKZ/f/y/
URKZ,2025,revenue,revenue_mln,18900.0,18900.0,1.0,match,RUB,https://smart-lab.ru/q/URKZ/f/y/
URKZ,2024,net_income,net_profit_mln,8880.8,8880.0,1.0,match,RUB,https://smart-lab.ru/q/URKZ/f/y/
URKZ,2025,net_income,net_profit_mln,6570.0,6570.0,1.0,match,RUB,https://smart-lab.ru/q/URKZ/f/y/
URKZ,2024,ebitda,ebitda_mln,7011.2,7000.0,0.998,flag(needs_mapping),RUB,https://smart-lab.ru/q/URKZ/f/y/
URKZ,2025,ebitda,ebitda_mln,,3770.0,,skip_empty(needs_mapping),RUB,https://smart-lab.ru/q/URKZ/f/y/
URKZ,2024,assets,assets_mln,62614.2,62600.0,1.0,match,RUB,https://smart-lab.ru/q/URKZ/f/y/
URKZ,2025,assets,assets_mln,68500.0,68500.0,1.0,match,RUB,https://smart-lab.ru/q/URKZ/f/y/
URKZ,2024,net_assets,equity_mln,53679.5,53700.0,1.0,flag(needs_mapping),RUB,https://smart-lab.ru/q/URKZ/f/y/
URKZ,2025,net_assets,equity_mln,,60300.0,,skip_empty(needs_mapping),RUB,https://smart-lab.ru/q/URKZ/f/y/
URKZ,2024,debt,total_debt_mln,,1380.0,,skip_empty(needs_mapping),RUB,https://smart-lab.ru/q/URKZ/f/y/
URKZ,2025,debt,total_debt_mln,,4210.0,,skip_empty(needs_mapping),RUB,https://smart-lab.ru/q/URKZ/f/y/
URKZ,2024,net_debt,net_debt_mln,1305.7,1180.0,0.904,flag(needs_mapping),RUB,https://smart-lab.ru/q/URKZ/f/y/
URKZ,2025,net_debt,net_debt_mln,,4110.0,,skip_empty(needs_mapping),RUB,https://smart-lab.ru/q/URKZ/f/y/
URKZ,2024,ocf,CFO_,4944.7,4950.0,1.001,flag(needs_mapping),RUB,https://smart-lab.ru/q/URKZ/f/y/
URKZ,2025,ocf,CFO_,,-3530.0,,skip_empty(needs_mapping),RUB,https://smart-lab.ru/q/URKZ/f/y/
URKZ,2024,capex,CAPEX_,398.7,399.0,1.001,flag(needs_mapping),RUB,https://smart-lab.ru/q/URKZ/f/y/
URKZ,2025,capex,CAPEX_,,347.0,,skip_empty(needs_mapping),RUB,https://smart-lab.ru/q/URKZ/f/y/
URKZ,2024,fcf,FCF,4546.0,-46.0,-0.01,flag(needs_mapping),RUB,https://smart-lab.ru/q/URKZ/f/y/
URKZ,2025,fcf,FCF,,-2930.0,,skip_empty(needs_mapping),RUB,https://smart-lab.ru/q/URKZ/f/y/
USBN,2024,net_income,net_profit_mln,3025.1,3020.0,0.998,match,RUB,https://smart-lab.ru/q/USBN/f/y/
USBN,2025,net_income,net_profit_mln,4710.0,4710.0,1.0,match,RUB,https://smart-lab.ru/q/USBN/f/y/
UTAR,2024,revenue,revenue_mln,113344.0,113300.0,1.0,match,RUB,https://smart-lab.ru/q/UTAR/f/y/
UTAR,2025,revenue,revenue_mln,121300.0,121300.0,1.0,match,RUB,https://smart-lab.ru/q/UTAR/f/y/
UTAR,2024,net_income,net_profit_mln,-7015.2,-6920.0,0.986,match,RUB,https://smart-lab.ru/q/UTAR/f/y/
UTAR,2025,net_income,net_profit_mln,2400.0,2400.0,1.0,match,RUB,https://smart-lab.ru/q/UTAR/f/y/
UTAR,2024,ebitda,ebitda_mln,19462.1,26600.0,1.367,flag(needs_mapping),RUB,https://smart-lab.ru/q/UTAR/f/y/
UTAR,2025,ebitda,ebitda_mln,,22400.0,,skip_empty(needs_mapping),RUB,https://smart-lab.ru/q/UTAR/f/y/
UTAR,2024,assets,assets_mln,130349.8,130300.0,1.0,match,RUB,https://smart-lab.ru/q/UTAR/f/y/
UTAR,2025,assets,assets_mln,161800.0,161800.0,1.0,match,RUB,https://smart-lab.ru/q/UTAR/f/y/
UTAR,2024,net_assets,equity_mln,14444.8,13900.0,0.962,flag(needs_mapping),RUB,https://smart-lab.ru/q/UTAR/f/y/
UTAR,2025,net_assets,equity_mln,,43200.0,,skip_empty(needs_mapping),RUB,https://smart-lab.ru/q/UTAR/f/y/
UTAR,2024,debt,total_debt_mln,31100.0,31100.0,1.0,flag(needs_mapping),RUB,https://smart-lab.ru/q/UTAR/f/y/
UTAR,2025,debt,total_debt_mln,,29000.0,,skip_empty(needs_mapping),RUB,https://smart-lab.ru/q/UTAR/f/y/
UTAR,2024,net_debt,net_debt_mln,72267.7,25600.0,0.354,flag(needs_mapping),RUB,https://smart-lab.ru/q/UTAR/f/y/
UTAR,2025,net_debt,net_debt_mln,,22200.0,,skip_empty(needs_mapping),RUB,https://smart-lab.ru/q/UTAR/f/y/
UTAR,2024,ocf,CFO_,20370.6,20400.0,1.001,flag(needs_mapping),RUB,https://smart-lab.ru/q/UTAR/f/y/
UTAR,2025,ocf,CFO_,,15600.0,,skip_empty(needs_mapping),RUB,https://smart-lab.ru/q/UTAR/f/y/
UTAR,2024,capex,CAPEX_,19888.2,19900.0,1.001,flag(needs_mapping),RUB,https://smart-lab.ru/q/UTAR/f/y/
UTAR,2025,capex,CAPEX_,,11800.0,,skip_empty(needs_mapping),RUB,https://smart-lab.ru/q/UTAR/f/y/
UTAR,2024,fcf,FCF,482.4,481.0,0.997,flag(needs_mapping),RUB,https://smart-lab.ru/q/UTAR/f/y/
UTAR,2025,fcf,FCF,,2180.0,,skip_empty(needs_mapping),RUB,https://smart-lab.ru/q/UTAR/f/y/
UWGN,2024,revenue,revenue_mln,144955.0,145000.0,1.0,match,RUB,https://smart-lab.ru/q/UWGN/f/y/
UWGN,2025,revenue,revenue_mln,65400.0,65400.0,1.0,match,RUB,https://smart-lab.ru/q/UWGN/f/y/
UWGN,2024,net_income,net_profit_mln,32046.0,31400.0,0.98,match,RUB,https://smart-lab.ru/q/UWGN/f/y/
UWGN,2025,net_income,net_profit_mln,21700.0,21700.0,1.0,match,RUB,https://smart-lab.ru/q/UWGN/f/y/
UWGN,2024,ebitda,ebitda_mln,36107.0,46200.0,1.28,flag(needs_mapping),RUB,https://smart-lab.ru/q/UWGN/f/y/
UWGN,2025,ebitda,ebitda_mln,,21600.0,,skip_empty(needs_mapping),RUB,https://smart-lab.ru/q/UWGN/f/y/
UWGN,2024,assets,assets_mln,94863.0,94900.0,1.0,match,RUB,https://smart-lab.ru/q/UWGN/f/y/
UWGN,2025,assets,assets_mln,86000.0,86000.0,1.0,match,RUB,https://smart-lab.ru/q/UWGN/f/y/
UWGN,2024,net_assets,equity_mln,51743.0,51700.0,0.999,flag(needs_mapping),RUB,https://smart-lab.ru/q/UWGN/f/y/
UWGN,2025,net_assets,equity_mln,,73400.0,,skip_empty(needs_mapping),RUB,https://smart-lab.ru/q/UWGN/f/y/
UWGN,2024,debt,total_debt_mln,0.0,0.0,,flag(needs_mapping),RUB,https://smart-lab.ru/q/UWGN/f/y/
UWGN,2025,debt,total_debt_mln,,0.0,,skip_empty(needs_mapping),RUB,https://smart-lab.ru/q/UWGN/f/y/
UWGN,2024,net_debt,net_debt_mln,-11654.0,-11900.0,1.021,flag(needs_mapping),RUB,https://smart-lab.ru/q/UWGN/f/y/
UWGN,2025,net_debt,net_debt_mln,,-20500.0,,skip_empty(needs_mapping),RUB,https://smart-lab.ru/q/UWGN/f/y/
UWGN,2024,ocf,CFO_,7195.0,7200.0,1.001,flag(needs_mapping),RUB,https://smart-lab.ru/q/UWGN/f/y/
UWGN,2025,ocf,CFO_,,3660.0,,skip_empty(needs_mapping),RUB,https://smart-lab.ru/q/UWGN/f/y/
UWGN,2024,capex,CAPEX_,1259.0,1260.0,1.001,flag(needs_mapping),RUB,https://smart-lab.ru/q/UWGN/f/y/
UWGN,2025,capex,CAPEX_,,2800.0,,skip_empty(needs_mapping),RUB,https://smart-lab.ru/q/UWGN/f/y/
UWGN,2024,fcf,FCF,5936.0,-12700.0,-2.139,flag(needs_mapping),RUB,https://smart-lab.ru/q/UWGN/f/y/
UWGN,2025,fcf,FCF,,8690.0,,skip_empty(needs_mapping),RUB,https://smart-lab.ru/q/UWGN/f/y/
VJGZ,2024,revenue,revenue_mln,112478.0,112500.0,1.0,match,RUB,https://smart-lab.ru/q/VJGZ/f/y/
VJGZ,2025,revenue,revenue_mln,64200.0,64200.0,1.0,match,RUB,https://smart-lab.ru/q/VJGZ/f/y/
VJGZ,2024,net_income,net_profit_mln,11837.0,11800.0,0.997,match,RUB,https://smart-lab.ru/q/VJGZ/f/y/
VJGZ,2025,net_income,net_profit_mln,-4450.0,-4450.0,1.0,match,RUB,https://smart-lab.ru/q/VJGZ/f/y/
VJGZ,2024,ebitda,ebitda_mln,20675.0,17700.0,0.856,flag(needs_mapping),RUB,https://smart-lab.ru/q/VJGZ/f/y/
VJGZ,2025,ebitda,ebitda_mln,,6680.0,,skip_empty(needs_mapping),RUB,https://smart-lab.ru/q/VJGZ/f/y/
VJGZ,2024,assets,assets_mln,150884.0,150900.0,1.0,match,RUB,https://smart-lab.ru/q/VJGZ/f/y/
VJGZ,2025,assets,assets_mln,133700.0,133700.0,1.0,match,RUB,https://smart-lab.ru/q/VJGZ/f/y/
VJGZ,2024,net_assets,equity_mln,88738.0,88700.0,1.0,flag(needs_mapping),RUB,https://smart-lab.ru/q/VJGZ/f/y/
VJGZ,2025,net_assets,equity_mln,,86100.0,,skip_empty(needs_mapping),RUB,https://smart-lab.ru/q/VJGZ/f/y/
VJGZ,2024,debt,total_debt_mln,25700.0,25700.0,1.0,flag(needs_mapping),RUB,https://smart-lab.ru/q/VJGZ/f/y/
VJGZ,2025,debt,total_debt_mln,,21300.0,,skip_empty(needs_mapping),RUB,https://smart-lab.ru/q/VJGZ/f/y/
VJGZ,2024,net_debt,net_debt_mln,25710.0,25700.0,1.0,flag(needs_mapping),RUB,https://smart-lab.ru/q/VJGZ/f/y/
VJGZ,2025,net_debt,net_debt_mln,,21300.0,,skip_empty(needs_mapping),RUB,https://smart-lab.ru/q/VJGZ/f/y/
VJGZ,2024,ocf,CFO_,16400.0,16400.0,1.0,flag(needs_mapping),RUB,https://smart-lab.ru/q/VJGZ/f/y/
VJGZ,2025,ocf,CFO_,,4370.0,,skip_empty(needs_mapping),RUB,https://smart-lab.ru/q/VJGZ/f/y/
VJGZ,2024,capex,CAPEX_,22900.0,22900.0,1.0,flag(needs_mapping),RUB,https://smart-lab.ru/q/VJGZ/f/y/
VJGZ,2025,capex,CAPEX_,,10300.0,,skip_empty(needs_mapping),RUB,https://smart-lab.ru/q/VJGZ/f/y/
VJGZ,2024,fcf,FCF,-22851.0,-3100.0,0.136,flag(needs_mapping),RUB,https://smart-lab.ru/q/VJGZ/f/y/
VJGZ,2025,fcf,FCF,,2320.0,,skip_empty(needs_mapping),RUB,https://smart-lab.ru/q/VJGZ/f/y/
VJGZP,2024,revenue,revenue_mln,112478.0,112500.0,1.0,match,RUB,https://smart-lab.ru/q/VJGZ/f/y/ (←VJGZ)
VJGZP,2025,revenue,revenue_mln,,64200.0,,FILL,RUB,https://smart-lab.ru/q/VJGZ/f/y/ (←VJGZ)
VJGZP,2024,net_income,net_profit_mln,11837.0,11800.0,0.997,match,RUB,https://smart-lab.ru/q/VJGZ/f/y/ (←VJGZ)
VJGZP,2025,net_income,net_profit_mln,,-4450.0,,FILL,RUB,https://smart-lab.ru/q/VJGZ/f/y/ (←VJGZ)
VJGZP,2024,ebitda,ebitda_mln,20675.0,17700.0,0.856,flag(needs_mapping),RUB,https://smart-lab.ru/q/VJGZ/f/y/ (←VJGZ)
VJGZP,2025,ebitda,ebitda_mln,,6680.0,,skip_empty(needs_mapping),RUB,https://smart-lab.ru/q/VJGZ/f/y/ (←VJGZ)
VJGZP,2024,assets,assets_mln,150884.0,150900.0,1.0,match,RUB,https://smart-lab.ru/q/VJGZ/f/y/ (←VJGZ)
VJGZP,2025,assets,assets_mln,,133700.0,,FILL,RUB,https://smart-lab.ru/q/VJGZ/f/y/ (←VJGZ)
VJGZP,2024,net_assets,equity_mln,88738.0,88700.0,1.0,flag(needs_mapping),RUB,https://smart-lab.ru/q/VJGZ/f/y/ (←VJGZ)
VJGZP,2025,net_assets,equity_mln,,86100.0,,skip_empty(needs_mapping),RUB,https://smart-lab.ru/q/VJGZ/f/y/ (←VJGZ)
VJGZP,2024,debt,total_debt_mln,,25700.0,,skip_empty(needs_mapping),RUB,https://smart-lab.ru/q/VJGZ/f/y/ (←VJGZ)
VJGZP,2025,debt,total_debt_mln,,21300.0,,skip_empty(needs_mapping),RUB,https://smart-lab.ru/q/VJGZ/f/y/ (←VJGZ)
VJGZP,2024,net_debt,net_debt_mln,25710.0,25700.0,1.0,flag(needs_mapping),RUB,https://smart-lab.ru/q/VJGZ/f/y/ (←VJGZ)
VJGZP,2025,net_debt,net_debt_mln,,21300.0,,skip_empty(needs_mapping),RUB,https://smart-lab.ru/q/VJGZ/f/y/ (←VJGZ)
VJGZP,2024,ocf,CFO_,,16400.0,,skip_empty(needs_mapping),RUB,https://smart-lab.ru/q/VJGZ/f/y/ (←VJGZ)
VJGZP,2025,ocf,CFO_,,4370.0,,skip_empty(needs_mapping),RUB,https://smart-lab.ru/q/VJGZ/f/y/ (←VJGZ)
VJGZP,2024,capex,CAPEX_,22851.0,22900.0,1.002,flag(needs_mapping),RUB,https://smart-lab.ru/q/VJGZ/f/y/ (←VJGZ)
VJGZP,2025,capex,CAPEX_,,10300.0,,skip_empty(needs_mapping),RUB,https://smart-lab.ru/q/VJGZ/f/y/ (←VJGZ)
VJGZP,2024,fcf,FCF,-22851.0,-3100.0,0.136,flag(needs_mapping),RUB,https://smart-lab.ru/q/VJGZ/f/y/ (←VJGZ)
VJGZP,2025,fcf,FCF,,2320.0,,skip_empty(needs_mapping),RUB,https://smart-lab.ru/q/VJGZ/f/y/ (←VJGZ)
VKCO,2024,revenue,revenue_mln,147573.0,147600.0,1.0,match,RUB,https://smart-lab.ru/q/VKCO/f/y/
VKCO,2025,revenue,revenue_mln,160000.0,160000.0,1.0,match,RUB,https://smart-lab.ru/q/VKCO/f/y/
VKCO,2024,net_income,net_profit_mln,-94948.0,-95500.0,1.006,match,RUB,https://smart-lab.ru/q/VKCO/f/y/
VKCO,2025,net_income,net_profit_mln,-22000.0,-22000.0,1.0,match,RUB,https://smart-lab.ru/q/VKCO/f/y/
VKCO,2024,ebitda,ebitda_mln,-52453.0,-4900.0,0.093,flag(needs_mapping),RUB,https://smart-lab.ru/q/VKCO/f/y/
VKCO,2025,ebitda,ebitda_mln,,22600.0,,skip_empty(needs_mapping),RUB,https://smart-lab.ru/q/VKCO/f/y/
VKCO,2024,assets,assets_mln,333492.0,333500.0,1.0,match,RUB,https://smart-lab.ru/q/VKCO/f/y/
VKCO,2025,assets,assets_mln,333300.0,333300.0,1.0,match,RUB,https://smart-lab.ru/q/VKCO/f/y/
VKCO,2024,net_assets,equity_mln,44809.0,44800.0,1.0,flag(needs_mapping),RUB,https://smart-lab.ru/q/VKCO/f/y/
VKCO,2025,net_assets,equity_mln,,132600.0,,skip_empty(needs_mapping),RUB,https://smart-lab.ru/q/VKCO/f/y/
VKCO,2024,debt,total_debt_mln,202700.0,202700.0,1.0,flag(needs_mapping),RUB,https://smart-lab.ru/q/VKCO/f/y/
VKCO,2025,debt,total_debt_mln,,114800.0,,skip_empty(needs_mapping),RUB,https://smart-lab.ru/q/VKCO/f/y/
VKCO,2024,net_debt,net_debt_mln,183365.0,174300.0,0.951,flag(needs_mapping),RUB,https://smart-lab.ru/q/VKCO/f/y/
VKCO,2025,net_debt,net_debt_mln,,82000.0,,skip_empty(needs_mapping),RUB,https://smart-lab.ru/q/VKCO/f/y/
VKCO,2024,ocf,CFO_,-10700.0,-10700.0,1.0,flag(needs_mapping),RUB,https://smart-lab.ru/q/VKCO/f/y/
VKCO,2025,ocf,CFO_,,2990.0,,skip_empty(needs_mapping),RUB,https://smart-lab.ru/q/VKCO/f/y/
VKCO,2024,capex,CAPEX_,26900.0,26900.0,1.0,flag(needs_mapping),RUB,https://smart-lab.ru/q/VKCO/f/y/
VKCO,2025,capex,CAPEX_,,24900.0,,skip_empty(needs_mapping),RUB,https://smart-lab.ru/q/VKCO/f/y/
VKCO,2024,fcf,FCF,-37600.0,-44800.0,1.191,flag(needs_mapping),RUB,https://smart-lab.ru/q/VKCO/f/y/
VKCO,2025,fcf,FCF,,-8300.0,,skip_empty(needs_mapping),RUB,https://smart-lab.ru/q/VKCO/f/y/
VLHZ,2024,revenue,revenue_mln,3222.4,3220.0,0.999,match,RUB,https://smart-lab.ru/q/VLHZ/f/y/
VLHZ,2025,revenue,revenue_mln,1140.0,1140.0,1.0,match,RUB,https://smart-lab.ru/q/VLHZ/f/y/
VLHZ,2024,net_income,net_profit_mln,47.8,48.0,1.005,match,RUB,https://smart-lab.ru/q/VLHZ/f/y/
VLHZ,2025,net_income,net_profit_mln,11.0,11.0,1.0,match,RUB,https://smart-lab.ru/q/VLHZ/f/y/
VLHZ,2024,ebitda,ebitda_mln,140.3,146.0,1.041,flag(needs_mapping),RUB,https://smart-lab.ru/q/VLHZ/f/y/
VLHZ,2025,ebitda,ebitda_mln,,80.0,,skip_empty(needs_mapping),RUB,https://smart-lab.ru/q/VLHZ/f/y/
VLHZ,2024,assets,assets_mln,1583.4,1580.0,0.998,match,RUB,https://smart-lab.ru/q/VLHZ/f/y/
VLHZ,2025,assets,assets_mln,1080.0,1080.0,1.0,match,RUB,https://smart-lab.ru/q/VLHZ/f/y/
VLHZ,2024,net_assets,equity_mln,807.2,807.0,1.0,flag(needs_mapping),RUB,https://smart-lab.ru/q/VLHZ/f/y/
VLHZ,2025,net_assets,equity_mln,,818.0,,skip_empty(needs_mapping),RUB,https://smart-lab.ru/q/VLHZ/f/y/
VLHZ,2024,debt,total_debt_mln,,396.0,,skip_empty(needs_mapping),RUB,https://smart-lab.ru/q/VLHZ/f/y/
VLHZ,2025,debt,total_debt_mln,,0.0,,skip_empty(needs_mapping),RUB,https://smart-lab.ru/q/VLHZ/f/y/
VLHZ,2024,net_debt,net_debt_mln,368.6,370.0,1.004,flag(needs_mapping),RUB,https://smart-lab.ru/q/VLHZ/f/y/
VLHZ,2025,net_debt,net_debt_mln,,-180.0,,skip_empty(needs_mapping),RUB,https://smart-lab.ru/q/VLHZ/f/y/
VLHZ,2024,ocf,CFO_,314.0,314.0,1.0,flag(needs_mapping),RUB,https://smart-lab.ru/q/VLHZ/f/y/
VLHZ,2025,ocf,CFO_,,173.0,,skip_empty(needs_mapping),RUB,https://smart-lab.ru/q/VLHZ/f/y/
VLHZ,2024,capex,CAPEX_,224.6,225.0,1.002,flag(needs_mapping),RUB,https://smart-lab.ru/q/VLHZ/f/y/
VLHZ,2025,capex,CAPEX_,,49.0,,skip_empty(needs_mapping),RUB,https://smart-lab.ru/q/VLHZ/f/y/
VLHZ,2024,fcf,FCF,89.4,7.0,0.078,flag(needs_mapping),RUB,https://smart-lab.ru/q/VLHZ/f/y/
VLHZ,2025,fcf,FCF,,71.0,,skip_empty(needs_mapping),RUB,https://smart-lab.ru/q/VLHZ/f/y/
VRSB,2024,revenue,revenue_mln,32313.5,32300.0,1.0,match,RUB,https://smart-lab.ru/q/VRSB/f/y/
VRSB,2025,revenue,revenue_mln,37300.0,37300.0,1.0,match,RUB,https://smart-lab.ru/q/VRSB/f/y/
VRSB,2024,net_income,net_profit_mln,2281.1,2280.0,0.999,match,RUB,https://smart-lab.ru/q/VRSB/f/y/
VRSB,2025,net_income,net_profit_mln,2030.0,2030.0,1.0,match,RUB,https://smart-lab.ru/q/VRSB/f/y/
VRSB,2024,ebitda,ebitda_mln,1943.5,1940.0,0.998,flag(needs_mapping),RUB,https://smart-lab.ru/q/VRSB/f/y/
VRSB,2025,ebitda,ebitda_mln,,2060.0,,skip_empty(needs_mapping),RUB,https://smart-lab.ru/q/VRSB/f/y/
VRSB,2024,assets,assets_mln,11854.4,11900.0,1.004,match,RUB,https://smart-lab.ru/q/VRSB/f/y/
VRSB,2025,assets,assets_mln,15800.0,15800.0,1.0,match,RUB,https://smart-lab.ru/q/VRSB/f/y/
VRSB,2024,net_assets,equity_mln,7145.0,7150.0,1.001,flag(needs_mapping),RUB,https://smart-lab.ru/q/VRSB/f/y/
VRSB,2025,net_assets,equity_mln,,10200.0,,skip_empty(needs_mapping),RUB,https://smart-lab.ru/q/VRSB/f/y/
VRSB,2024,debt,total_debt_mln,,0.0,,skip_empty(needs_mapping),RUB,https://smart-lab.ru/q/VRSB/f/y/
VRSB,2025,debt,total_debt_mln,,0.0,,skip_empty(needs_mapping),RUB,https://smart-lab.ru/q/VRSB/f/y/
VRSB,2024,net_debt,net_debt_mln,-3018.0,-3020.0,1.001,flag(needs_mapping),RUB,https://smart-lab.ru/q/VRSB/f/y/
VRSB,2025,net_debt,net_debt_mln,,-4350.0,,skip_empty(needs_mapping),RUB,https://smart-lab.ru/q/VRSB/f/y/
VRSB,2024,ocf,CFO_,1663.9,1660.0,0.998,flag(needs_mapping),RUB,https://smart-lab.ru/q/VRSB/f/y/
VRSB,2025,ocf,CFO_,,626.0,,skip_empty(needs_mapping),RUB,https://smart-lab.ru/q/VRSB/f/y/
VRSB,2024,capex,CAPEX_,199.7,200.0,1.001,flag(needs_mapping),RUB,https://smart-lab.ru/q/VRSB/f/y/
VRSB,2025,capex,CAPEX_,,481.0,,skip_empty(needs_mapping),RUB,https://smart-lab.ru/q/VRSB/f/y/
VRSB,2024,fcf,FCF,1464.2,1820.0,1.243,flag(needs_mapping),RUB,https://smart-lab.ru/q/VRSB/f/y/
VRSB,2025,fcf,FCF,,1840.0,,skip_empty(needs_mapping),RUB,https://smart-lab.ru/q/VRSB/f/y/
VRSBP,2024,revenue,revenue_mln,32313.5,32300.0,1.0,match,RUB,https://smart-lab.ru/q/VRSB/f/y/ (←VRSB)
VRSBP,2025,revenue,revenue_mln,,37300.0,,FILL,RUB,https://smart-lab.ru/q/VRSB/f/y/ (←VRSB)
VRSBP,2024,net_income,net_profit_mln,2281.1,2280.0,0.999,match,RUB,https://smart-lab.ru/q/VRSB/f/y/ (←VRSB)
VRSBP,2025,net_income,net_profit_mln,,2030.0,,FILL,RUB,https://smart-lab.ru/q/VRSB/f/y/ (←VRSB)
VRSBP,2024,ebitda,ebitda_mln,1943.5,1940.0,0.998,flag(needs_mapping),RUB,https://smart-lab.ru/q/VRSB/f/y/ (←VRSB)
VRSBP,2025,ebitda,ebitda_mln,,2060.0,,skip_empty(needs_mapping),RUB,https://smart-lab.ru/q/VRSB/f/y/ (←VRSB)
VRSBP,2024,assets,assets_mln,11854.4,11900.0,1.004,match,RUB,https://smart-lab.ru/q/VRSB/f/y/ (←VRSB)
VRSBP,2025,assets,assets_mln,,15800.0,,FILL,RUB,https://smart-lab.ru/q/VRSB/f/y/ (←VRSB)
VRSBP,2024,net_assets,equity_mln,7145.0,7150.0,1.001,flag(needs_mapping),RUB,https://smart-lab.ru/q/VRSB/f/y/ (←VRSB)
VRSBP,2025,net_assets,equity_mln,,10200.0,,skip_empty(needs_mapping),RUB,https://smart-lab.ru/q/VRSB/f/y/ (←VRSB)
VRSBP,2024,debt,total_debt_mln,,0.0,,skip_empty(needs_mapping),RUB,https://smart-lab.ru/q/VRSB/f/y/ (←VRSB)
VRSBP,2025,debt,total_debt_mln,,0.0,,skip_empty(needs_mapping),RUB,https://smart-lab.ru/q/VRSB/f/y/ (←VRSB)
VRSBP,2024,net_debt,net_debt_mln,-3018.0,-3020.0,1.001,flag(needs_mapping),RUB,https://smart-lab.ru/q/VRSB/f/y/ (←VRSB)
VRSBP,2025,net_debt,net_debt_mln,,-4350.0,,skip_empty(needs_mapping),RUB,https://smart-lab.ru/q/VRSB/f/y/ (←VRSB)
VRSBP,2024,ocf,CFO_,1663.9,1660.0,0.998,flag(needs_mapping),RUB,https://smart-lab.ru/q/VRSB/f/y/ (←VRSB)
VRSBP,2025,ocf,CFO_,,626.0,,skip_empty(needs_mapping),RUB,https://smart-lab.ru/q/VRSB/f/y/ (←VRSB)
VRSBP,2024,capex,CAPEX_,199.7,200.0,1.001,flag(needs_mapping),RUB,https://smart-lab.ru/q/VRSB/f/y/ (←VRSB)
VRSBP,2025,capex,CAPEX_,,481.0,,skip_empty(needs_mapping),RUB,https://smart-lab.ru/q/VRSB/f/y/ (←VRSB)
VRSBP,2024,fcf,FCF,1464.2,1820.0,1.243,flag(needs_mapping),RUB,https://smart-lab.ru/q/VRSB/f/y/ (←VRSB)
VRSBP,2025,fcf,FCF,,1840.0,,skip_empty(needs_mapping),RUB,https://smart-lab.ru/q/VRSB/f/y/ (←VRSB)
VSEH,2024,revenue,revenue_mln,170064.1,170100.0,1.0,match,RUB,https://smart-lab.ru/q/VSEH/f/y/
VSEH,2025,revenue,revenue_mln,183000.0,182900.0,0.999,match,RUB,https://smart-lab.ru/q/VSEH/f/y/
VSEH,2024,net_income,net_profit_mln,669.8,2840.0,4.24,FLAG_DIVERGENCE,RUB,https://smart-lab.ru/q/VSEH/f/y/
VSEH,2025,net_income,net_profit_mln,2500.0,4200.0,1.68,FLAG_DIVERGENCE,RUB,https://smart-lab.ru/q/VSEH/f/y/
VSEH,2024,ebitda,ebitda_mln,10616.4,7510.0,0.707,flag(needs_mapping),RUB,https://smart-lab.ru/q/VSEH/f/y/
VSEH,2025,ebitda,ebitda_mln,,10100.0,,skip_empty(needs_mapping),RUB,https://smart-lab.ru/q/VSEH/f/y/
VSEH,2024,assets,assets_mln,78343.6,78300.0,0.999,match,RUB,https://smart-lab.ru/q/VSEH/f/y/
VSEH,2025,assets,assets_mln,68600.0,68600.0,1.0,match,RUB,https://smart-lab.ru/q/VSEH/f/y/
VSEH,2024,net_assets,equity_mln,2133.9,2130.0,0.998,flag(needs_mapping),RUB,https://smart-lab.ru/q/VSEH/f/y/
VSEH,2025,net_assets,equity_mln,36800.0,5830.0,0.158,flag(needs_mapping),RUB,https://smart-lab.ru/q/VSEH/f/y/
VSEH,2024,debt,total_debt_mln,22100.0,22100.0,1.0,flag(needs_mapping),RUB,https://smart-lab.ru/q/VSEH/f/y/
VSEH,2025,debt,total_debt_mln,,11100.0,,skip_empty(needs_mapping),RUB,https://smart-lab.ru/q/VSEH/f/y/
VSEH,2024,net_debt,net_debt_mln,30201.2,12700.0,0.421,flag(needs_mapping),RUB,https://smart-lab.ru/q/VSEH/f/y/
VSEH,2025,net_debt,net_debt_mln,0.0,-1760.0,,flag(needs_mapping),RUB,https://smart-lab.ru/q/VSEH/f/y/
VSEH,2024,ocf,CFO_,5051.5,4500.0,0.891,flag(needs_mapping),RUB,https://smart-lab.ru/q/VSEH/f/y/
VSEH,2025,ocf,CFO_,,15800.0,,skip_empty(needs_mapping),RUB,https://smart-lab.ru/q/VSEH/f/y/
VSEH,2024,capex,CAPEX_,1952.5,4950.0,2.535,flag(needs_mapping),RUB,https://smart-lab.ru/q/VSEH/f/y/
VSEH,2025,capex,CAPEX_,,1090.0,,skip_empty(needs_mapping),RUB,https://smart-lab.ru/q/VSEH/f/y/
VSEH,2024,fcf,FCF,3099.0,457.0,0.147,flag(needs_mapping),RUB,https://smart-lab.ru/q/VSEH/f/y/
VSEH,2025,fcf,FCF,,12500.0,,skip_empty(needs_mapping),RUB,https://smart-lab.ru/q/VSEH/f/y/
VSMO,2024,revenue,revenue_mln,118553.6,118600.0,1.0,match,RUB,https://smart-lab.ru/q/VSMO/f/y/
VSMO,2025,revenue,revenue_mln,96800.0,96800.0,1.0,match,RUB,https://smart-lab.ru/q/VSMO/f/y/
VSMO,2024,net_income,net_profit_mln,16853.3,16900.0,1.003,match,RUB,https://smart-lab.ru/q/VSMO/f/y/
VSMO,2025,net_income,net_profit_mln,263.0,263.0,1.0,match,RUB,https://smart-lab.ru/q/VSMO/f/y/
VSMO,2024,ebitda,ebitda_mln,50853.3,39500.0,0.777,flag(needs_mapping),RUB,https://smart-lab.ru/q/VSMO/f/y/
VSMO,2025,ebitda,ebitda_mln,,18800.0,,skip_empty(needs_mapping),RUB,https://smart-lab.ru/q/VSMO/f/y/
VSMO,2024,assets,assets_mln,459504.4,459500.0,1.0,match,RUB,https://smart-lab.ru/q/VSMO/f/y/
VSMO,2025,assets,assets_mln,433600.0,433600.0,1.0,match,RUB,https://smart-lab.ru/q/VSMO/f/y/
VSMO,2024,net_assets,equity_mln,299157.1,299300.0,1.0,flag(needs_mapping),RUB,https://smart-lab.ru/q/VSMO/f/y/
VSMO,2025,net_assets,equity_mln,,299800.0,,skip_empty(needs_mapping),RUB,https://smart-lab.ru/q/VSMO/f/y/
VSMO,2024,debt,total_debt_mln,87000.0,87000.0,1.0,flag(needs_mapping),RUB,https://smart-lab.ru/q/VSMO/f/y/
VSMO,2025,debt,total_debt_mln,,59800.0,,skip_empty(needs_mapping),RUB,https://smart-lab.ru/q/VSMO/f/y/
VSMO,2024,net_debt,net_debt_mln,33761.2,33800.0,1.001,flag(needs_mapping),RUB,https://smart-lab.ru/q/VSMO/f/y/
VSMO,2025,net_debt,net_debt_mln,,17400.0,,skip_empty(needs_mapping),RUB,https://smart-lab.ru/q/VSMO/f/y/
VSMO,2024,ocf,CFO_,11900.0,11900.0,1.0,flag(needs_mapping),RUB,https://smart-lab.ru/q/VSMO/f/y/
VSMO,2025,ocf,CFO_,,15500.0,,skip_empty(needs_mapping),RUB,https://smart-lab.ru/q/VSMO/f/y/
VSMO,2024,capex,CAPEX_,11800.0,11800.0,1.0,flag(needs_mapping),RUB,https://smart-lab.ru/q/VSMO/f/y/
VSMO,2025,capex,CAPEX_,,10700.0,,skip_empty(needs_mapping),RUB,https://smart-lab.ru/q/VSMO/f/y/
VSMO,2024,fcf,FCF,100.0,5510.0,55.1,flag(needs_mapping),RUB,https://smart-lab.ru/q/VSMO/f/y/
VSMO,2025,fcf,FCF,,4210.0,,skip_empty(needs_mapping),RUB,https://smart-lab.ru/q/VSMO/f/y/
VSYDP,2024,revenue,revenue_mln,16301.2,16300.0,1.0,match,RUB,https://smart-lab.ru/q/VSYDP/f/y/
VSYDP,2025,revenue,revenue_mln,11200.0,11200.0,1.0,match,RUB,https://smart-lab.ru/q/VSYDP/f/y/
VSYDP,2024,net_income,net_profit_mln,1024.8,1030.0,1.005,match,RUB,https://smart-lab.ru/q/VSYDP/f/y/
VSYDP,2025,net_income,net_profit_mln,226.0,226.0,1.0,match,RUB,https://smart-lab.ru/q/VSYDP/f/y/
VSYDP,2024,ebitda,ebitda_mln,1291.0,1330.0,1.03,flag(needs_mapping),RUB,https://smart-lab.ru/q/VSYDP/f/y/
VSYDP,2025,ebitda,ebitda_mln,,1340.0,,skip_empty(needs_mapping),RUB,https://smart-lab.ru/q/VSYDP/f/y/
VSYDP,2024,assets,assets_mln,48689.6,48700.0,1.0,match,RUB,https://smart-lab.ru/q/VSYDP/f/y/
VSYDP,2025,assets,assets_mln,50400.0,50400.0,1.0,match,RUB,https://smart-lab.ru/q/VSYDP/f/y/
VSYDP,2024,net_assets,equity_mln,-2543.9,-2540.0,0.998,flag(needs_mapping),RUB,https://smart-lab.ru/q/VSYDP/f/y/
VSYDP,2025,net_assets,equity_mln,,-1850.0,,skip_empty(needs_mapping),RUB,https://smart-lab.ru/q/VSYDP/f/y/
VSYDP,2024,debt,total_debt_mln,,8450.0,,skip_empty(needs_mapping),RUB,https://smart-lab.ru/q/VSYDP/f/y/
VSYDP,2025,debt,total_debt_mln,,12100.0,,skip_empty(needs_mapping),RUB,https://smart-lab.ru/q/VSYDP/f/y/
VSYDP,2024,net_debt,net_debt_mln,-7512.2,-7510.0,1.0,flag(needs_mapping),RUB,https://smart-lab.ru/q/VSYDP/f/y/
VSYDP,2025,net_debt,net_debt_mln,,1620.0,,skip_empty(needs_mapping),RUB,https://smart-lab.ru/q/VSYDP/f/y/
VSYDP,2024,ocf,CFO_,-7920.2,-7920.0,1.0,flag(needs_mapping),RUB,https://smart-lab.ru/q/VSYDP/f/y/
VSYDP,2025,ocf,CFO_,,-8410.0,,skip_empty(needs_mapping),RUB,https://smart-lab.ru/q/VSYDP/f/y/
VSYDP,2024,capex,CAPEX_,33.2,33.0,0.995,flag(needs_mapping),RUB,https://smart-lab.ru/q/VSYDP/f/y/
VSYDP,2025,capex,CAPEX_,,27.0,,skip_empty(needs_mapping),RUB,https://smart-lab.ru/q/VSYDP/f/y/
VSYDP,2024,fcf,FCF,-7953.3,-7950.0,1.0,flag(needs_mapping),RUB,https://smart-lab.ru/q/VSYDP/f/y/
VSYDP,2025,fcf,FCF,,-8440.0,,skip_empty(needs_mapping),RUB,https://smart-lab.ru/q/VSYDP/f/y/
VTBR,2024,net_income,net_profit_mln,551400.0,535300.0,0.971,match,RUB,https://smart-lab.ru/q/VTBR/f/y/
VTBR,2025,net_income,net_profit_mln,483700.0,483700.0,1.0,match,RUB,https://smart-lab.ru/q/VTBR/f/y/
WTCMP,2024,revenue,revenue_mln,9592.2,9590.0,1.0,match,RUB,https://smart-lab.ru/q/WTCMP/f/y/
WTCMP,2025,revenue,revenue_mln,9700.0,10200.0,1.052,match,RUB,https://smart-lab.ru/q/WTCMP/f/y/
WTCMP,2024,net_income,net_profit_mln,3108.2,3110.0,1.001,match,RUB,https://smart-lab.ru/q/WTCMP/f/y/
WTCMP,2025,net_income,net_profit_mln,4700.0,5500.0,1.17,FLAG_DIVERGENCE,RUB,https://smart-lab.ru/q/WTCMP/f/y/
WTCMP,2024,ebitda,ebitda_mln,3937.9,3940.0,1.001,flag(needs_mapping),RUB,https://smart-lab.ru/q/WTCMP/f/y/
WTCMP,2025,ebitda,ebitda_mln,,4440.0,,skip_empty(needs_mapping),RUB,https://smart-lab.ru/q/WTCMP/f/y/
WTCMP,2024,assets,assets_mln,67605.7,67600.0,1.0,match,RUB,https://smart-lab.ru/q/WTCMP/f/y/
WTCMP,2025,assets,assets_mln,30700.0,73400.0,2.391,FLAG_DIVERGENCE,RUB,https://smart-lab.ru/q/WTCMP/f/y/
WTCMP,2024,net_assets,equity_mln,55565.6,55600.0,1.001,flag(needs_mapping),RUB,https://smart-lab.ru/q/WTCMP/f/y/
WTCMP,2025,net_assets,equity_mln,17500.0,60700.0,3.469,flag(needs_mapping),RUB,https://smart-lab.ru/q/WTCMP/f/y/
WTCMP,2024,debt,total_debt_mln,,0.0,,skip_empty(needs_mapping),RUB,https://smart-lab.ru/q/WTCMP/f/y/
WTCMP,2025,debt,total_debt_mln,,0.0,,skip_empty(needs_mapping),RUB,https://smart-lab.ru/q/WTCMP/f/y/
WTCMP,2024,net_debt,net_debt_mln,-16527.1,-16600.0,1.004,flag(needs_mapping),RUB,https://smart-lab.ru/q/WTCMP/f/y/
WTCMP,2025,net_debt,net_debt_mln,-19800.0,-20700.0,1.045,flag(needs_mapping),RUB,https://smart-lab.ru/q/WTCMP/f/y/
WTCMP,2024,ocf,CFO_,2300.0,2300.0,1.0,flag(needs_mapping),RUB,https://smart-lab.ru/q/WTCMP/f/y/
WTCMP,2025,ocf,CFO_,2600.0,1590.0,0.612,flag(needs_mapping),RUB,https://smart-lab.ru/q/WTCMP/f/y/
WTCMP,2024,capex,CAPEX_,336.6,337.0,1.001,flag(needs_mapping),RUB,https://smart-lab.ru/q/WTCMP/f/y/
WTCMP,2025,capex,CAPEX_,250.0,226.0,0.904,flag(needs_mapping),RUB,https://smart-lab.ru/q/WTCMP/f/y/
WTCMP,2024,fcf,FCF,1963.4,4480.0,2.282,flag(needs_mapping),RUB,https://smart-lab.ru/q/WTCMP/f/y/
WTCMP,2025,fcf,FCF,,4470.0,,skip_empty(needs_mapping),RUB,https://smart-lab.ru/q/WTCMP/f/y/
WUSH,2024,revenue,revenue_mln,14304.3,14300.0,1.0,match,RUB,https://smart-lab.ru/q/WUSH/f/y/
WUSH,2025,revenue,revenue_mln,12500.0,12500.0,1.0,match,RUB,https://smart-lab.ru/q/WUSH/f/y/
WUSH,2024,net_income,net_profit_mln,1986.1,1990.0,1.002,match,RUB,https://smart-lab.ru/q/WUSH/f/y/
WUSH,2025,net_income,net_profit_mln,-2930.0,-2930.0,1.0,match,RUB,https://smart-lab.ru/q/WUSH/f/y/
WUSH,2024,ebitda,ebitda_mln,5838.0,6050.0,1.036,flag(needs_mapping),RUB,https://smart-lab.ru/q/WUSH/f/y/
WUSH,2025,ebitda,ebitda_mln,,3560.0,,skip_empty(needs_mapping),RUB,https://smart-lab.ru/q/WUSH/f/y/
WUSH,2024,assets,assets_mln,21919.4,21900.0,0.999,match,RUB,https://smart-lab.ru/q/WUSH/f/y/
WUSH,2025,assets,assets_mln,19700.0,19700.0,1.0,match,RUB,https://smart-lab.ru/q/WUSH/f/y/
WUSH,2024,net_assets,equity_mln,7279.2,7280.0,1.0,flag(needs_mapping),RUB,https://smart-lab.ru/q/WUSH/f/y/
WUSH,2025,net_assets,equity_mln,10300.0,4000.0,0.388,flag(needs_mapping),RUB,https://smart-lab.ru/q/WUSH/f/y/
WUSH,2024,debt,total_debt_mln,,12700.0,,skip_empty(needs_mapping),RUB,https://smart-lab.ru/q/WUSH/f/y/
WUSH,2025,debt,total_debt_mln,,13500.0,,skip_empty(needs_mapping),RUB,https://smart-lab.ru/q/WUSH/f/y/
WUSH,2024,net_debt,net_debt_mln,10270.0,9120.0,0.888,flag(needs_mapping),RUB,https://smart-lab.ru/q/WUSH/f/y/
WUSH,2025,net_debt,net_debt_mln,0.0,11900.0,,flag(needs_mapping),RUB,https://smart-lab.ru/q/WUSH/f/y/
WUSH,2024,ocf,CFO_,3840.0,3840.0,1.0,flag(needs_mapping),RUB,https://smart-lab.ru/q/WUSH/f/y/
WUSH,2025,ocf,CFO_,,1390.0,,skip_empty(needs_mapping),RUB,https://smart-lab.ru/q/WUSH/f/y/
WUSH,2024,capex,CAPEX_,5120.0,4890.0,0.955,flag(needs_mapping),RUB,https://smart-lab.ru/q/WUSH/f/y/
WUSH,2025,capex,CAPEX_,,3680.0,,skip_empty(needs_mapping),RUB,https://smart-lab.ru/q/WUSH/f/y/
WUSH,2024,fcf,FCF,-1280.0,-1000.0,0.781,flag(needs_mapping),RUB,https://smart-lab.ru/q/WUSH/f/y/
WUSH,2025,fcf,FCF,,-2220.0,,skip_empty(needs_mapping),RUB,https://smart-lab.ru/q/WUSH/f/y/
X5,2024,revenue,revenue_mln,3908047.0,3908000.0,1.0,match,RUB,https://smart-lab.ru/q/X5/f/y/
X5,2025,revenue,revenue_mln,4642000.0,4642000.0,1.0,match,RUB,https://smart-lab.ru/q/X5/f/y/
X5,2024,net_income,net_profit_mln,104064.0,110100.0,1.058,match,RUB,https://smart-lab.ru/q/X5/f/y/
X5,2025,net_income,net_profit_mln,83100.0,83100.0,1.0,match,RUB,https://smart-lab.ru/q/X5/f/y/
X5,2024,ebitda,ebitda_mln,395848.0,256200.0,0.647,flag(needs_mapping),RUB,https://smart-lab.ru/q/X5/f/y/
X5,2025,ebitda,ebitda_mln,,285000.0,,skip_empty(needs_mapping),RUB,https://smart-lab.ru/q/X5/f/y/
X5,2024,assets,assets_mln,1843135.0,1843000.0,1.0,match,RUB,https://smart-lab.ru/q/X5/f/y/
X5,2025,assets,assets_mln,1925000.0,1925000.0,1.0,match,RUB,https://smart-lab.ru/q/X5/f/y/
X5,2024,net_assets,equity_mln,271188.0,271200.0,1.0,flag(needs_mapping),RUB,https://smart-lab.ru/q/X5/f/y/
X5,2025,net_assets,equity_mln,817700.0,96900.0,0.119,flag(needs_mapping),RUB,https://smart-lab.ru/q/X5/f/y/
X5,2024,debt,total_debt_mln,,288700.0,,skip_empty(needs_mapping),RUB,https://smart-lab.ru/q/X5/f/y/
X5,2025,debt,total_debt_mln,,407000.0,,skip_empty(needs_mapping),RUB,https://smart-lab.ru/q/X5/f/y/
X5,2024,net_debt,net_debt_mln,885814.0,28100.0,0.032,flag(needs_mapping),RUB,https://smart-lab.ru/q/X5/f/y/
X5,2025,net_debt,net_debt_mln,0.0,228500.0,,flag(needs_mapping),RUB,https://smart-lab.ru/q/X5/f/y/
X5,2024,ocf,CFO_,277400.0,277400.0,1.0,flag(needs_mapping),RUB,https://smart-lab.ru/q/X5/f/y/
X5,2025,ocf,CFO_,,300600.0,,skip_empty(needs_mapping),RUB,https://smart-lab.ru/q/X5/f/y/
X5,2024,capex,CAPEX_,157200.0,157200.0,1.0,flag(needs_mapping),RUB,https://smart-lab.ru/q/X5/f/y/
X5,2025,capex,CAPEX_,,214000.0,,skip_empty(needs_mapping),RUB,https://smart-lab.ru/q/X5/f/y/
X5,2024,fcf,FCF,120200.0,47500.0,0.395,flag(needs_mapping),RUB,https://smart-lab.ru/q/X5/f/y/
X5,2025,fcf,FCF,,22700.0,,skip_empty(needs_mapping),RUB,https://smart-lab.ru/q/X5/f/y/
YAKG,2024,revenue,revenue_mln,8679.0,8680.0,1.0,match,RUB,https://smart-lab.ru/q/YAKG/f/y/
YAKG,2025,revenue,revenue_mln,10400.0,10400.0,1.0,match,RUB,https://smart-lab.ru/q/YAKG/f/y/
YAKG,2024,net_income,net_profit_mln,698.0,735.0,1.053,match,RUB,https://smart-lab.ru/q/YAKG/f/y/
YAKG,2025,net_income,net_profit_mln,2190.0,2190.0,1.0,match,RUB,https://smart-lab.ru/q/YAKG/f/y/
YAKG,2024,ebitda,ebitda_mln,2818.0,3250.0,1.153,flag(needs_mapping),RUB,https://smart-lab.ru/q/YAKG/f/y/
YAKG,2025,ebitda,ebitda_mln,,4580.0,,skip_empty(needs_mapping),RUB,https://smart-lab.ru/q/YAKG/f/y/
YAKG,2024,assets,assets_mln,32122.0,31500.0,0.981,match,RUB,https://smart-lab.ru/q/YAKG/f/y/
YAKG,2025,assets,assets_mln,33200.0,33200.0,1.0,match,RUB,https://smart-lab.ru/q/YAKG/f/y/
YAKG,2024,net_assets,equity_mln,17061.0,17100.0,1.002,flag(needs_mapping),RUB,https://smart-lab.ru/q/YAKG/f/y/
YAKG,2025,net_assets,equity_mln,,19300.0,,skip_empty(needs_mapping),RUB,https://smart-lab.ru/q/YAKG/f/y/
YAKG,2024,debt,total_debt_mln,9800.0,9800.0,1.0,flag(needs_mapping),RUB,https://smart-lab.ru/q/YAKG/f/y/
YAKG,2025,debt,total_debt_mln,,8500.0,,skip_empty(needs_mapping),RUB,https://smart-lab.ru/q/YAKG/f/y/
YAKG,2024,net_debt,net_debt_mln,8020.0,7910.0,0.986,flag(needs_mapping),RUB,https://smart-lab.ru/q/YAKG/f/y/
YAKG,2025,net_debt,net_debt_mln,,8280.0,,skip_empty(needs_mapping),RUB,https://smart-lab.ru/q/YAKG/f/y/
YAKG,2024,ocf,CFO_,2294.0,2290.0,0.998,flag(needs_mapping),RUB,https://smart-lab.ru/q/YAKG/f/y/
YAKG,2025,ocf,CFO_,,2800.0,,skip_empty(needs_mapping),RUB,https://smart-lab.ru/q/YAKG/f/y/
YAKG,2024,capex,CAPEX_,2287.0,2290.0,1.001,flag(needs_mapping),RUB,https://smart-lab.ru/q/YAKG/f/y/
YAKG,2025,capex,CAPEX_,,1800.0,,skip_empty(needs_mapping),RUB,https://smart-lab.ru/q/YAKG/f/y/
YAKG,2024,fcf,FCF,7.0,-617.0,-88.143,flag(needs_mapping),RUB,https://smart-lab.ru/q/YAKG/f/y/
YAKG,2025,fcf,FCF,,-558.0,,skip_empty(needs_mapping),RUB,https://smart-lab.ru/q/YAKG/f/y/
YDEX,2024,revenue,revenue_mln,1094560.0,1095000.0,1.0,match,RUB,https://smart-lab.ru/q/YDEX/f/y/
YDEX,2025,revenue,revenue_mln,1441000.0,1441000.0,1.0,match,RUB,https://smart-lab.ru/q/YDEX/f/y/
YDEX,2024,net_income,net_profit_mln,11468.0,100900.0,8.798,FLAG_DIVERGENCE,RUB,https://smart-lab.ru/q/YDEX/f/y/
YDEX,2025,net_income,net_profit_mln,141400.0,141400.0,1.0,match,RUB,https://smart-lab.ru/q/YDEX/f/y/
YDEX,2024,ebitda,ebitda_mln,126667.0,188600.0,1.489,flag(needs_mapping),RUB,https://smart-lab.ru/q/YDEX/f/y/
YDEX,2025,ebitda,ebitda_mln,280800.0,280800.0,1.0,flag(needs_mapping),RUB,https://smart-lab.ru/q/YDEX/f/y/
YDEX,2024,assets,assets_mln,1098688.0,1098000.0,0.999,match,RUB,https://smart-lab.ru/q/YDEX/f/y/
YDEX,2025,assets,assets_mln,1368000.0,1368000.0,1.0,match,RUB,https://smart-lab.ru/q/YDEX/f/y/
YDEX,2024,net_assets,equity_mln,293797.0,293800.0,1.0,flag(needs_mapping),RUB,https://smart-lab.ru/q/YDEX/f/y/
YDEX,2025,net_assets,equity_mln,1810000.0,351200.0,0.194,flag(needs_mapping),RUB,https://smart-lab.ru/q/YDEX/f/y/
YDEX,2024,debt,total_debt_mln,,368100.0,,skip_empty(needs_mapping),RUB,https://smart-lab.ru/q/YDEX/f/y/
YDEX,2025,debt,total_debt_mln,537200.0,537200.0,1.0,flag(needs_mapping),RUB,https://smart-lab.ru/q/YDEX/f/y/
YDEX,2024,net_debt,net_debt_mln,130455.0,82200.0,0.63,flag(needs_mapping),RUB,https://smart-lab.ru/q/YDEX/f/y/
YDEX,2025,net_debt,net_debt_mln,129500.0,129500.0,1.0,flag(needs_mapping),RUB,https://smart-lab.ru/q/YDEX/f/y/
YDEX,2024,ocf,CFO_,182500.0,203200.0,1.113,flag(needs_mapping),RUB,https://smart-lab.ru/q/YDEX/f/y/
YDEX,2025,ocf,CFO_,282300.0,282300.0,1.0,flag(needs_mapping),RUB,https://smart-lab.ru/q/YDEX/f/y/
YDEX,2024,capex,CAPEX_,12424.0,124600.0,10.029,flag(needs_mapping),RUB,https://smart-lab.ru/q/YDEX/f/y/
YDEX,2025,capex,CAPEX_,145900.0,145900.0,1.0,flag(needs_mapping),RUB,https://smart-lab.ru/q/YDEX/f/y/
YDEX,2024,fcf,FCF,190761.0,48900.0,0.256,flag(needs_mapping),RUB,https://smart-lab.ru/q/YDEX/f/y/
YDEX,2025,fcf,FCF,109700.0,109700.0,1.0,flag(needs_mapping),RUB,https://smart-lab.ru/q/YDEX/f/y/
YKEN,2024,revenue,revenue_mln,33583.0,33600.0,1.001,match,RUB,https://smart-lab.ru/q/YKEN/f/y/
YKEN,2025,revenue,revenue_mln,42100.0,42100.0,1.0,match,RUB,https://smart-lab.ru/q/YKEN/f/y/
YKEN,2024,net_income,net_profit_mln,-20263.0,-25300.0,1.249,FLAG_DIVERGENCE,RUB,https://smart-lab.ru/q/YKEN/f/y/
YKEN,2025,net_income,net_profit_mln,,-14400.0,,skip(col_diverged),RUB,https://smart-lab.ru/q/YKEN/f/y/
YKEN,2024,ebitda,ebitda_mln,-9836.0,-14700.0,1.495,flag(needs_mapping),RUB,https://smart-lab.ru/q/YKEN/f/y/
YKEN,2025,ebitda,ebitda_mln,,3330.0,,skip_empty(needs_mapping),RUB,https://smart-lab.ru/q/YKEN/f/y/
YKEN,2024,assets,assets_mln,71766.0,60000.0,0.836,FLAG_DIVERGENCE,RUB,https://smart-lab.ru/q/YKEN/f/y/
YKEN,2025,assets,assets_mln,,81900.0,,skip(col_diverged),RUB,https://smart-lab.ru/q/YKEN/f/y/
YKEN,2024,net_assets,equity_mln,-12172.0,-20200.0,1.66,flag(needs_mapping),RUB,https://smart-lab.ru/q/YKEN/f/y/
YKEN,2025,net_assets,equity_mln,,-31400.0,,skip_empty(needs_mapping),RUB,https://smart-lab.ru/q/YKEN/f/y/
YKEN,2024,debt,total_debt_mln,,58700.0,,skip_empty(needs_mapping),RUB,https://smart-lab.ru/q/YKEN/f/y/
YKEN,2025,debt,total_debt_mln,,90400.0,,skip_empty(needs_mapping),RUB,https://smart-lab.ru/q/YKEN/f/y/
YKEN,2024,net_debt,net_debt_mln,71034.0,58200.0,0.819,flag(needs_mapping),RUB,https://smart-lab.ru/q/YKEN/f/y/
YKEN,2025,net_debt,net_debt_mln,,89100.0,,skip_empty(needs_mapping),RUB,https://smart-lab.ru/q/YKEN/f/y/
YKEN,2024,ocf,CFO_,-2520.0,-1390.0,0.552,flag(needs_mapping),RUB,https://smart-lab.ru/q/YKEN/f/y/
YKEN,2025,ocf,CFO_,,-10700.0,,skip_empty(needs_mapping),RUB,https://smart-lab.ru/q/YKEN/f/y/
YKEN,2024,capex,CAPEX_,10038.0,11200.0,1.116,flag(needs_mapping),RUB,https://smart-lab.ru/q/YKEN/f/y/
YKEN,2025,capex,CAPEX_,,8140.0,,skip_empty(needs_mapping),RUB,https://smart-lab.ru/q/YKEN/f/y/
YKEN,2024,fcf,FCF,-12558.0,-22000.0,1.752,flag(needs_mapping),RUB,https://smart-lab.ru/q/YKEN/f/y/
YKEN,2025,fcf,FCF,,-34400.0,,skip_empty(needs_mapping),RUB,https://smart-lab.ru/q/YKEN/f/y/
YKENP,2024,revenue,revenue_mln,33583.0,33600.0,1.001,match,RUB,https://smart-lab.ru/q/YKEN/f/y/ (←YKEN)
YKENP,2025,revenue,revenue_mln,,42100.0,,FILL,RUB,https://smart-lab.ru/q/YKEN/f/y/ (←YKEN)
YKENP,2024,net_income,net_profit_mln,-20263.0,-25300.0,1.249,FLAG_DIVERGENCE,RUB,https://smart-lab.ru/q/YKEN/f/y/ (←YKEN)
YKENP,2025,net_income,net_profit_mln,,-14400.0,,skip(col_diverged),RUB,https://smart-lab.ru/q/YKEN/f/y/ (←YKEN)
YKENP,2024,ebitda,ebitda_mln,-9836.0,-14700.0,1.495,flag(needs_mapping),RUB,https://smart-lab.ru/q/YKEN/f/y/ (←YKEN)
YKENP,2025,ebitda,ebitda_mln,,3330.0,,skip_empty(needs_mapping),RUB,https://smart-lab.ru/q/YKEN/f/y/ (←YKEN)
YKENP,2024,assets,assets_mln,71766.0,60000.0,0.836,FLAG_DIVERGENCE,RUB,https://smart-lab.ru/q/YKEN/f/y/ (←YKEN)
YKENP,2025,assets,assets_mln,,81900.0,,skip(col_diverged),RUB,https://smart-lab.ru/q/YKEN/f/y/ (←YKEN)
YKENP,2024,net_assets,equity_mln,-12172.0,-20200.0,1.66,flag(needs_mapping),RUB,https://smart-lab.ru/q/YKEN/f/y/ (←YKEN)
YKENP,2025,net_assets,equity_mln,,-31400.0,,skip_empty(needs_mapping),RUB,https://smart-lab.ru/q/YKEN/f/y/ (←YKEN)
YKENP,2024,debt,total_debt_mln,,58700.0,,skip_empty(needs_mapping),RUB,https://smart-lab.ru/q/YKEN/f/y/ (←YKEN)
YKENP,2025,debt,total_debt_mln,,90400.0,,skip_empty(needs_mapping),RUB,https://smart-lab.ru/q/YKEN/f/y/ (←YKEN)
YKENP,2024,net_debt,net_debt_mln,71034.0,58200.0,0.819,flag(needs_mapping),RUB,https://smart-lab.ru/q/YKEN/f/y/ (←YKEN)
YKENP,2025,net_debt,net_debt_mln,,89100.0,,skip_empty(needs_mapping),RUB,https://smart-lab.ru/q/YKEN/f/y/ (←YKEN)
YKENP,2024,ocf,CFO_,-2520.0,-1390.0,0.552,flag(needs_mapping),RUB,https://smart-lab.ru/q/YKEN/f/y/ (←YKEN)
YKENP,2025,ocf,CFO_,,-10700.0,,skip_empty(needs_mapping),RUB,https://smart-lab.ru/q/YKEN/f/y/ (←YKEN)
YKENP,2024,capex,CAPEX_,10038.0,11200.0,1.116,flag(needs_mapping),RUB,https://smart-lab.ru/q/YKEN/f/y/ (←YKEN)
YKENP,2025,capex,CAPEX_,,8140.0,,skip_empty(needs_mapping),RUB,https://smart-lab.ru/q/YKEN/f/y/ (←YKEN)
YKENP,2024,fcf,FCF,-12558.0,-22000.0,1.752,flag(needs_mapping),RUB,https://smart-lab.ru/q/YKEN/f/y/ (←YKEN)
YKENP,2025,fcf,FCF,,-34400.0,,skip_empty(needs_mapping),RUB,https://smart-lab.ru/q/YKEN/f/y/ (←YKEN)
YNDX,2024,revenue,revenue_mln,197407.7,1095000.0,5.547,flag(unit_mismatch),RUB,https://smart-lab.ru/q/YDEX/f/y/
YNDX,2025,revenue,revenue_mln,,1441000.0,,"skip(unit:cur=RUB,med=2.99)",RUB,https://smart-lab.ru/q/YDEX/f/y/
YNDX,2024,net_income,net_profit_mln,100900.0,100900.0,1.0,flag(unit_mismatch),RUB,https://smart-lab.ru/q/YDEX/f/y/
YNDX,2025,net_income,net_profit_mln,,141400.0,,"skip(unit:cur=RUB,med=2.99)",RUB,https://smart-lab.ru/q/YDEX/f/y/
YNDX,2024,ebitda,ebitda_mln,188600.0,188600.0,1.0,flag(unit_mismatch),RUB,https://smart-lab.ru/q/YDEX/f/y/
YNDX,2025,ebitda,ebitda_mln,,280800.0,,skip_empty(needs_mapping),RUB,https://smart-lab.ru/q/YDEX/f/y/
YNDX,2024,assets,assets_mln,366722.2,1098000.0,2.994,flag(unit_mismatch),RUB,https://smart-lab.ru/q/YDEX/f/y/
YNDX,2025,assets,assets_mln,,1368000.0,,"skip(unit:cur=RUB,med=2.99)",RUB,https://smart-lab.ru/q/YDEX/f/y/
YNDX,2024,net_assets,equity_mln,293800.0,293800.0,1.0,flag(unit_mismatch),RUB,https://smart-lab.ru/q/YDEX/f/y/
YNDX,2025,net_assets,equity_mln,,351200.0,,skip_empty(needs_mapping),RUB,https://smart-lab.ru/q/YDEX/f/y/
YNDX,2024,debt,total_debt_mln,296100.0,368100.0,1.243,flag(unit_mismatch),RUB,https://smart-lab.ru/q/YDEX/f/y/
YNDX,2025,debt,total_debt_mln,,537200.0,,skip_empty(needs_mapping),RUB,https://smart-lab.ru/q/YDEX/f/y/
YNDX,2024,net_debt,net_debt_mln,83600.0,82200.0,0.983,flag(unit_mismatch),RUB,https://smart-lab.ru/q/YDEX/f/y/
YNDX,2025,net_debt,net_debt_mln,,129500.0,,skip_empty(needs_mapping),RUB,https://smart-lab.ru/q/YDEX/f/y/
YNDX,2024,ocf,CFO_,203185.0,203200.0,1.0,flag(unit_mismatch),RUB,https://smart-lab.ru/q/YDEX/f/y/
YNDX,2025,ocf,CFO_,,282300.0,,skip_empty(needs_mapping),RUB,https://smart-lab.ru/q/YDEX/f/y/
YNDX,2024,capex,CAPEX_,124624.0,124600.0,1.0,flag(unit_mismatch),RUB,https://smart-lab.ru/q/YDEX/f/y/
YNDX,2025,capex,CAPEX_,,145900.0,,skip_empty(needs_mapping),RUB,https://smart-lab.ru/q/YDEX/f/y/
YNDX,2024,fcf,FCF,78561.0,48900.0,0.622,flag(unit_mismatch),RUB,https://smart-lab.ru/q/YDEX/f/y/
YNDX,2025,fcf,FCF,,109700.0,,skip_empty(needs_mapping),RUB,https://smart-lab.ru/q/YDEX/f/y/
YRSB,2024,revenue,revenue_mln,20199.6,20200.0,1.0,match,RUB,https://smart-lab.ru/q/YRSB/f/y/
YRSB,2025,revenue,revenue_mln,23000.0,23000.0,1.0,match,RUB,https://smart-lab.ru/q/YRSB/f/y/
YRSB,2024,net_income,net_profit_mln,520.9,520.0,0.998,match,RUB,https://smart-lab.ru/q/YRSB/f/y/
YRSB,2025,net_income,net_profit_mln,863.0,863.0,1.0,match,RUB,https://smart-lab.ru/q/YRSB/f/y/
YRSB,2024,ebitda,ebitda_mln,950.7,950.0,0.999,flag(needs_mapping),RUB,https://smart-lab.ru/q/YRSB/f/y/
YRSB,2025,ebitda,ebitda_mln,,1710.0,,skip_empty(needs_mapping),RUB,https://smart-lab.ru/q/YRSB/f/y/
YRSB,2024,assets,assets_mln,5480.3,5420.0,0.989,match,RUB,https://smart-lab.ru/q/YRSB/f/y/
YRSB,2025,assets,assets_mln,6050.0,6050.0,1.0,match,RUB,https://smart-lab.ru/q/YRSB/f/y/
YRSB,2024,net_assets,equity_mln,451.9,452.0,1.0,flag(needs_mapping),RUB,https://smart-lab.ru/q/YRSB/f/y/
YRSB,2025,net_assets,equity_mln,,1550.0,,skip_empty(needs_mapping),RUB,https://smart-lab.ru/q/YRSB/f/y/
YRSB,2024,debt,total_debt_mln,,1000.0,,skip_empty(needs_mapping),RUB,https://smart-lab.ru/q/YRSB/f/y/
YRSB,2025,debt,total_debt_mln,,600.0,,skip_empty(needs_mapping),RUB,https://smart-lab.ru/q/YRSB/f/y/
YRSB,2024,net_debt,net_debt_mln,373.5,370.0,0.991,flag(needs_mapping),RUB,https://smart-lab.ru/q/YRSB/f/y/
YRSB,2025,net_debt,net_debt_mln,,190.0,,skip_empty(needs_mapping),RUB,https://smart-lab.ru/q/YRSB/f/y/
YRSB,2024,ocf,CFO_,587.0,587.0,1.0,flag(needs_mapping),RUB,https://smart-lab.ru/q/YRSB/f/y/
YRSB,2025,ocf,CFO_,,320.0,,skip_empty(needs_mapping),RUB,https://smart-lab.ru/q/YRSB/f/y/
YRSB,2024,capex,CAPEX_,146.1,146.0,1.0,flag(needs_mapping),RUB,https://smart-lab.ru/q/YRSB/f/y/
YRSB,2025,capex,CAPEX_,,131.0,,skip_empty(needs_mapping),RUB,https://smart-lab.ru/q/YRSB/f/y/
YRSB,2024,fcf,FCF,440.9,473.0,1.073,flag(needs_mapping),RUB,https://smart-lab.ru/q/YRSB/f/y/
YRSB,2025,fcf,FCF,,189.0,,skip_empty(needs_mapping),RUB,https://smart-lab.ru/q/YRSB/f/y/
YRSBP,2024,revenue,revenue_mln,20199.6,20200.0,1.0,match,RUB,https://smart-lab.ru/q/YRSB/f/y/ (←YRSB)
YRSBP,2025,revenue,revenue_mln,,23000.0,,FILL,RUB,https://smart-lab.ru/q/YRSB/f/y/ (←YRSB)
YRSBP,2024,net_income,net_profit_mln,520.9,520.0,0.998,match,RUB,https://smart-lab.ru/q/YRSB/f/y/ (←YRSB)
YRSBP,2025,net_income,net_profit_mln,,863.0,,FILL,RUB,https://smart-lab.ru/q/YRSB/f/y/ (←YRSB)
YRSBP,2024,ebitda,ebitda_mln,950.7,950.0,0.999,flag(needs_mapping),RUB,https://smart-lab.ru/q/YRSB/f/y/ (←YRSB)
YRSBP,2025,ebitda,ebitda_mln,,1710.0,,skip_empty(needs_mapping),RUB,https://smart-lab.ru/q/YRSB/f/y/ (←YRSB)
YRSBP,2024,assets,assets_mln,5480.3,5420.0,0.989,match,RUB,https://smart-lab.ru/q/YRSB/f/y/ (←YRSB)
YRSBP,2025,assets,assets_mln,,6050.0,,FILL,RUB,https://smart-lab.ru/q/YRSB/f/y/ (←YRSB)
YRSBP,2024,net_assets,equity_mln,451.9,452.0,1.0,flag(needs_mapping),RUB,https://smart-lab.ru/q/YRSB/f/y/ (←YRSB)
YRSBP,2025,net_assets,equity_mln,,1550.0,,skip_empty(needs_mapping),RUB,https://smart-lab.ru/q/YRSB/f/y/ (←YRSB)
YRSBP,2024,debt,total_debt_mln,,1000.0,,skip_empty(needs_mapping),RUB,https://smart-lab.ru/q/YRSB/f/y/ (←YRSB)
YRSBP,2025,debt,total_debt_mln,,600.0,,skip_empty(needs_mapping),RUB,https://smart-lab.ru/q/YRSB/f/y/ (←YRSB)
YRSBP,2024,net_debt,net_debt_mln,373.5,370.0,0.991,flag(needs_mapping),RUB,https://smart-lab.ru/q/YRSB/f/y/ (←YRSB)
YRSBP,2025,net_debt,net_debt_mln,,190.0,,skip_empty(needs_mapping),RUB,https://smart-lab.ru/q/YRSB/f/y/ (←YRSB)
YRSBP,2024,ocf,CFO_,587.0,587.0,1.0,flag(needs_mapping),RUB,https://smart-lab.ru/q/YRSB/f/y/ (←YRSB)
YRSBP,2025,ocf,CFO_,,320.0,,skip_empty(needs_mapping),RUB,https://smart-lab.ru/q/YRSB/f/y/ (←YRSB)
YRSBP,2024,capex,CAPEX_,146.1,146.0,1.0,flag(needs_mapping),RUB,https://smart-lab.ru/q/YRSB/f/y/ (←YRSB)
YRSBP,2025,capex,CAPEX_,,131.0,,skip_empty(needs_mapping),RUB,https://smart-lab.ru/q/YRSB/f/y/ (←YRSB)
YRSBP,2024,fcf,FCF,440.9,473.0,1.073,flag(needs_mapping),RUB,https://smart-lab.ru/q/YRSB/f/y/ (←YRSB)
YRSBP,2025,fcf,FCF,,189.0,,skip_empty(needs_mapping),RUB,https://smart-lab.ru/q/YRSB/f/y/ (←YRSB)
ZAYM,2024,net_income,net_profit_mln,3929.8,3930.0,1.0,match,RUB,https://smart-lab.ru/q/ZAYM/f/y/
ZAYM,2025,net_income,net_profit_mln,4350.0,4350.0,1.0,match,RUB,https://smart-lab.ru/q/ZAYM/f/y/
ZAYM,2024,assets,assets_mln,16464.1,16500.0,1.002,match,RUB,https://smart-lab.ru/q/ZAYM/f/y/
ZAYM,2025,assets,assets_mln,17800.0,17800.0,1.0,match,RUB,https://smart-lab.ru/q/ZAYM/f/y/
ZAYM,2024,net_assets,equity_mln,12636.6,12600.0,0.997,flag(needs_mapping),RUB,https://smart-lab.ru/q/ZAYM/f/y/
ZAYM,2025,net_assets,equity_mln,,14500.0,,skip_empty(needs_mapping),RUB,https://smart-lab.ru/q/ZAYM/f/y/
ZAYM,2024,debt,total_debt_mln,40.0,40.0,1.0,flag(needs_mapping),RUB,https://smart-lab.ru/q/ZAYM/f/y/
ZAYM,2025,debt,total_debt_mln,,5.0,,skip_empty(needs_mapping),RUB,https://smart-lab.ru/q/ZAYM/f/y/
ZAYM,2024,net_debt,net_debt_mln,-1860.0,-1860.0,1.0,flag(needs_mapping),RUB,https://smart-lab.ru/q/ZAYM/f/y/
ZAYM,2025,net_debt,net_debt_mln,,-3270.0,,skip_empty(needs_mapping),RUB,https://smart-lab.ru/q/ZAYM/f/y/
ZAYM,2024,ocf,CFO_,2990.0,2990.0,1.0,flag(needs_mapping),RUB,https://smart-lab.ru/q/ZAYM/f/y/
ZAYM,2025,ocf,CFO_,,6000.0,,skip_empty(needs_mapping),RUB,https://smart-lab.ru/q/ZAYM/f/y/
ZAYM,2024,capex,CAPEX_,331.2,331.0,0.999,flag(needs_mapping),RUB,https://smart-lab.ru/q/ZAYM/f/y/
ZAYM,2025,capex,CAPEX_,,878.0,,skip_empty(needs_mapping),RUB,https://smart-lab.ru/q/ZAYM/f/y/
ZILL,2024,revenue,revenue_mln,4475.7,5020.0,1.122,FLAG_DIVERGENCE,RUB,https://smart-lab.ru/q/ZILL/f/y/
ZILL,2025,revenue,revenue_mln,,10700.0,,skip(col_diverged),RUB,https://smart-lab.ru/q/ZILL/f/y/
ZILL,2024,net_income,net_profit_mln,3994.1,3920.0,0.981,match,RUB,https://smart-lab.ru/q/ZILL/f/y/
ZILL,2025,net_income,net_profit_mln,,3400.0,,FILL,RUB,https://smart-lab.ru/q/ZILL/f/y/
ZILL,2024,ebitda,ebitda_mln,4360.4,3620.0,0.83,flag(needs_mapping),RUB,https://smart-lab.ru/q/ZILL/f/y/
ZILL,2025,ebitda,ebitda_mln,,6060.0,,skip_empty(needs_mapping),RUB,https://smart-lab.ru/q/ZILL/f/y/
ZILL,2024,assets,assets_mln,72473.5,72500.0,1.0,match,RUB,https://smart-lab.ru/q/ZILL/f/y/
ZILL,2025,assets,assets_mln,,103300.0,,FILL,RUB,https://smart-lab.ru/q/ZILL/f/y/
ZILL,2024,net_assets,equity_mln,42314.1,39400.0,0.931,flag(needs_mapping),RUB,https://smart-lab.ru/q/ZILL/f/y/
ZILL,2025,net_assets,equity_mln,,41000.0,,skip_empty(needs_mapping),RUB,https://smart-lab.ru/q/ZILL/f/y/
ZILL,2024,debt,total_debt_mln,,195.0,,skip_empty(needs_mapping),RUB,https://smart-lab.ru/q/ZILL/f/y/
ZILL,2025,debt,total_debt_mln,,0.0,,skip_empty(needs_mapping),RUB,https://smart-lab.ru/q/ZILL/f/y/
ZILL,2024,net_debt,net_debt_mln,-10403.0,-25400.0,2.442,flag(needs_mapping),RUB,https://smart-lab.ru/q/ZILL/f/y/
ZILL,2025,net_debt,net_debt_mln,,-25300.0,,skip_empty(needs_mapping),RUB,https://smart-lab.ru/q/ZILL/f/y/
ZILL,2024,ocf,CFO_,8790.7,14800.0,1.684,flag(needs_mapping),RUB,https://smart-lab.ru/q/ZILL/f/y/
ZILL,2025,ocf,CFO_,,7850.0,,skip_empty(needs_mapping),RUB,https://smart-lab.ru/q/ZILL/f/y/
ZILL,2024,capex,CAPEX_,0.8,1800.0,2130.178,flag(needs_mapping),RUB,https://smart-lab.ru/q/ZILL/f/y/
ZILL,2025,capex,CAPEX_,,8200.0,,skip_empty(needs_mapping),RUB,https://smart-lab.ru/q/ZILL/f/y/
ZILL,2024,fcf,FCF,8789.9,13200.0,1.502,flag(needs_mapping),RUB,https://smart-lab.ru/q/ZILL/f/y/
ZILL,2025,fcf,FCF,,-227.0,,skip_empty(needs_mapping),RUB,https://smart-lab.ru/q/ZILL/f/y/
ZVEZ,2024,revenue,revenue_mln,3561.0,3560.0,1.0,match,RUB,https://smart-lab.ru/q/ZVEZ/f/y/
ZVEZ,2025,revenue,revenue_mln,3590.0,3590.0,1.0,match,RUB,https://smart-lab.ru/q/ZVEZ/f/y/
ZVEZ,2024,net_income,net_profit_mln,-453.3,-453.0,0.999,match,RUB,https://smart-lab.ru/q/ZVEZ/f/y/
ZVEZ,2025,net_income,net_profit_mln,-258.0,-258.0,1.0,match,RUB,https://smart-lab.ru/q/ZVEZ/f/y/
ZVEZ,2024,ebitda,ebitda_mln,260.0,260.0,1.0,flag(needs_mapping),RUB,https://smart-lab.ru/q/ZVEZ/f/y/
ZVEZ,2025,ebitda,ebitda_mln,,400.0,,skip_empty(needs_mapping),RUB,https://smart-lab.ru/q/ZVEZ/f/y/
ZVEZ,2024,assets,assets_mln,11247.4,11200.0,0.996,match,RUB,https://smart-lab.ru/q/ZVEZ/f/y/
ZVEZ,2025,assets,assets_mln,10900.0,10900.0,1.0,match,RUB,https://smart-lab.ru/q/ZVEZ/f/y/
ZVEZ,2024,net_assets,equity_mln,-3015.0,-3900.0,1.294,flag(needs_mapping),RUB,https://smart-lab.ru/q/ZVEZ/f/y/
ZVEZ,2025,net_assets,equity_mln,,-4150.0,,skip_empty(needs_mapping),RUB,https://smart-lab.ru/q/ZVEZ/f/y/
ZVEZ,2024,debt,total_debt_mln,,4170.0,,skip_empty(needs_mapping),RUB,https://smart-lab.ru/q/ZVEZ/f/y/
ZVEZ,2025,debt,total_debt_mln,,4750.0,,skip_empty(needs_mapping),RUB,https://smart-lab.ru/q/ZVEZ/f/y/
ZVEZ,2024,net_debt,net_debt_mln,4211.5,4100.0,0.974,flag(needs_mapping),RUB,https://smart-lab.ru/q/ZVEZ/f/y/
ZVEZ,2025,net_debt,net_debt_mln,,4540.0,,skip_empty(needs_mapping),RUB,https://smart-lab.ru/q/ZVEZ/f/y/
ZVEZ,2024,ocf,CFO_,416.0,-625.0,-1.502,flag(needs_mapping),RUB,https://smart-lab.ru/q/ZVEZ/f/y/
ZVEZ,2025,ocf,CFO_,,-483.0,,skip_empty(needs_mapping),RUB,https://smart-lab.ru/q/ZVEZ/f/y/
ZVEZ,2024,capex,CAPEX_,196.0,78.0,0.398,flag(needs_mapping),RUB,https://smart-lab.ru/q/ZVEZ/f/y/
ZVEZ,2025,capex,CAPEX_,,8.0,,skip_empty(needs_mapping),RUB,https://smart-lab.ru/q/ZVEZ/f/y/
ZVEZ,2024,fcf,FCF,220.0,-703.0,-3.195,flag(needs_mapping),RUB,https://smart-lab.ru/q/ZVEZ/f/y/
ZVEZ,2025,fcf,FCF,,-491.0,,skip_empty(needs_mapping),RUB,https://smart-lab.ru/q/ZVEZ/f/y/
